2026-05-31 23:00:21.548 [main] INFO  c.H.HospitalManagementApplicationTests - Starting HospitalManagementApplicationTests using Java 21.0.10 with PID 16668 (started by ELCOT in D:\Projects\Backend\Hospital)
2026-05-31 23:00:21.564 [main] DEBUG c.H.HospitalManagementApplicationTests - Running with Spring Boot v4.0.5, Spring v7.0.6
2026-05-31 23:00:21.567 [main] INFO  c.H.HospitalManagementApplicationTests - No active profile set, falling back to 1 default profile: "default"
2026-05-31 23:00:25.839 [main] INFO  com.zaxxer.hikari.HikariDataSource - HikariPool-1 - Starting...
2026-05-31 23:00:29.516 [main] INFO  com.zaxxer.hikari.HikariDataSource - HikariPool-1 - Starting...
2026-05-31 23:00:30.564 [main] WARN  org.hibernate.orm.jdbc.error - HHH000247: ErrorCode: 1049, SQLState: 42000
2026-05-31 23:00:30.566 [main] WARN  org.hibernate.orm.jdbc.error - Unknown database 'hos3'
2026-05-31 23:00:30.566 [main] WARN  org.hibernate.orm.jdbc - HHH100046: Could not obtain connection to query JDBC database metadata
org.hibernate.exception.SQLGrammarException: Unable to obtain isolated JDBC connection [Unknown database 'hos3'] [n/a]
	at org.hibernate.exception.internal.SQLStateConversionDelegate.convert(SQLStateConversionDelegate.java:63)
	at org.hibernate.exception.internal.StandardSQLExceptionConverter.convert(StandardSQLExceptionConverter.java:34)
	at org.hibernate.engine.jdbc.spi.SqlExceptionHelper.convert(SqlExceptionHelper.java:115)
	at org.hibernate.engine.jdbc.spi.SqlExceptionHelper.convert(SqlExceptionHelper.java:101)
	at org.hibernate.resource.transaction.backend.jdbc.internal.JdbcIsolationDelegate.delegateWork(JdbcIsolationDelegate.java:51)
	at org.hibernate.engine.jdbc.env.internal.JdbcEnvironmentInitiator.getJdbcEnvironmentUsingJdbcMetadata(JdbcEnvironmentInitiator.java:366)
	at org.hibernate.engine.jdbc.env.internal.JdbcEnvironmentInitiator.getJdbcEnvironment(JdbcEnvironmentInitiator.java:143)
	at org.hibernate.engine.jdbc.env.internal.JdbcEnvironmentInitiator.initiateService(JdbcEnvironmentInitiator.java:120)
	at org.hibernate.engine.jdbc.env.internal.JdbcEnvironmentInitiator.initiateService(JdbcEnvironmentInitiator.java:80)
	at org.hibernate.boot.registry.internal.StandardServiceRegistryImpl.initiateService(StandardServiceRegistryImpl.java:133)
	at org.hibernate.service.internal.AbstractServiceRegistryImpl.createService(AbstractServiceRegistryImpl.java:260)
	at org.hibernate.service.internal.AbstractServiceRegistryImpl.initializeService(AbstractServiceRegistryImpl.java:235)
	at org.hibernate.service.internal.AbstractServiceRegistryImpl.getService(AbstractServiceRegistryImpl.java:212)
	at org.hibernate.boot.model.relational.Database.<init>(Database.java:44)
	at org.hibernate.boot.internal.InFlightMetadataCollectorImpl.getDatabase(InFlightMetadataCollectorImpl.java:251)
	at org.hibernate.boot.internal.InFlightMetadataCollectorImpl.<init>(InFlightMetadataCollectorImpl.java:203)
	at org.hibernate.boot.model.process.spi.MetadataBuildingProcess.complete(MetadataBuildingProcess.java:172)
	at org.hibernate.jpa.boot.internal.EntityManagerFactoryBuilderImpl.metadata(EntityManagerFactoryBuilderImpl.java:1392)
	at org.hibernate.jpa.boot.internal.EntityManagerFactoryBuilderImpl.populateSessionFactoryBuilder(EntityManagerFactoryBuilderImpl.java:1472)
	at org.hibernate.jpa.boot.internal.EntityManagerFactoryBuilderImpl.build(EntityManagerFactoryBuilderImpl.java:1454)
	at org.springframework.orm.jpa.vendor.SpringHibernateJpaPersistenceProvider.createContainerEntityManagerFactory(SpringHibernateJpaPersistenceProvider.java:93)
	at org.springframework.orm.jpa.LocalContainerEntityManagerFactoryBean.createNativeEntityManagerFactory(LocalContainerEntityManagerFactoryBean.java:443)
	at org.springframework.orm.jpa.AbstractEntityManagerFactoryBean.buildNativeEntityManagerFactory(AbstractEntityManagerFactoryBean.java:436)
	at org.springframework.orm.jpa.AbstractEntityManagerFactoryBean.afterPropertiesSet(AbstractEntityManagerFactoryBean.java:411)
	at org.springframework.orm.jpa.LocalContainerEntityManagerFactoryBean.afterPropertiesSet(LocalContainerEntityManagerFactoryBean.java:419)
	at org.springframework.beans.factory.support.AbstractAutowireCapableBeanFactory.invokeInitMethods(AbstractAutowireCapableBeanFactory.java:1864)
	at org.springframework.beans.factory.support.AbstractAutowireCapableBeanFactory.initializeBean(AbstractAutowireCapableBeanFactory.java:1813)
	at org.springframework.beans.factory.support.AbstractAutowireCapableBeanFactory.doCreateBean(AbstractAutowireCapableBeanFactory.java:603)
	at org.springframework.beans.factory.support.AbstractAutowireCapableBeanFactory.createBean(AbstractAutowireCapableBeanFactory.java:525)
	at org.springframework.beans.factory.support.AbstractBeanFactory.lambda$doGetBean$0(AbstractBeanFactory.java:333)
	at org.springframework.beans.factory.support.DefaultSingletonBeanRegistry.getSingleton(DefaultSingletonBeanRegistry.java:371)
	at org.springframework.beans.factory.support.AbstractBeanFactory.doGetBean(AbstractBeanFactory.java:331)
	at org.springframework.beans.factory.support.AbstractBeanFactory.getBean(AbstractBeanFactory.java:201)
	at org.springframework.context.support.AbstractApplicationContext.finishBeanFactoryInitialization(AbstractApplicationContext.java:977)
	at org.springframework.context.support.AbstractApplicationContext.refresh(AbstractApplicationContext.java:621)
	at org.springframework.boot.SpringApplication.refresh(SpringApplication.java:756)
	at org.springframework.boot.SpringApplication.refreshContext(SpringApplication.java:445)
	at org.springframework.boot.SpringApplication.run(SpringApplication.java:321)
	at org.springframework.boot.test.context.SpringBootContextLoader.lambda$loadContext$2(SpringBootContextLoader.java:155)
	at org.springframework.util.function.ThrowingSupplier.get(ThrowingSupplier.java:58)
	at org.springframework.util.function.ThrowingSupplier.get(ThrowingSupplier.java:46)
	at org.springframework.boot.SpringApplication.withHook(SpringApplication.java:1465)
	at org.springframework.boot.test.context.SpringBootContextLoader$ContextLoaderHook.run(SpringBootContextLoader.java:600)
	at org.springframework.boot.test.context.SpringBootContextLoader.loadContext(SpringBootContextLoader.java:155)
	at org.springframework.boot.test.context.SpringBootContextLoader.loadContext(SpringBootContextLoader.java:114)
	at org.springframework.test.context.cache.DefaultCacheAwareContextLoaderDelegate.loadContextInternal(DefaultCacheAwareContextLoaderDelegate.java:247)
	at org.springframework.test.context.cache.DefaultCacheAwareContextLoaderDelegate.lambda$loadContext$0(DefaultCacheAwareContextLoaderDelegate.java:167)
	at org.springframework.test.context.cache.DefaultContextCache.put(DefaultContextCache.java:214)
	at org.springframework.test.context.cache.DefaultCacheAwareContextLoaderDelegate.loadContext(DefaultCacheAwareContextLoaderDelegate.java:160)
	at org.springframework.test.context.support.DefaultTestContext.getApplicationContext(DefaultTestContext.java:128)
	at org.springframework.test.context.web.ServletTestExecutionListener.setUpRequestContextIfNecessary(ServletTestExecutionListener.java:200)
	at org.springframework.test.context.web.ServletTestExecutionListener.prepareTestInstance(ServletTestExecutionListener.java:139)
	at org.springframework.test.context.TestContextManager.prepareTestInstance(TestContextManager.java:260)
	at org.springframework.test.context.junit.jupiter.SpringExtension.postProcessTestInstance(SpringExtension.java:210)
	at org.junit.jupiter.engine.descriptor.ClassBasedTestDescriptor.lambda$invokeTestInstancePostProcessors$1(ClassBasedTestDescriptor.java:423)
	at org.junit.jupiter.engine.descriptor.ClassBasedTestDescriptor.executeAndMaskThrowable(ClassBasedTestDescriptor.java:428)
	at org.junit.jupiter.engine.descriptor.ClassBasedTestDescriptor.lambda$invokeTestInstancePostProcessors$0(ClassBasedTestDescriptor.java:422)
	at java.base/java.util.stream.ForEachOps$ForEachOp$OfRef.accept(ForEachOps.java:184)
	at java.base/java.util.stream.ReferencePipeline$3$1.accept(ReferencePipeline.java:197)
	at java.base/java.util.stream.ReferencePipeline$2$1.accept(ReferencePipeline.java:179)
	at java.base/java.util.stream.ReferencePipeline$3$1.accept(ReferencePipeline.java:197)
	at java.base/java.util.ArrayList$ArrayListSpliterator.forEachRemaining(ArrayList.java:1708)
	at java.base/java.util.stream.AbstractPipeline.copyInto(AbstractPipeline.java:509)
	at java.base/java.util.stream.AbstractPipeline.wrapAndCopyInto(AbstractPipeline.java:499)
	at java.base/java.util.stream.ForEachOps$ForEachOp.evaluateSequential(ForEachOps.java:151)
	at java.base/java.util.stream.ForEachOps$ForEachOp$OfRef.evaluateSequential(ForEachOps.java:174)
	at java.base/java.util.stream.AbstractPipeline.evaluate(AbstractPipeline.java:234)
	at java.base/java.util.stream.ReferencePipeline.forEach(ReferencePipeline.java:596)
	at org.junit.jupiter.engine.descriptor.ClassBasedTestDescriptor.invokeTestInstancePostProcessors(ClassBasedTestDescriptor.java:422)
	at org.junit.jupiter.engine.descriptor.ClassBasedTestDescriptor.lambda$instantiateAndPostProcessTestInstance$0(ClassBasedTestDescriptor.java:334)
	at org.junit.platform.engine.support.hierarchical.ThrowableCollector.execute(ThrowableCollector.java:74)
	at org.junit.jupiter.engine.descriptor.ClassBasedTestDescriptor.instantiateAndPostProcessTestInstance(ClassBasedTestDescriptor.java:333)
	at org.junit.jupiter.engine.descriptor.ClassBasedTestDescriptor.lambda$testInstancesProvider$1(ClassBasedTestDescriptor.java:322)
	at java.base/java.util.Optional.orElseGet(Optional.java:364)
	at org.junit.jupiter.engine.descriptor.ClassBasedTestDescriptor.lambda$testInstancesProvider$0(ClassBasedTestDescriptor.java:321)
	at org.junit.jupiter.engine.execution.TestInstancesProvider.getTestInstances(TestInstancesProvider.java:27)
	at org.junit.jupiter.engine.descriptor.TestMethodTestDescriptor.lambda$prepare$0(TestMethodTestDescriptor.java:127)
	at org.junit.platform.engine.support.hierarchical.ThrowableCollector.execute(ThrowableCollector.java:74)
	at org.junit.jupiter.engine.descriptor.TestMethodTestDescriptor.prepare(TestMethodTestDescriptor.java:126)
	at org.junit.jupiter.engine.descriptor.TestMethodTestDescriptor.prepare(TestMethodTestDescriptor.java:70)
	at org.junit.platform.engine.support.hierarchical.NodeTestTask.lambda$prepare$0(NodeTestTask.java:144)
	at org.junit.platform.engine.support.hierarchical.ThrowableCollector.execute(ThrowableCollector.java:74)
	at org.junit.platform.engine.support.hierarchical.NodeTestTask.prepare(NodeTestTask.java:144)
	at org.junit.platform.engine.support.hierarchical.NodeTestTask.execute(NodeTestTask.java:110)
	at java.base/java.util.ArrayList.forEach(ArrayList.java:1596)
	at org.junit.platform.engine.support.hierarchical.SameThreadHierarchicalTestExecutorService.invokeAll(SameThreadHierarchicalTestExecutorService.java:42)
	at org.junit.platform.engine.support.hierarchical.NodeTestTask.lambda$executeRecursively$2(NodeTestTask.java:180)
	at org.junit.platform.engine.support.hierarchical.ThrowableCollector.execute(ThrowableCollector.java:74)
	at org.junit.platform.engine.support.hierarchical.NodeTestTask.lambda$executeRecursively$1(NodeTestTask.java:166)
	at org.junit.platform.engine.support.hierarchical.Node.around(Node.java:138)
	at org.junit.platform.engine.support.hierarchical.NodeTestTask.lambda$executeRecursively$0(NodeTestTask.java:164)
	at org.junit.platform.engine.support.hierarchical.ThrowableCollector.execute(ThrowableCollector.java:74)
	at org.junit.platform.engine.support.hierarchical.NodeTestTask.executeRecursively(NodeTestTask.java:163)
	at org.junit.platform.engine.support.hierarchical.NodeTestTask.execute(NodeTestTask.java:116)
	at java.base/java.util.ArrayList.forEach(ArrayList.java:1596)
	at org.junit.platform.engine.support.hierarchical.SameThreadHierarchicalTestExecutorService.invokeAll(SameThreadHierarchicalTestExecutorService.java:42)
	at org.junit.platform.engine.support.hierarchical.NodeTestTask.lambda$executeRecursively$2(NodeTestTask.java:180)
	at org.junit.platform.engine.support.hierarchical.ThrowableCollector.execute(ThrowableCollector.java:74)
	at org.junit.platform.engine.support.hierarchical.NodeTestTask.lambda$executeRecursively$1(NodeTestTask.java:166)
	at org.junit.platform.engine.support.hierarchical.Node.around(Node.java:138)
	at org.junit.platform.engine.support.hierarchical.NodeTestTask.lambda$executeRecursively$0(NodeTestTask.java:164)
	at org.junit.platform.engine.support.hierarchical.ThrowableCollector.execute(ThrowableCollector.java:74)
	at org.junit.platform.engine.support.hierarchical.NodeTestTask.executeRecursively(NodeTestTask.java:163)
	at org.junit.platform.engine.support.hierarchical.NodeTestTask.execute(NodeTestTask.java:116)
	at org.junit.platform.engine.support.hierarchical.SameThreadHierarchicalTestExecutorService.submit(SameThreadHierarchicalTestExecutorService.java:36)
	at org.junit.platform.engine.support.hierarchical.HierarchicalTestExecutor.execute(HierarchicalTestExecutor.java:52)
	at org.junit.platform.engine.support.hierarchical.HierarchicalTestEngine.execute(HierarchicalTestEngine.java:58)
	at org.junit.platform.launcher.core.EngineExecutionOrchestrator.executeEngine(EngineExecutionOrchestrator.java:246)
	at org.junit.platform.launcher.core.EngineExecutionOrchestrator.failOrExecuteEngine(EngineExecutionOrchestrator.java:218)
	at org.junit.platform.launcher.core.EngineExecutionOrchestrator.execute(EngineExecutionOrchestrator.java:179)
	at org.junit.platform.launcher.core.EngineExecutionOrchestrator.execute(EngineExecutionOrchestrator.java:108)
	at org.junit.platform.launcher.core.EngineExecutionOrchestrator.lambda$execute$0(EngineExecutionOrchestrator.java:66)
	at org.junit.platform.launcher.core.EngineExecutionOrchestrator.withInterceptedStreams(EngineExecutionOrchestrator.java:157)
	at org.junit.platform.launcher.core.EngineExecutionOrchestrator.execute(EngineExecutionOrchestrator.java:65)
	at org.junit.platform.launcher.core.DefaultLauncher.execute(DefaultLauncher.java:125)
	at org.junit.platform.launcher.core.DefaultLauncher.execute(DefaultLauncher.java:114)
	at org.junit.platform.launcher.core.DelegatingLauncher.execute(DelegatingLauncher.java:58)
	at org.junit.platform.launcher.core.InterceptingLauncher.lambda$execute$2(InterceptingLauncher.java:57)
	at org.junit.platform.launcher.core.ClasspathAlignmentCheckingLauncherInterceptor.intercept(ClasspathAlignmentCheckingLauncherInterceptor.java:25)
	at org.junit.platform.launcher.core.InterceptingLauncher.execute(InterceptingLauncher.java:56)
	at org.junit.platform.launcher.core.DelegatingLauncher.execute(DelegatingLauncher.java:58)
	at java.base/jdk.internal.reflect.DirectMethodHandleAccessor.invoke(DirectMethodHandleAccessor.java:103)
	at java.base/java.lang.reflect.Method.invoke(Method.java:580)
	at org.apache.maven.surefire.api.util.ReflectionUtils.invokeMethodWithArray(ReflectionUtils.java:125)
	at org.apache.maven.surefire.junitplatform.LauncherAdapter.executeWithCancellationToken(LauncherAdapter.java:68)
	at org.apache.maven.surefire.junitplatform.LauncherAdapter.execute(LauncherAdapter.java:54)
	at org.apache.maven.surefire.junitplatform.JUnitPlatformProvider.execute(JUnitPlatformProvider.java:203)
	at org.apache.maven.surefire.junitplatform.JUnitPlatformProvider.invokeAllTests(JUnitPlatformProvider.java:168)
	at org.apache.maven.surefire.junitplatform.JUnitPlatformProvider.invoke(JUnitPlatformProvider.java:136)
	at org.apache.maven.surefire.booter.ForkedBooter.runSuitesInProcess(ForkedBooter.java:385)
	at org.apache.maven.surefire.booter.ForkedBooter.execute(ForkedBooter.java:162)
	at org.apache.maven.surefire.booter.ForkedBooter.run(ForkedBooter.java:507)
	at org.apache.maven.surefire.booter.ForkedBooter.main(ForkedBooter.java:495)
Caused by: java.sql.SQLSyntaxErrorException: Unknown database 'hos3'
	at com.mysql.cj.jdbc.exceptions.SQLError.createSQLException(SQLError.java:112)
	at com.mysql.cj.jdbc.exceptions.SQLExceptionsMapping.translateException(SQLExceptionsMapping.java:114)
	at com.mysql.cj.jdbc.ConnectionImpl.createNewIO(ConnectionImpl.java:840)
	at com.mysql.cj.jdbc.ConnectionImpl.<init>(ConnectionImpl.java:416)
	at com.mysql.cj.jdbc.ConnectionImpl.getInstance(ConnectionImpl.java:237)
	at com.mysql.cj.jdbc.NonRegisteringDriver.connect(NonRegisteringDriver.java:180)
	at com.zaxxer.hikari.util.DriverDataSource.getConnection(DriverDataSource.java:144)
	at com.zaxxer.hikari.pool.PoolBase.newConnection(PoolBase.java:373)
	at com.zaxxer.hikari.pool.PoolBase.newPoolEntry(PoolBase.java:210)
	at com.zaxxer.hikari.pool.HikariPool.createPoolEntry(HikariPool.java:488)
	at com.zaxxer.hikari.pool.HikariPool.checkFailFast(HikariPool.java:576)
	at com.zaxxer.hikari.pool.HikariPool.<init>(HikariPool.java:97)
	at com.zaxxer.hikari.HikariDataSource.getConnection(HikariDataSource.java:111)
	at org.hibernate.engine.jdbc.connections.internal.DataSourceConnectionProvider.getConnection(DataSourceConnectionProvider.java:137)
	at org.hibernate.engine.jdbc.env.internal.JdbcEnvironmentInitiator$ConnectionProviderJdbcConnectionAccess.obtainConnection(JdbcEnvironmentInitiator.java:508)
	at org.hibernate.resource.transaction.backend.jdbc.internal.JdbcIsolationDelegate.delegateWork(JdbcIsolationDelegate.java:48)
	... 128 common frames omitted
2026-05-31 23:00:30.607 [main] WARN  org.hibernate.orm.deprecation - HHH90000025: MySQLDialect does not need to be specified explicitly using 'hibernate.dialect' (remove the property setting and it will be selected by default)
2026-05-31 23:00:33.074 [main] INFO  com.zaxxer.hikari.HikariDataSource - HikariPool-1 - Starting...
2026-05-31 23:00:34.101 [main] WARN  org.hibernate.orm.jdbc.error - HHH000247: ErrorCode: 1049, SQLState: 42000
2026-05-31 23:00:34.101 [main] WARN  org.hibernate.orm.jdbc.error - Unknown database 'hos3'
2026-05-31 23:00:34.107 [main] ERROR o.s.o.j.LocalContainerEntityManagerFactoryBean - Failed to initialize JPA EntityManagerFactory: Unable to build Hibernate SessionFactory  [persistence unit: default] ; nested exception is org.hibernate.exception.SQLGrammarException: Unable to open JDBC Connection for DDL execution [Unknown database 'hos3'] [n/a]
2026-05-31 23:00:34.112 [main] WARN  o.s.w.c.s.GenericWebApplicationContext - Exception encountered during context initialization - cancelling refresh attempt: org.springframework.beans.factory.BeanCreationException: Error creating bean with name 'entityManagerFactory' defined in class path resource [org/springframework/boot/hibernate/autoconfigure/HibernateJpaConfiguration.class]: Unable to build Hibernate SessionFactory  [persistence unit: default] ; nested exception is org.hibernate.exception.SQLGrammarException: Unable to open JDBC Connection for DDL execution [Unknown database 'hos3'] [n/a]
2026-05-31 23:00:34.207 [main] ERROR o.s.boot.SpringApplication - Application run failed
org.springframework.beans.factory.BeanCreationException: Error creating bean with name 'entityManagerFactory' defined in class path resource [org/springframework/boot/hibernate/autoconfigure/HibernateJpaConfiguration.class]: Unable to build Hibernate SessionFactory  [persistence unit: default] ; nested exception is org.hibernate.exception.SQLGrammarException: Unable to open JDBC Connection for DDL execution [Unknown database 'hos3'] [n/a]
	at org.springframework.beans.factory.support.AbstractAutowireCapableBeanFactory.initializeBean(AbstractAutowireCapableBeanFactory.java:1817)
	at org.springframework.beans.factory.support.AbstractAutowireCapableBeanFactory.doCreateBean(AbstractAutowireCapableBeanFactory.java:603)
	at org.springframework.beans.factory.support.AbstractAutowireCapableBeanFactory.createBean(AbstractAutowireCapableBeanFactory.java:525)
	at org.springframework.beans.factory.support.AbstractBeanFactory.lambda$doGetBean$0(AbstractBeanFactory.java:333)
	at org.springframework.beans.factory.support.DefaultSingletonBeanRegistry.getSingleton(DefaultSingletonBeanRegistry.java:371)
	at org.springframework.beans.factory.support.AbstractBeanFactory.doGetBean(AbstractBeanFactory.java:331)
	at org.springframework.beans.factory.support.AbstractBeanFactory.getBean(AbstractBeanFactory.java:201)
	at org.springframework.context.support.AbstractApplicationContext.finishBeanFactoryInitialization(AbstractApplicationContext.java:977)
	at org.springframework.context.support.AbstractApplicationContext.refresh(AbstractApplicationContext.java:621)
	at org.springframework.boot.SpringApplication.refresh(SpringApplication.java:756)
	at org.springframework.boot.SpringApplication.refreshContext(SpringApplication.java:445)
	at org.springframework.boot.SpringApplication.run(SpringApplication.java:321)
	at org.springframework.boot.test.context.SpringBootContextLoader.lambda$loadContext$2(SpringBootContextLoader.java:155)
	at org.springframework.util.function.ThrowingSupplier.get(ThrowingSupplier.java:58)
	at org.springframework.util.function.ThrowingSupplier.get(ThrowingSupplier.java:46)
	at org.springframework.boot.SpringApplication.withHook(SpringApplication.java:1465)
	at org.springframework.boot.test.context.SpringBootContextLoader$ContextLoaderHook.run(SpringBootContextLoader.java:600)
	at org.springframework.boot.test.context.SpringBootContextLoader.loadContext(SpringBootContextLoader.java:155)
	at org.springframework.boot.test.context.SpringBootContextLoader.loadContext(SpringBootContextLoader.java:114)
	at org.springframework.test.context.cache.DefaultCacheAwareContextLoaderDelegate.loadContextInternal(DefaultCacheAwareContextLoaderDelegate.java:247)
	at org.springframework.test.context.cache.DefaultCacheAwareContextLoaderDelegate.lambda$loadContext$0(DefaultCacheAwareContextLoaderDelegate.java:167)
	at org.springframework.test.context.cache.DefaultContextCache.put(DefaultContextCache.java:214)
	at org.springframework.test.context.cache.DefaultCacheAwareContextLoaderDelegate.loadContext(DefaultCacheAwareContextLoaderDelegate.java:160)
	at org.springframework.test.context.support.DefaultTestContext.getApplicationContext(DefaultTestContext.java:128)
	at org.springframework.test.context.web.ServletTestExecutionListener.setUpRequestContextIfNecessary(ServletTestExecutionListener.java:200)
	at org.springframework.test.context.web.ServletTestExecutionListener.prepareTestInstance(ServletTestExecutionListener.java:139)
	at org.springframework.test.context.TestContextManager.prepareTestInstance(TestContextManager.java:260)
	at org.springframework.test.context.junit.jupiter.SpringExtension.postProcessTestInstance(SpringExtension.java:210)
	at org.junit.jupiter.engine.descriptor.ClassBasedTestDescriptor.lambda$invokeTestInstancePostProcessors$1(ClassBasedTestDescriptor.java:423)
	at org.junit.jupiter.engine.descriptor.ClassBasedTestDescriptor.executeAndMaskThrowable(ClassBasedTestDescriptor.java:428)
	at org.junit.jupiter.engine.descriptor.ClassBasedTestDescriptor.lambda$invokeTestInstancePostProcessors$0(ClassBasedTestDescriptor.java:422)
	at java.base/java.util.stream.ForEachOps$ForEachOp$OfRef.accept(ForEachOps.java:184)
	at java.base/java.util.stream.ReferencePipeline$3$1.accept(ReferencePipeline.java:197)
	at java.base/java.util.stream.ReferencePipeline$2$1.accept(ReferencePipeline.java:179)
	at java.base/java.util.stream.ReferencePipeline$3$1.accept(ReferencePipeline.java:197)
	at java.base/java.util.ArrayList$ArrayListSpliterator.forEachRemaining(ArrayList.java:1708)
	at java.base/java.util.stream.AbstractPipeline.copyInto(AbstractPipeline.java:509)
	at java.base/java.util.stream.AbstractPipeline.wrapAndCopyInto(AbstractPipeline.java:499)
	at java.base/java.util.stream.ForEachOps$ForEachOp.evaluateSequential(ForEachOps.java:151)
	at java.base/java.util.stream.ForEachOps$ForEachOp$OfRef.evaluateSequential(ForEachOps.java:174)
	at java.base/java.util.stream.AbstractPipeline.evaluate(AbstractPipeline.java:234)
	at java.base/java.util.stream.ReferencePipeline.forEach(ReferencePipeline.java:596)
	at org.junit.jupiter.engine.descriptor.ClassBasedTestDescriptor.invokeTestInstancePostProcessors(ClassBasedTestDescriptor.java:422)
	at org.junit.jupiter.engine.descriptor.ClassBasedTestDescriptor.lambda$instantiateAndPostProcessTestInstance$0(ClassBasedTestDescriptor.java:334)
	at org.junit.platform.engine.support.hierarchical.ThrowableCollector.execute(ThrowableCollector.java:74)
	at org.junit.jupiter.engine.descriptor.ClassBasedTestDescriptor.instantiateAndPostProcessTestInstance(ClassBasedTestDescriptor.java:333)
	at org.junit.jupiter.engine.descriptor.ClassBasedTestDescriptor.lambda$testInstancesProvider$1(ClassBasedTestDescriptor.java:322)
	at java.base/java.util.Optional.orElseGet(Optional.java:364)
	at org.junit.jupiter.engine.descriptor.ClassBasedTestDescriptor.lambda$testInstancesProvider$0(ClassBasedTestDescriptor.java:321)
	at org.junit.jupiter.engine.execution.TestInstancesProvider.getTestInstances(TestInstancesProvider.java:27)
	at org.junit.jupiter.engine.descriptor.TestMethodTestDescriptor.lambda$prepare$0(TestMethodTestDescriptor.java:127)
	at org.junit.platform.engine.support.hierarchical.ThrowableCollector.execute(ThrowableCollector.java:74)
	at org.junit.jupiter.engine.descriptor.TestMethodTestDescriptor.prepare(TestMethodTestDescriptor.java:126)
	at org.junit.jupiter.engine.descriptor.TestMethodTestDescriptor.prepare(TestMethodTestDescriptor.java:70)
	at org.junit.platform.engine.support.hierarchical.NodeTestTask.lambda$prepare$0(NodeTestTask.java:144)
	at org.junit.platform.engine.support.hierarchical.ThrowableCollector.execute(ThrowableCollector.java:74)
	at org.junit.platform.engine.support.hierarchical.NodeTestTask.prepare(NodeTestTask.java:144)
	at org.junit.platform.engine.support.hierarchical.NodeTestTask.execute(NodeTestTask.java:110)
	at java.base/java.util.ArrayList.forEach(ArrayList.java:1596)
	at org.junit.platform.engine.support.hierarchical.SameThreadHierarchicalTestExecutorService.invokeAll(SameThreadHierarchicalTestExecutorService.java:42)
	at org.junit.platform.engine.support.hierarchical.NodeTestTask.lambda$executeRecursively$2(NodeTestTask.java:180)
	at org.junit.platform.engine.support.hierarchical.ThrowableCollector.execute(ThrowableCollector.java:74)
	at org.junit.platform.engine.support.hierarchical.NodeTestTask.lambda$executeRecursively$1(NodeTestTask.java:166)
	at org.junit.platform.engine.support.hierarchical.Node.around(Node.java:138)
	at org.junit.platform.engine.support.hierarchical.NodeTestTask.lambda$executeRecursively$0(NodeTestTask.java:164)
	at org.junit.platform.engine.support.hierarchical.ThrowableCollector.execute(ThrowableCollector.java:74)
	at org.junit.platform.engine.support.hierarchical.NodeTestTask.executeRecursively(NodeTestTask.java:163)
	at org.junit.platform.engine.support.hierarchical.NodeTestTask.execute(NodeTestTask.java:116)
	at java.base/java.util.ArrayList.forEach(ArrayList.java:1596)
	at org.junit.platform.engine.support.hierarchical.SameThreadHierarchicalTestExecutorService.invokeAll(SameThreadHierarchicalTestExecutorService.java:42)
	at org.junit.platform.engine.support.hierarchical.NodeTestTask.lambda$executeRecursively$2(NodeTestTask.java:180)
	at org.junit.platform.engine.support.hierarchical.ThrowableCollector.execute(ThrowableCollector.java:74)
	at org.junit.platform.engine.support.hierarchical.NodeTestTask.lambda$executeRecursively$1(NodeTestTask.java:166)
	at org.junit.platform.engine.support.hierarchical.Node.around(Node.java:138)
	at org.junit.platform.engine.support.hierarchical.NodeTestTask.lambda$executeRecursively$0(NodeTestTask.java:164)
	at org.junit.platform.engine.support.hierarchical.ThrowableCollector.execute(ThrowableCollector.java:74)
	at org.junit.platform.engine.support.hierarchical.NodeTestTask.executeRecursively(NodeTestTask.java:163)
	at org.junit.platform.engine.support.hierarchical.NodeTestTask.execute(NodeTestTask.java:116)
	at org.junit.platform.engine.support.hierarchical.SameThreadHierarchicalTestExecutorService.submit(SameThreadHierarchicalTestExecutorService.java:36)
	at org.junit.platform.engine.support.hierarchical.HierarchicalTestExecutor.execute(HierarchicalTestExecutor.java:52)
	at org.junit.platform.engine.support.hierarchical.HierarchicalTestEngine.execute(HierarchicalTestEngine.java:58)
	at org.junit.platform.launcher.core.EngineExecutionOrchestrator.executeEngine(EngineExecutionOrchestrator.java:246)
	at org.junit.platform.launcher.core.EngineExecutionOrchestrator.failOrExecuteEngine(EngineExecutionOrchestrator.java:218)
	at org.junit.platform.launcher.core.EngineExecutionOrchestrator.execute(EngineExecutionOrchestrator.java:179)
	at org.junit.platform.launcher.core.EngineExecutionOrchestrator.execute(EngineExecutionOrchestrator.java:108)
	at org.junit.platform.launcher.core.EngineExecutionOrchestrator.lambda$execute$0(EngineExecutionOrchestrator.java:66)
	at org.junit.platform.launcher.core.EngineExecutionOrchestrator.withInterceptedStreams(EngineExecutionOrchestrator.java:157)
	at org.junit.platform.launcher.core.EngineExecutionOrchestrator.execute(EngineExecutionOrchestrator.java:65)
	at org.junit.platform.launcher.core.DefaultLauncher.execute(DefaultLauncher.java:125)
	at org.junit.platform.launcher.core.DefaultLauncher.execute(DefaultLauncher.java:114)
	at org.junit.platform.launcher.core.DelegatingLauncher.execute(DelegatingLauncher.java:58)
	at org.junit.platform.launcher.core.InterceptingLauncher.lambda$execute$2(InterceptingLauncher.java:57)
	at org.junit.platform.launcher.core.ClasspathAlignmentCheckingLauncherInterceptor.intercept(ClasspathAlignmentCheckingLauncherInterceptor.java:25)
	at org.junit.platform.launcher.core.InterceptingLauncher.execute(InterceptingLauncher.java:56)
	at org.junit.platform.launcher.core.DelegatingLauncher.execute(DelegatingLauncher.java:58)
	at java.base/jdk.internal.reflect.DirectMethodHandleAccessor.invoke(DirectMethodHandleAccessor.java:103)
	at java.base/java.lang.reflect.Method.invoke(Method.java:580)
	at org.apache.maven.surefire.api.util.ReflectionUtils.invokeMethodWithArray(ReflectionUtils.java:125)
	at org.apache.maven.surefire.junitplatform.LauncherAdapter.executeWithCancellationToken(LauncherAdapter.java:68)
	at org.apache.maven.surefire.junitplatform.LauncherAdapter.execute(LauncherAdapter.java:54)
	at org.apache.maven.surefire.junitplatform.JUnitPlatformProvider.execute(JUnitPlatformProvider.java:203)
	at org.apache.maven.surefire.junitplatform.JUnitPlatformProvider.invokeAllTests(JUnitPlatformProvider.java:168)
	at org.apache.maven.surefire.junitplatform.JUnitPlatformProvider.invoke(JUnitPlatformProvider.java:136)
	at org.apache.maven.surefire.booter.ForkedBooter.runSuitesInProcess(ForkedBooter.java:385)
	at org.apache.maven.surefire.booter.ForkedBooter.execute(ForkedBooter.java:162)
	at org.apache.maven.surefire.booter.ForkedBooter.run(ForkedBooter.java:507)
	at org.apache.maven.surefire.booter.ForkedBooter.main(ForkedBooter.java:495)
Caused by: jakarta.persistence.PersistenceException: Unable to build Hibernate SessionFactory  [persistence unit: default] ; nested exception is org.hibernate.exception.SQLGrammarException: Unable to open JDBC Connection for DDL execution [Unknown database 'hos3'] [n/a]
	at org.springframework.orm.jpa.AbstractEntityManagerFactoryBean.buildNativeEntityManagerFactory(AbstractEntityManagerFactoryBean.java:448)
	at org.springframework.orm.jpa.AbstractEntityManagerFactoryBean.afterPropertiesSet(AbstractEntityManagerFactoryBean.java:411)
	at org.springframework.orm.jpa.LocalContainerEntityManagerFactoryBean.afterPropertiesSet(LocalContainerEntityManagerFactoryBean.java:419)
	at org.springframework.beans.factory.support.AbstractAutowireCapableBeanFactory.invokeInitMethods(AbstractAutowireCapableBeanFactory.java:1864)
	at org.springframework.beans.factory.support.AbstractAutowireCapableBeanFactory.initializeBean(AbstractAutowireCapableBeanFactory.java:1813)
	... 106 common frames omitted
Caused by: org.hibernate.exception.SQLGrammarException: Unable to open JDBC Connection for DDL execution [Unknown database 'hos3'] [n/a]
	at org.hibernate.exception.internal.SQLExceptionTypeDelegate.convert(SQLExceptionTypeDelegate.java:64)
	at org.hibernate.exception.internal.StandardSQLExceptionConverter.convert(StandardSQLExceptionConverter.java:34)
	at org.hibernate.engine.jdbc.spi.SqlExceptionHelper.convert(SqlExceptionHelper.java:115)
	at org.hibernate.engine.jdbc.spi.SqlExceptionHelper.convert(SqlExceptionHelper.java:101)
	at org.hibernate.resource.transaction.backend.jdbc.internal.DdlTransactionIsolatorNonJtaImpl.getIsolatedConnection(DdlTransactionIsolatorNonJtaImpl.java:71)
	at org.hibernate.resource.transaction.backend.jdbc.internal.DdlTransactionIsolatorNonJtaImpl.getIsolatedConnection(DdlTransactionIsolatorNonJtaImpl.java:37)
	at org.hibernate.tool.schema.internal.exec.ImprovedExtractionContextImpl.getJdbcConnection(ImprovedExtractionContextImpl.java:61)
	at org.hibernate.tool.schema.internal.exec.ImprovedExtractionContextImpl.getJdbcDatabaseMetaData(ImprovedExtractionContextImpl.java:68)
	at org.hibernate.tool.schema.extract.internal.InformationExtractorJdbcDatabaseMetaDataImpl.getJdbcDatabaseMetaData(InformationExtractorJdbcDatabaseMetaDataImpl.java:38)
	at org.hibernate.tool.schema.extract.internal.InformationExtractorJdbcDatabaseMetaDataImpl.processTableResultSet(InformationExtractorJdbcDatabaseMetaDataImpl.java:76)
	at org.hibernate.tool.schema.extract.internal.AbstractInformationExtractorImpl.getTables(AbstractInformationExtractorImpl.java:496)
	at org.hibernate.tool.schema.extract.internal.DatabaseInformationImpl.getTablesInformation(DatabaseInformationImpl.java:124)
	at org.hibernate.tool.schema.internal.GroupedSchemaMigratorImpl.performTablesMigration(GroupedSchemaMigratorImpl.java:72)
	at org.hibernate.tool.schema.internal.AbstractSchemaMigrator.performMigration(AbstractSchemaMigrator.java:220)
	at org.hibernate.tool.schema.internal.AbstractSchemaMigrator.doMigration(AbstractSchemaMigrator.java:96)
	at org.hibernate.tool.schema.spi.SchemaManagementToolCoordinator.performDatabaseAction(SchemaManagementToolCoordinator.java:269)
	at org.hibernate.tool.schema.spi.SchemaManagementToolCoordinator.lambda$process$1(SchemaManagementToolCoordinator.java:101)
	at java.base/java.util.HashMap.forEach(HashMap.java:1429)
	at org.hibernate.tool.schema.spi.SchemaManagementToolCoordinator.process(SchemaManagementToolCoordinator.java:100)
	at org.hibernate.boot.internal.SessionFactoryObserverForSchemaExport.sessionFactoryCreated(SessionFactoryObserverForSchemaExport.java:35)
	at org.hibernate.internal.SessionFactoryObserverChain.sessionFactoryCreated(SessionFactoryObserverChain.java:33)
	at org.hibernate.internal.SessionFactoryImpl.<init>(SessionFactoryImpl.java:323)
	at org.hibernate.internal.SessionFactoryRegistry.instantiateSessionFactory(SessionFactoryRegistry.java:64)
	at org.hibernate.boot.internal.SessionFactoryBuilderImpl.build(SessionFactoryBuilderImpl.java:437)
	at org.hibernate.jpa.boot.internal.EntityManagerFactoryBuilderImpl.build(EntityManagerFactoryBuilderImpl.java:1456)
	at org.springframework.orm.jpa.vendor.SpringHibernateJpaPersistenceProvider.createContainerEntityManagerFactory(SpringHibernateJpaPersistenceProvider.java:93)
	at org.springframework.orm.jpa.LocalContainerEntityManagerFactoryBean.createNativeEntityManagerFactory(LocalContainerEntityManagerFactoryBean.java:443)
	at org.springframework.orm.jpa.AbstractEntityManagerFactoryBean.buildNativeEntityManagerFactory(AbstractEntityManagerFactoryBean.java:436)
	... 110 common frames omitted
Caused by: java.sql.SQLSyntaxErrorException: Unknown database 'hos3'
	at com.mysql.cj.jdbc.exceptions.SQLError.createSQLException(SQLError.java:112)
	at com.mysql.cj.jdbc.exceptions.SQLExceptionsMapping.translateException(SQLExceptionsMapping.java:114)
	at com.mysql.cj.jdbc.ConnectionImpl.createNewIO(ConnectionImpl.java:840)
	at com.mysql.cj.jdbc.ConnectionImpl.<init>(ConnectionImpl.java:416)
	at com.mysql.cj.jdbc.ConnectionImpl.getInstance(ConnectionImpl.java:237)
	at com.mysql.cj.jdbc.NonRegisteringDriver.connect(NonRegisteringDriver.java:180)
	at com.zaxxer.hikari.util.DriverDataSource.getConnection(DriverDataSource.java:144)
	at com.zaxxer.hikari.pool.PoolBase.newConnection(PoolBase.java:373)
	at com.zaxxer.hikari.pool.PoolBase.newPoolEntry(PoolBase.java:210)
	at com.zaxxer.hikari.pool.HikariPool.createPoolEntry(HikariPool.java:488)
	at com.zaxxer.hikari.pool.HikariPool.checkFailFast(HikariPool.java:576)
	at com.zaxxer.hikari.pool.HikariPool.<init>(HikariPool.java:97)
	at com.zaxxer.hikari.HikariDataSource.getConnection(HikariDataSource.java:111)
	at org.hibernate.engine.jdbc.connections.internal.DataSourceConnectionProvider.getConnection(DataSourceConnectionProvider.java:137)
	at org.hibernate.engine.jdbc.env.internal.JdbcEnvironmentInitiator$ConnectionProviderJdbcConnectionAccess.obtainConnection(JdbcEnvironmentInitiator.java:508)
	at org.hibernate.resource.transaction.backend.jdbc.internal.DdlTransactionIsolatorNonJtaImpl.getIsolatedConnection(DdlTransactionIsolatorNonJtaImpl.java:44)
	... 133 common frames omitted
2026-05-31 23:00:34.219 [main] WARN  o.s.test.context.TestContextManager - Caught exception while allowing TestExecutionListener [org.springframework.test.context.web.ServletTestExecutionListener] to prepare test instance [com.HospitalManagement.HospitalManagementApplicationTests@377b773c]
java.lang.IllegalStateException: Failed to load ApplicationContext for [WebMergedContextConfiguration@260af8f7 testClass = com.HospitalManagement.HospitalManagementApplicationTests, locations = [], classes = [com.HospitalManagement.HospitalManagementApplication], contextInitializerClasses = [], activeProfiles = [], propertySourceDescriptors = [], propertySourceProperties = ["org.springframework.boot.test.context.SpringBootTestContextBootstrapper=true"], contextCustomizers = [org.springframework.boot.web.server.context.SpringBootTestRandomPortContextCustomizer@63a5d002, org.springframework.boot.webmvc.test.autoconfigure.WebDriverContextCustomizer@2d691f3d, org.springframework.boot.test.context.PropertyMappingContextCustomizer@0, org.springframework.boot.test.context.filter.ExcludeFilterContextCustomizer@415e0bcb, org.springframework.boot.test.json.DuplicateJsonObjectContextCustomizerFactory$DuplicateJsonObjectContextCustomizer@210f0cc1, org.springframework.boot.test.autoconfigure.OnFailureConditionReportContextCustomizerFactory$OnFailureConditionReportContextCustomizer@c7a977f, org.springframework.test.context.support.DynamicPropertiesContextCustomizer@0, org.springframework.boot.test.context.SpringBootTestAnnotation@204596d9], resourceBasePath = "src/main/webapp", contextLoader = org.springframework.boot.test.context.SpringBootContextLoader, parent = null]
	at org.springframework.test.context.cache.DefaultCacheAwareContextLoaderDelegate.lambda$loadContext$0(DefaultCacheAwareContextLoaderDelegate.java:195)
	at org.springframework.test.context.cache.DefaultContextCache.put(DefaultContextCache.java:214)
	at org.springframework.test.context.cache.DefaultCacheAwareContextLoaderDelegate.loadContext(DefaultCacheAwareContextLoaderDelegate.java:160)
	at org.springframework.test.context.support.DefaultTestContext.getApplicationContext(DefaultTestContext.java:128)
	at org.springframework.test.context.web.ServletTestExecutionListener.setUpRequestContextIfNecessary(ServletTestExecutionListener.java:200)
	at org.springframework.test.context.web.ServletTestExecutionListener.prepareTestInstance(ServletTestExecutionListener.java:139)
	at org.springframework.test.context.TestContextManager.prepareTestInstance(TestContextManager.java:260)
	at org.springframework.test.context.junit.jupiter.SpringExtension.postProcessTestInstance(SpringExtension.java:210)
	at org.junit.jupiter.engine.descriptor.ClassBasedTestDescriptor.lambda$invokeTestInstancePostProcessors$1(ClassBasedTestDescriptor.java:423)
	at org.junit.jupiter.engine.descriptor.ClassBasedTestDescriptor.executeAndMaskThrowable(ClassBasedTestDescriptor.java:428)
	at org.junit.jupiter.engine.descriptor.ClassBasedTestDescriptor.lambda$invokeTestInstancePostProcessors$0(ClassBasedTestDescriptor.java:422)
	at java.base/java.util.stream.ForEachOps$ForEachOp$OfRef.accept(ForEachOps.java:184)
	at java.base/java.util.stream.ReferencePipeline$3$1.accept(ReferencePipeline.java:197)
	at java.base/java.util.stream.ReferencePipeline$2$1.accept(ReferencePipeline.java:179)
	at java.base/java.util.stream.ReferencePipeline$3$1.accept(ReferencePipeline.java:197)
	at java.base/java.util.ArrayList$ArrayListSpliterator.forEachRemaining(ArrayList.java:1708)
	at java.base/java.util.stream.AbstractPipeline.copyInto(AbstractPipeline.java:509)
	at java.base/java.util.stream.AbstractPipeline.wrapAndCopyInto(AbstractPipeline.java:499)
	at java.base/java.util.stream.ForEachOps$ForEachOp.evaluateSequential(ForEachOps.java:151)
	at java.base/java.util.stream.ForEachOps$ForEachOp$OfRef.evaluateSequential(ForEachOps.java:174)
	at java.base/java.util.stream.AbstractPipeline.evaluate(AbstractPipeline.java:234)
	at java.base/java.util.stream.ReferencePipeline.forEach(ReferencePipeline.java:596)
	at org.junit.jupiter.engine.descriptor.ClassBasedTestDescriptor.invokeTestInstancePostProcessors(ClassBasedTestDescriptor.java:422)
	at org.junit.jupiter.engine.descriptor.ClassBasedTestDescriptor.lambda$instantiateAndPostProcessTestInstance$0(ClassBasedTestDescriptor.java:334)
	at org.junit.platform.engine.support.hierarchical.ThrowableCollector.execute(ThrowableCollector.java:74)
	at org.junit.jupiter.engine.descriptor.ClassBasedTestDescriptor.instantiateAndPostProcessTestInstance(ClassBasedTestDescriptor.java:333)
	at org.junit.jupiter.engine.descriptor.ClassBasedTestDescriptor.lambda$testInstancesProvider$1(ClassBasedTestDescriptor.java:322)
	at java.base/java.util.Optional.orElseGet(Optional.java:364)
	at org.junit.jupiter.engine.descriptor.ClassBasedTestDescriptor.lambda$testInstancesProvider$0(ClassBasedTestDescriptor.java:321)
	at org.junit.jupiter.engine.execution.TestInstancesProvider.getTestInstances(TestInstancesProvider.java:27)
	at org.junit.jupiter.engine.descriptor.TestMethodTestDescriptor.lambda$prepare$0(TestMethodTestDescriptor.java:127)
	at org.junit.platform.engine.support.hierarchical.ThrowableCollector.execute(ThrowableCollector.java:74)
	at org.junit.jupiter.engine.descriptor.TestMethodTestDescriptor.prepare(TestMethodTestDescriptor.java:126)
	at org.junit.jupiter.engine.descriptor.TestMethodTestDescriptor.prepare(TestMethodTestDescriptor.java:70)
	at org.junit.platform.engine.support.hierarchical.NodeTestTask.lambda$prepare$0(NodeTestTask.java:144)
	at org.junit.platform.engine.support.hierarchical.ThrowableCollector.execute(ThrowableCollector.java:74)
	at org.junit.platform.engine.support.hierarchical.NodeTestTask.prepare(NodeTestTask.java:144)
	at org.junit.platform.engine.support.hierarchical.NodeTestTask.execute(NodeTestTask.java:110)
	at java.base/java.util.ArrayList.forEach(ArrayList.java:1596)
	at org.junit.platform.engine.support.hierarchical.SameThreadHierarchicalTestExecutorService.invokeAll(SameThreadHierarchicalTestExecutorService.java:42)
	at org.junit.platform.engine.support.hierarchical.NodeTestTask.lambda$executeRecursively$2(NodeTestTask.java:180)
	at org.junit.platform.engine.support.hierarchical.ThrowableCollector.execute(ThrowableCollector.java:74)
	at org.junit.platform.engine.support.hierarchical.NodeTestTask.lambda$executeRecursively$1(NodeTestTask.java:166)
	at org.junit.platform.engine.support.hierarchical.Node.around(Node.java:138)
	at org.junit.platform.engine.support.hierarchical.NodeTestTask.lambda$executeRecursively$0(NodeTestTask.java:164)
	at org.junit.platform.engine.support.hierarchical.ThrowableCollector.execute(ThrowableCollector.java:74)
	at org.junit.platform.engine.support.hierarchical.NodeTestTask.executeRecursively(NodeTestTask.java:163)
	at org.junit.platform.engine.support.hierarchical.NodeTestTask.execute(NodeTestTask.java:116)
	at java.base/java.util.ArrayList.forEach(ArrayList.java:1596)
	at org.junit.platform.engine.support.hierarchical.SameThreadHierarchicalTestExecutorService.invokeAll(SameThreadHierarchicalTestExecutorService.java:42)
	at org.junit.platform.engine.support.hierarchical.NodeTestTask.lambda$executeRecursively$2(NodeTestTask.java:180)
	at org.junit.platform.engine.support.hierarchical.ThrowableCollector.execute(ThrowableCollector.java:74)
	at org.junit.platform.engine.support.hierarchical.NodeTestTask.lambda$executeRecursively$1(NodeTestTask.java:166)
	at org.junit.platform.engine.support.hierarchical.Node.around(Node.java:138)
	at org.junit.platform.engine.support.hierarchical.NodeTestTask.lambda$executeRecursively$0(NodeTestTask.java:164)
	at org.junit.platform.engine.support.hierarchical.ThrowableCollector.execute(ThrowableCollector.java:74)
	at org.junit.platform.engine.support.hierarchical.NodeTestTask.executeRecursively(NodeTestTask.java:163)
	at org.junit.platform.engine.support.hierarchical.NodeTestTask.execute(NodeTestTask.java:116)
	at org.junit.platform.engine.support.hierarchical.SameThreadHierarchicalTestExecutorService.submit(SameThreadHierarchicalTestExecutorService.java:36)
	at org.junit.platform.engine.support.hierarchical.HierarchicalTestExecutor.execute(HierarchicalTestExecutor.java:52)
	at org.junit.platform.engine.support.hierarchical.HierarchicalTestEngine.execute(HierarchicalTestEngine.java:58)
	at org.junit.platform.launcher.core.EngineExecutionOrchestrator.executeEngine(EngineExecutionOrchestrator.java:246)
	at org.junit.platform.launcher.core.EngineExecutionOrchestrator.failOrExecuteEngine(EngineExecutionOrchestrator.java:218)
	at org.junit.platform.launcher.core.EngineExecutionOrchestrator.execute(EngineExecutionOrchestrator.java:179)
	at org.junit.platform.launcher.core.EngineExecutionOrchestrator.execute(EngineExecutionOrchestrator.java:108)
	at org.junit.platform.launcher.core.EngineExecutionOrchestrator.lambda$execute$0(EngineExecutionOrchestrator.java:66)
	at org.junit.platform.launcher.core.EngineExecutionOrchestrator.withInterceptedStreams(EngineExecutionOrchestrator.java:157)
	at org.junit.platform.launcher.core.EngineExecutionOrchestrator.execute(EngineExecutionOrchestrator.java:65)
	at org.junit.platform.launcher.core.DefaultLauncher.execute(DefaultLauncher.java:125)
	at org.junit.platform.launcher.core.DefaultLauncher.execute(DefaultLauncher.java:114)
	at org.junit.platform.launcher.core.DelegatingLauncher.execute(DelegatingLauncher.java:58)
	at org.junit.platform.launcher.core.InterceptingLauncher.lambda$execute$2(InterceptingLauncher.java:57)
	at org.junit.platform.launcher.core.ClasspathAlignmentCheckingLauncherInterceptor.intercept(ClasspathAlignmentCheckingLauncherInterceptor.java:25)
	at org.junit.platform.launcher.core.InterceptingLauncher.execute(InterceptingLauncher.java:56)
	at org.junit.platform.launcher.core.DelegatingLauncher.execute(DelegatingLauncher.java:58)
	at java.base/jdk.internal.reflect.DirectMethodHandleAccessor.invoke(DirectMethodHandleAccessor.java:103)
	at java.base/java.lang.reflect.Method.invoke(Method.java:580)
	at org.apache.maven.surefire.api.util.ReflectionUtils.invokeMethodWithArray(ReflectionUtils.java:125)
	at org.apache.maven.surefire.junitplatform.LauncherAdapter.executeWithCancellationToken(LauncherAdapter.java:68)
	at org.apache.maven.surefire.junitplatform.LauncherAdapter.execute(LauncherAdapter.java:54)
	at org.apache.maven.surefire.junitplatform.JUnitPlatformProvider.execute(JUnitPlatformProvider.java:203)
	at org.apache.maven.surefire.junitplatform.JUnitPlatformProvider.invokeAllTests(JUnitPlatformProvider.java:168)
	at org.apache.maven.surefire.junitplatform.JUnitPlatformProvider.invoke(JUnitPlatformProvider.java:136)
	at org.apache.maven.surefire.booter.ForkedBooter.runSuitesInProcess(ForkedBooter.java:385)
	at org.apache.maven.surefire.booter.ForkedBooter.execute(ForkedBooter.java:162)
	at org.apache.maven.surefire.booter.ForkedBooter.run(ForkedBooter.java:507)
	at org.apache.maven.surefire.booter.ForkedBooter.main(ForkedBooter.java:495)
Caused by: org.springframework.beans.factory.BeanCreationException: Error creating bean with name 'entityManagerFactory' defined in class path resource [org/springframework/boot/hibernate/autoconfigure/HibernateJpaConfiguration.class]: Unable to build Hibernate SessionFactory  [persistence unit: default] ; nested exception is org.hibernate.exception.SQLGrammarException: Unable to open JDBC Connection for DDL execution [Unknown database 'hos3'] [n/a]
	at org.springframework.beans.factory.support.AbstractAutowireCapableBeanFactory.initializeBean(AbstractAutowireCapableBeanFactory.java:1817)
	at org.springframework.beans.factory.support.AbstractAutowireCapableBeanFactory.doCreateBean(AbstractAutowireCapableBeanFactory.java:603)
	at org.springframework.beans.factory.support.AbstractAutowireCapableBeanFactory.createBean(AbstractAutowireCapableBeanFactory.java:525)
	at org.springframework.beans.factory.support.AbstractBeanFactory.lambda$doGetBean$0(AbstractBeanFactory.java:333)
	at org.springframework.beans.factory.support.DefaultSingletonBeanRegistry.getSingleton(DefaultSingletonBeanRegistry.java:371)
	at org.springframework.beans.factory.support.AbstractBeanFactory.doGetBean(AbstractBeanFactory.java:331)
	at org.springframework.beans.factory.support.AbstractBeanFactory.getBean(AbstractBeanFactory.java:201)
	at org.springframework.context.support.AbstractApplicationContext.finishBeanFactoryInitialization(AbstractApplicationContext.java:977)
	at org.springframework.context.support.AbstractApplicationContext.refresh(AbstractApplicationContext.java:621)
	at org.springframework.boot.SpringApplication.refresh(SpringApplication.java:756)
	at org.springframework.boot.SpringApplication.refreshContext(SpringApplication.java:445)
	at org.springframework.boot.SpringApplication.run(SpringApplication.java:321)
	at org.springframework.boot.test.context.SpringBootContextLoader.lambda$loadContext$2(SpringBootContextLoader.java:155)
	at org.springframework.util.function.ThrowingSupplier.get(ThrowingSupplier.java:58)
	at org.springframework.util.function.ThrowingSupplier.get(ThrowingSupplier.java:46)
	at org.springframework.boot.SpringApplication.withHook(SpringApplication.java:1465)
	at org.springframework.boot.test.context.SpringBootContextLoader$ContextLoaderHook.run(SpringBootContextLoader.java:600)
	at org.springframework.boot.test.context.SpringBootContextLoader.loadContext(SpringBootContextLoader.java:155)
	at org.springframework.boot.test.context.SpringBootContextLoader.loadContext(SpringBootContextLoader.java:114)
	at org.springframework.test.context.cache.DefaultCacheAwareContextLoaderDelegate.loadContextInternal(DefaultCacheAwareContextLoaderDelegate.java:247)
	at org.springframework.test.context.cache.DefaultCacheAwareContextLoaderDelegate.lambda$loadContext$0(DefaultCacheAwareContextLoaderDelegate.java:167)
	... 86 common frames omitted
Caused by: jakarta.persistence.PersistenceException: Unable to build Hibernate SessionFactory  [persistence unit: default] ; nested exception is org.hibernate.exception.SQLGrammarException: Unable to open JDBC Connection for DDL execution [Unknown database 'hos3'] [n/a]
	at org.springframework.orm.jpa.AbstractEntityManagerFactoryBean.buildNativeEntityManagerFactory(AbstractEntityManagerFactoryBean.java:448)
	at org.springframework.orm.jpa.AbstractEntityManagerFactoryBean.afterPropertiesSet(AbstractEntityManagerFactoryBean.java:411)
	at org.springframework.orm.jpa.LocalContainerEntityManagerFactoryBean.afterPropertiesSet(LocalContainerEntityManagerFactoryBean.java:419)
	at org.springframework.beans.factory.support.AbstractAutowireCapableBeanFactory.invokeInitMethods(AbstractAutowireCapableBeanFactory.java:1864)
	at org.springframework.beans.factory.support.AbstractAutowireCapableBeanFactory.initializeBean(AbstractAutowireCapableBeanFactory.java:1813)
	... 106 common frames omitted
Caused by: org.hibernate.exception.SQLGrammarException: Unable to open JDBC Connection for DDL execution [Unknown database 'hos3'] [n/a]
	at org.hibernate.exception.internal.SQLExceptionTypeDelegate.convert(SQLExceptionTypeDelegate.java:64)
	at org.hibernate.exception.internal.StandardSQLExceptionConverter.convert(StandardSQLExceptionConverter.java:34)
	at org.hibernate.engine.jdbc.spi.SqlExceptionHelper.convert(SqlExceptionHelper.java:115)
	at org.hibernate.engine.jdbc.spi.SqlExceptionHelper.convert(SqlExceptionHelper.java:101)
	at org.hibernate.resource.transaction.backend.jdbc.internal.DdlTransactionIsolatorNonJtaImpl.getIsolatedConnection(DdlTransactionIsolatorNonJtaImpl.java:71)
	at org.hibernate.resource.transaction.backend.jdbc.internal.DdlTransactionIsolatorNonJtaImpl.getIsolatedConnection(DdlTransactionIsolatorNonJtaImpl.java:37)
	at org.hibernate.tool.schema.internal.exec.ImprovedExtractionContextImpl.getJdbcConnection(ImprovedExtractionContextImpl.java:61)
	at org.hibernate.tool.schema.internal.exec.ImprovedExtractionContextImpl.getJdbcDatabaseMetaData(ImprovedExtractionContextImpl.java:68)
	at org.hibernate.tool.schema.extract.internal.InformationExtractorJdbcDatabaseMetaDataImpl.getJdbcDatabaseMetaData(InformationExtractorJdbcDatabaseMetaDataImpl.java:38)
	at org.hibernate.tool.schema.extract.internal.InformationExtractorJdbcDatabaseMetaDataImpl.processTableResultSet(InformationExtractorJdbcDatabaseMetaDataImpl.java:76)
	at org.hibernate.tool.schema.extract.internal.AbstractInformationExtractorImpl.getTables(AbstractInformationExtractorImpl.java:496)
	at org.hibernate.tool.schema.extract.internal.DatabaseInformationImpl.getTablesInformation(DatabaseInformationImpl.java:124)
	at org.hibernate.tool.schema.internal.GroupedSchemaMigratorImpl.performTablesMigration(GroupedSchemaMigratorImpl.java:72)
	at org.hibernate.tool.schema.internal.AbstractSchemaMigrator.performMigration(AbstractSchemaMigrator.java:220)
	at org.hibernate.tool.schema.internal.AbstractSchemaMigrator.doMigration(AbstractSchemaMigrator.java:96)
	at org.hibernate.tool.schema.spi.SchemaManagementToolCoordinator.performDatabaseAction(SchemaManagementToolCoordinator.java:269)
	at org.hibernate.tool.schema.spi.SchemaManagementToolCoordinator.lambda$process$1(SchemaManagementToolCoordinator.java:101)
	at java.base/java.util.HashMap.forEach(HashMap.java:1429)
	at org.hibernate.tool.schema.spi.SchemaManagementToolCoordinator.process(SchemaManagementToolCoordinator.java:100)
	at org.hibernate.boot.internal.SessionFactoryObserverForSchemaExport.sessionFactoryCreated(SessionFactoryObserverForSchemaExport.java:35)
	at org.hibernate.internal.SessionFactoryObserverChain.sessionFactoryCreated(SessionFactoryObserverChain.java:33)
	at org.hibernate.internal.SessionFactoryImpl.<init>(SessionFactoryImpl.java:323)
	at org.hibernate.internal.SessionFactoryRegistry.instantiateSessionFactory(SessionFactoryRegistry.java:64)
	at org.hibernate.boot.internal.SessionFactoryBuilderImpl.build(SessionFactoryBuilderImpl.java:437)
	at org.hibernate.jpa.boot.internal.EntityManagerFactoryBuilderImpl.build(EntityManagerFactoryBuilderImpl.java:1456)
	at org.springframework.orm.jpa.vendor.SpringHibernateJpaPersistenceProvider.createContainerEntityManagerFactory(SpringHibernateJpaPersistenceProvider.java:93)
	at org.springframework.orm.jpa.LocalContainerEntityManagerFactoryBean.createNativeEntityManagerFactory(LocalContainerEntityManagerFactoryBean.java:443)
	at org.springframework.orm.jpa.AbstractEntityManagerFactoryBean.buildNativeEntityManagerFactory(AbstractEntityManagerFactoryBean.java:436)
	... 110 common frames omitted
Caused by: java.sql.SQLSyntaxErrorException: Unknown database 'hos3'
	at com.mysql.cj.jdbc.exceptions.SQLError.createSQLException(SQLError.java:112)
	at com.mysql.cj.jdbc.exceptions.SQLExceptionsMapping.translateException(SQLExceptionsMapping.java:114)
	at com.mysql.cj.jdbc.ConnectionImpl.createNewIO(ConnectionImpl.java:840)
	at com.mysql.cj.jdbc.ConnectionImpl.<init>(ConnectionImpl.java:416)
	at com.mysql.cj.jdbc.ConnectionImpl.getInstance(ConnectionImpl.java:237)
	at com.mysql.cj.jdbc.NonRegisteringDriver.connect(NonRegisteringDriver.java:180)
	at com.zaxxer.hikari.util.DriverDataSource.getConnection(DriverDataSource.java:144)
	at com.zaxxer.hikari.pool.PoolBase.newConnection(PoolBase.java:373)
	at com.zaxxer.hikari.pool.PoolBase.newPoolEntry(PoolBase.java:210)
	at com.zaxxer.hikari.pool.HikariPool.createPoolEntry(HikariPool.java:488)
	at com.zaxxer.hikari.pool.HikariPool.checkFailFast(HikariPool.java:576)
	at com.zaxxer.hikari.pool.HikariPool.<init>(HikariPool.java:97)
	at com.zaxxer.hikari.HikariDataSource.getConnection(HikariDataSource.java:111)
	at org.hibernate.engine.jdbc.connections.internal.DataSourceConnectionProvider.getConnection(DataSourceConnectionProvider.java:137)
	at org.hibernate.engine.jdbc.env.internal.JdbcEnvironmentInitiator$ConnectionProviderJdbcConnectionAccess.obtainConnection(JdbcEnvironmentInitiator.java:508)
	at org.hibernate.resource.transaction.backend.jdbc.internal.DdlTransactionIsolatorNonJtaImpl.getIsolatedConnection(DdlTransactionIsolatorNonJtaImpl.java:44)
	... 133 common frames omitted
2026-05-31 23:07:13.460 [main] INFO  c.H.service.EncounterService - Creating new encounter - PatientID: 1, VisitType: Routine Checkup
2026-05-31 23:07:13.471 [main] INFO  c.H.service.EncounterService - Encounter created successfully - ID: 1
2026-05-31 23:07:13.522 [main] INFO  c.H.service.EncounterService - Updating encounter - ID: 1
2026-05-31 23:07:13.558 [main] INFO  c.H.service.EncounterService - Updating encounter - ID: 1
2026-05-31 23:07:13.560 [main] INFO  c.H.service.EncounterService - Encounter updated successfully - ID: 1
2026-05-31 23:07:13.622 [main] INFO  c.H.service.EncounterService - Creating new encounter - PatientID: 1, VisitType: Routine Checkup
2026-05-31 23:07:13.638 [main] INFO  c.H.service.EncounterService - Creating new encounter - PatientID: 1, VisitType: Routine Checkup
2026-05-31 23:07:13.640 [main] INFO  c.H.service.EncounterService - Encounter created successfully - ID: null
2026-05-31 23:07:13.656 [main] INFO  c.H.service.EncounterService - Updating encounter - ID: 1
2026-05-31 23:07:13.658 [main] INFO  c.H.service.EncounterService - Encounter updated successfully - ID: 1
2026-05-31 23:07:13.675 [main] DEBUG c.H.service.EncounterService - Fetching encounter with ID: 1
2026-05-31 23:07:13.676 [main] INFO  c.H.service.EncounterService - Retrieved encounter - ID: 1
2026-05-31 23:07:13.690 [main] INFO  c.H.service.EncounterService - Creating new encounter - PatientID: 1, VisitType: Routine Checkup
2026-05-31 23:07:13.691 [main] INFO  c.H.service.EncounterService - Encounter created successfully - ID: 1
2026-05-31 23:07:13.706 [main] DEBUG c.H.service.EncounterService - Fetching all encounters
2026-05-31 23:07:13.708 [main] INFO  c.H.service.EncounterService - Retrieved 0 encounters
2026-05-31 23:07:13.722 [main] INFO  c.H.service.EncounterService - Creating new encounter - PatientID: 1, VisitType: Routine Checkup
2026-05-31 23:07:13.777 [main] DEBUG c.H.service.EncounterService - Fetching all encounters
2026-05-31 23:07:13.778 [main] INFO  c.H.service.EncounterService - Retrieved 1 encounters
2026-05-31 23:07:13.795 [main] INFO  c.H.service.EncounterService - Deleting encounter - ID: 999
2026-05-31 23:07:13.809 [main] DEBUG c.H.service.EncounterService - Fetching encounter with ID: 999
2026-05-31 23:07:13.825 [main] DEBUG c.H.service.EncounterService - Fetching encounter with ID: 1
2026-05-31 23:07:13.826 [main] INFO  c.H.service.EncounterService - Retrieved encounter - ID: 1
2026-05-31 23:07:13.839 [main] DEBUG c.H.service.EncounterService - Fetching encounter with ID: 1
2026-05-31 23:07:13.840 [main] INFO  c.H.service.EncounterService - Retrieved encounter - ID: 1
2026-05-31 23:07:13.857 [main] INFO  c.H.service.EncounterService - Deleting encounter - ID: 1
2026-05-31 23:07:13.857 [main] INFO  c.H.service.EncounterService - Encounter deleted successfully - ID: 1
2026-05-31 23:07:13.892 [main] DEBUG c.H.service.PatientService - Fetching patient with ID: 1
2026-05-31 23:07:13.893 [main] DEBUG c.H.service.PatientService - Looking up patient by ID: 1
2026-05-31 23:07:13.894 [main] DEBUG c.H.service.PatientService - Found patient - ID: 1, MRN: MRN-ABC12345
2026-05-31 23:07:13.896 [main] INFO  c.H.service.PatientService - Retrieved patient - ID: 1, MRN: MRN-ABC12345
2026-05-31 23:07:13.922 [main] INFO  c.H.service.PatientService - Starting patient registration - Name: Jane Doe
2026-05-31 23:07:13.930 [main] INFO  c.H.service.PatientService - Successfully registered patient - ID: 2, MRN: MRN-F1743B7D
2026-05-31 23:07:13.962 [main] DEBUG c.H.service.PatientService - Fetching patient with ID: 999
2026-05-31 23:07:13.962 [main] DEBUG c.H.service.PatientService - Looking up patient by ID: 999
2026-05-31 23:07:13.988 [main] DEBUG c.H.service.PatientService - Fetching patient with MRN: MRN-NOTFOUND
2026-05-31 23:07:14.001 [main] DEBUG c.H.service.PatientService - Fetching all patients from registry
2026-05-31 23:07:14.002 [main] INFO  c.H.service.PatientService - Retrieved 1 patients from registry
2026-05-31 23:07:14.012 [main] INFO  c.H.service.PatientService - Starting patient update - ID: 1
2026-05-31 23:07:14.012 [main] DEBUG c.H.service.PatientService - Looking up patient by ID: 1
2026-05-31 23:07:14.013 [main] DEBUG c.H.service.PatientService - Found patient - ID: 1, MRN: MRN-ABC12345
2026-05-31 23:07:14.015 [main] INFO  c.H.service.PatientService - Successfully updated patient - ID: 1, MRN: MRN-ABC12345
2026-05-31 23:07:14.026 [main] DEBUG c.H.service.PatientService - Fetching patient with MRN: MRN-ABC12345
2026-05-31 23:07:14.028 [main] INFO  c.H.service.PatientService - Retrieved patient - MRN: MRN-ABC12345, Name: Jane Doe
2026-05-31 23:07:14.038 [main] INFO  c.H.service.PatientService - Starting patient deactivation - ID: 1
2026-05-31 23:07:14.038 [main] DEBUG c.H.service.PatientService - Looking up patient by ID: 1
2026-05-31 23:07:14.040 [main] DEBUG c.H.service.PatientService - Found patient - ID: 1, MRN: MRN-ABC12345
2026-05-31 23:07:14.040 [main] INFO  c.H.service.PatientService - Successfully deactivated patient - ID: 1, MRN: MRN-ABC12345
2026-05-31 23:07:14.340 [main] INFO  c.H.service.PrescriptionService - Creating prescription for PatientID=1, EncounterID=1
2026-05-31 23:07:14.353 [main] INFO  c.H.service.PrescriptionService - Creating prescription for PatientID=1, EncounterID=1
2026-05-31 23:07:14.363 [main] INFO  c.H.service.PrescriptionService - Updating prescription RxID=1, NewStatus=ISSUED
2026-05-31 23:07:14.377 [main] DEBUG c.H.service.PrescriptionService - Fetching all prescriptions
2026-05-31 23:07:14.392 [main] DEBUG c.H.service.PrescriptionService - Fetching prescription with ID: 1
2026-05-31 23:07:14.405 [main] DEBUG c.H.service.PrescriptionService - Fetching prescription with ID: 1
2026-05-31 23:07:14.414 [main] INFO  c.H.service.PrescriptionService - Creating prescription for PatientID=1, EncounterID=1
2026-05-31 23:07:14.432 [main] INFO  c.H.service.PrescriptionService - Creating prescription for PatientID=1, EncounterID=1
2026-05-31 23:07:14.443 [main] DEBUG c.H.service.PrescriptionService - Fetching prescription with ID: 999
2026-05-31 23:07:14.456 [main] INFO  c.H.service.PrescriptionService - Deleting prescription RxID=1
2026-05-31 23:07:14.471 [main] INFO  c.H.service.PrescriptionService - Creating prescription for PatientID=1, EncounterID=1
2026-05-31 23:07:14.489 [main] DEBUG c.H.service.PrescriptionService - Fetching all prescriptions
2026-05-31 23:07:14.505 [main] INFO  c.H.service.PrescriptionService - Updating prescription RxID=1, NewStatus=ISSUED
2026-05-31 23:07:14.520 [main] INFO  c.H.service.PrescriptionService - Deleting prescription RxID=999
2026-05-31 23:11:10.233 [main] DEBUG c.H.service.AppointmentService - Fetching appointment with ID: 999
2026-05-31 23:11:10.430 [main] INFO  c.H.service.AppointmentService - Completing appointment - AppointmentID: 1
2026-05-31 23:11:10.439 [main] INFO  c.H.service.AppointmentService - Appointment completed successfully - AppointmentID: 1
2026-05-31 23:11:10.547 [main] INFO  c.H.service.AppointmentService - Creating new appointment - PatientID: 5, ClinicianID: 10, Department: General Medicine
2026-05-31 23:11:10.809 [main] DEBUG c.H.service.AppointmentService - Fetching all appointments
2026-05-31 23:11:10.829 [main] INFO  c.H.service.AppointmentService - Retrieved 1 appointments
2026-05-31 23:11:10.881 [main] INFO  c.H.service.AppointmentService - Updating appointment - AppointmentID: 1, NewStatus: SCHEDULED
2026-05-31 23:11:10.887 [main] INFO  c.H.service.AppointmentService - Appointment updated successfully - AppointmentID: 1, Status: SCHEDULED
2026-05-31 23:11:10.925 [main] INFO  c.H.service.AppointmentService - Checking in appointment - AppointmentID: 1
2026-05-31 23:11:10.927 [main] INFO  c.H.service.AppointmentService - Appointment checked in successfully - AppointmentID: 1
2026-05-31 23:11:10.960 [main] DEBUG c.H.service.AppointmentService - Fetching appointment with ID: 1
2026-05-31 23:11:10.965 [main] INFO  c.H.service.AppointmentService - Retrieved appointment - ID: 1, PatientID: 5
2026-05-31 23:11:10.981 [main] INFO  c.H.service.AppointmentService - Creating new appointment - PatientID: 5, ClinicianID: 10, Department: General Medicine
2026-05-31 23:11:10.999 [main] DEBUG c.H.service.AppointmentService - Fetching appointments for patient ID: 5
2026-05-31 23:11:11.002 [main] INFO  c.H.service.AppointmentService - Retrieved 1 appointments for patient ID: 5
2026-05-31 23:11:11.020 [main] INFO  c.H.service.AppointmentService - Creating new appointment - PatientID: 5, ClinicianID: 10, Department: General Medicine
2026-05-31 23:11:11.027 [main] INFO  c.H.service.AppointmentService - Appointment created successfully - AppointmentID: 1, PatientID: 5, Status: SCHEDULED
2026-05-31 23:11:11.057 [main] INFO  c.H.service.AppointmentService - Cancelling appointment - AppointmentID: 1
2026-05-31 23:11:11.058 [main] INFO  c.H.service.AppointmentService - Appointment cancelled successfully - AppointmentID: 1
2026-05-31 23:11:11.407 [main] INFO  c.H.service.EncounterService - Creating new encounter - PatientID: 1, VisitType: Routine Checkup
2026-05-31 23:11:11.410 [main] INFO  c.H.service.EncounterService - Encounter created successfully - ID: 1
2026-05-31 23:11:11.425 [main] INFO  c.H.service.EncounterService - Updating encounter - ID: 1
2026-05-31 23:11:11.443 [main] INFO  c.H.service.EncounterService - Updating encounter - ID: 1
2026-05-31 23:11:11.443 [main] INFO  c.H.service.EncounterService - Encounter updated successfully - ID: 1
2026-05-31 23:11:11.453 [main] INFO  c.H.service.EncounterService - Creating new encounter - PatientID: 1, VisitType: Routine Checkup
2026-05-31 23:11:11.465 [main] INFO  c.H.service.EncounterService - Creating new encounter - PatientID: 1, VisitType: Routine Checkup
2026-05-31 23:11:11.466 [main] INFO  c.H.service.EncounterService - Encounter created successfully - ID: null
2026-05-31 23:11:11.480 [main] INFO  c.H.service.EncounterService - Updating encounter - ID: 1
2026-05-31 23:11:11.482 [main] INFO  c.H.service.EncounterService - Encounter updated successfully - ID: 1
2026-05-31 23:11:11.491 [main] DEBUG c.H.service.EncounterService - Fetching encounter with ID: 1
2026-05-31 23:11:11.492 [main] INFO  c.H.service.EncounterService - Retrieved encounter - ID: 1
2026-05-31 23:11:11.502 [main] INFO  c.H.service.EncounterService - Creating new encounter - PatientID: 1, VisitType: Routine Checkup
2026-05-31 23:11:11.502 [main] INFO  c.H.service.EncounterService - Encounter created successfully - ID: 1
2026-05-31 23:11:11.512 [main] DEBUG c.H.service.EncounterService - Fetching all encounters
2026-05-31 23:11:11.514 [main] INFO  c.H.service.EncounterService - Retrieved 0 encounters
2026-05-31 23:11:11.526 [main] INFO  c.H.service.EncounterService - Creating new encounter - PatientID: 1, VisitType: Routine Checkup
2026-05-31 23:11:11.536 [main] DEBUG c.H.service.EncounterService - Fetching all encounters
2026-05-31 23:11:11.537 [main] INFO  c.H.service.EncounterService - Retrieved 1 encounters
2026-05-31 23:11:11.548 [main] INFO  c.H.service.EncounterService - Deleting encounter - ID: 999
2026-05-31 23:11:11.558 [main] DEBUG c.H.service.EncounterService - Fetching encounter with ID: 999
2026-05-31 23:11:11.566 [main] DEBUG c.H.service.EncounterService - Fetching encounter with ID: 1
2026-05-31 23:11:11.567 [main] INFO  c.H.service.EncounterService - Retrieved encounter - ID: 1
2026-05-31 23:11:11.575 [main] DEBUG c.H.service.EncounterService - Fetching encounter with ID: 1
2026-05-31 23:11:11.576 [main] INFO  c.H.service.EncounterService - Retrieved encounter - ID: 1
2026-05-31 23:11:11.589 [main] INFO  c.H.service.EncounterService - Deleting encounter - ID: 1
2026-05-31 23:11:11.590 [main] INFO  c.H.service.EncounterService - Encounter deleted successfully - ID: 1
2026-05-31 23:11:11.650 [main] DEBUG c.H.service.PatientService - Fetching patient with ID: 1
2026-05-31 23:11:11.651 [main] DEBUG c.H.service.PatientService - Looking up patient by ID: 1
2026-05-31 23:11:11.659 [main] DEBUG c.H.service.PatientService - Found patient - ID: 1, MRN: MRN-ABC12345
2026-05-31 23:11:11.661 [main] INFO  c.H.service.PatientService - Retrieved patient - ID: 1, MRN: MRN-ABC12345
2026-05-31 23:11:11.675 [main] INFO  c.H.service.PatientService - Starting patient registration - Name: Jane Doe
2026-05-31 23:11:11.686 [main] INFO  c.H.service.PatientService - Successfully registered patient - ID: 2, MRN: MRN-B34CA3BD
2026-05-31 23:11:11.703 [main] DEBUG c.H.service.PatientService - Fetching patient with ID: 999
2026-05-31 23:11:11.703 [main] DEBUG c.H.service.PatientService - Looking up patient by ID: 999
2026-05-31 23:11:11.712 [main] DEBUG c.H.service.PatientService - Fetching patient with MRN: MRN-NOTFOUND
2026-05-31 23:11:11.722 [main] DEBUG c.H.service.PatientService - Fetching all patients from registry
2026-05-31 23:11:11.724 [main] INFO  c.H.service.PatientService - Retrieved 1 patients from registry
2026-05-31 23:11:11.733 [main] INFO  c.H.service.PatientService - Starting patient update - ID: 1
2026-05-31 23:11:11.734 [main] DEBUG c.H.service.PatientService - Looking up patient by ID: 1
2026-05-31 23:11:11.734 [main] DEBUG c.H.service.PatientService - Found patient - ID: 1, MRN: MRN-ABC12345
2026-05-31 23:11:11.735 [main] INFO  c.H.service.PatientService - Successfully updated patient - ID: 1, MRN: MRN-ABC12345
2026-05-31 23:11:11.743 [main] DEBUG c.H.service.PatientService - Fetching patient with MRN: MRN-ABC12345
2026-05-31 23:11:11.744 [main] INFO  c.H.service.PatientService - Retrieved patient - MRN: MRN-ABC12345, Name: Jane Doe
2026-05-31 23:11:11.752 [main] INFO  c.H.service.PatientService - Starting patient deactivation - ID: 1
2026-05-31 23:11:11.752 [main] DEBUG c.H.service.PatientService - Looking up patient by ID: 1
2026-05-31 23:11:11.753 [main] DEBUG c.H.service.PatientService - Found patient - ID: 1, MRN: MRN-ABC12345
2026-05-31 23:11:11.754 [main] INFO  c.H.service.PatientService - Successfully deactivated patient - ID: 1, MRN: MRN-ABC12345
2026-05-31 23:11:11.971 [main] INFO  c.H.service.PrescriptionService - Creating prescription for PatientID=1, EncounterID=1
2026-05-31 23:11:11.984 [main] INFO  c.H.service.PrescriptionService - Creating prescription for PatientID=1, EncounterID=1
2026-05-31 23:11:12.003 [main] INFO  c.H.service.PrescriptionService - Updating prescription RxID=1, NewStatus=ISSUED
2026-05-31 23:11:12.024 [main] DEBUG c.H.service.PrescriptionService - Fetching all prescriptions
2026-05-31 23:11:12.038 [main] DEBUG c.H.service.PrescriptionService - Fetching prescription with ID: 1
2026-05-31 23:11:12.052 [main] DEBUG c.H.service.PrescriptionService - Fetching prescription with ID: 1
2026-05-31 23:11:12.067 [main] INFO  c.H.service.PrescriptionService - Creating prescription for PatientID=1, EncounterID=1
2026-05-31 23:11:12.083 [main] INFO  c.H.service.PrescriptionService - Creating prescription for PatientID=1, EncounterID=1
2026-05-31 23:11:12.098 [main] DEBUG c.H.service.PrescriptionService - Fetching prescription with ID: 999
2026-05-31 23:11:12.113 [main] INFO  c.H.service.PrescriptionService - Deleting prescription RxID=1
2026-05-31 23:11:12.137 [main] INFO  c.H.service.PrescriptionService - Creating prescription for PatientID=1, EncounterID=1
2026-05-31 23:11:12.153 [main] DEBUG c.H.service.PrescriptionService - Fetching all prescriptions
2026-05-31 23:11:12.171 [main] INFO  c.H.service.PrescriptionService - Updating prescription RxID=1, NewStatus=ISSUED
2026-05-31 23:11:12.202 [main] INFO  c.H.service.PrescriptionService - Deleting prescription RxID=999
2026-05-31 23:16:21.025 [main] INFO  c.H.service.AdminUserService - Creating new user - Name: Dr. Asha Mehta, Email: asha.mehta@clinicflow.com, Role: CLINICIAN
2026-05-31 23:16:21.288 [main] INFO  c.H.service.AdminUserService - Updating user - UserID: 10, NewEmail: asha.mehta@clinicflow.com, NewRole: CLINICIAN
2026-05-31 23:16:21.325 [main] DEBUG c.H.service.AdminUserService - Fetching all users
2026-05-31 23:16:21.328 [main] INFO  c.H.service.AdminUserService - Retrieved 1 users
2026-05-31 23:16:21.348 [main] INFO  c.H.service.AdminUserService - Deactivating user - ID: 10
2026-05-31 23:16:21.354 [main] INFO  c.H.service.AdminUserService - User deactivated successfully - ID: 10, Email: asha.mehta@clinicflow.com
2026-05-31 23:16:21.387 [main] INFO  c.H.service.AdminUserService - Creating new user - Name: Jane Patient, Email: jane@example.com, Role: PATIENT
2026-05-31 23:16:21.414 [main] INFO  c.H.service.AdminUserService - Creating new user - Name: Dr. Asha Mehta, Email: asha.mehta@clinicflow.com, Role: CLINICIAN
2026-05-31 23:16:21.472 [main] INFO  c.H.service.AdminUserService - Creating new user - Name: Joe Staff, Email: joe@example.com, Role: INVALID_ROLE
2026-05-31 23:16:21.545 [main] DEBUG c.H.service.AdminUserService - Fetching user with ID: 10
2026-05-31 23:16:21.550 [main] INFO  c.H.service.AdminUserService - Retrieved user - ID: 10, Email: asha.mehta@clinicflow.com, Role: CLINICIAN, Status: ACTIVE
2026-05-31 23:16:21.575 [main] DEBUG c.H.service.AdminUserService - Fetching user with ID: 999
2026-05-31 23:16:22.186 [main] DEBUG c.H.service.AppointmentService - Fetching appointment with ID: 999
2026-05-31 23:16:22.202 [main] INFO  c.H.service.AppointmentService - Completing appointment - AppointmentID: 1
2026-05-31 23:16:22.206 [main] INFO  c.H.service.AppointmentService - Appointment completed successfully - AppointmentID: 1
2026-05-31 23:16:22.225 [main] INFO  c.H.service.AppointmentService - Creating new appointment - PatientID: 5, ClinicianID: 10, Department: General Medicine
2026-05-31 23:16:22.245 [main] DEBUG c.H.service.AppointmentService - Fetching all appointments
2026-05-31 23:16:22.247 [main] INFO  c.H.service.AppointmentService - Retrieved 1 appointments
2026-05-31 23:16:22.267 [main] INFO  c.H.service.AppointmentService - Updating appointment - AppointmentID: 1, NewStatus: SCHEDULED
2026-05-31 23:16:22.272 [main] INFO  c.H.service.AppointmentService - Appointment updated successfully - AppointmentID: 1, Status: SCHEDULED
2026-05-31 23:16:22.285 [main] INFO  c.H.service.AppointmentService - Checking in appointment - AppointmentID: 1
2026-05-31 23:16:22.287 [main] INFO  c.H.service.AppointmentService - Appointment checked in successfully - AppointmentID: 1
2026-05-31 23:16:22.306 [main] DEBUG c.H.service.AppointmentService - Fetching appointment with ID: 1
2026-05-31 23:16:22.307 [main] INFO  c.H.service.AppointmentService - Retrieved appointment - ID: 1, PatientID: 5
2026-05-31 23:16:22.325 [main] INFO  c.H.service.AppointmentService - Creating new appointment - PatientID: 5, ClinicianID: 10, Department: General Medicine
2026-05-31 23:16:22.342 [main] DEBUG c.H.service.AppointmentService - Fetching appointments for patient ID: 5
2026-05-31 23:16:22.345 [main] INFO  c.H.service.AppointmentService - Retrieved 1 appointments for patient ID: 5
2026-05-31 23:16:22.367 [main] INFO  c.H.service.AppointmentService - Creating new appointment - PatientID: 5, ClinicianID: 10, Department: General Medicine
2026-05-31 23:16:22.373 [main] INFO  c.H.service.AppointmentService - Appointment created successfully - AppointmentID: 1, PatientID: 5, Status: SCHEDULED
2026-05-31 23:16:22.385 [main] INFO  c.H.service.AppointmentService - Cancelling appointment - AppointmentID: 1
2026-05-31 23:16:22.386 [main] INFO  c.H.service.AppointmentService - Appointment cancelled successfully - AppointmentID: 1
2026-05-31 23:16:23.062 [main] INFO  c.H.service.AuthService - Attempting authentication for user with email: john.doe@example.com
2026-05-31 23:16:23.091 [main] INFO  c.H.service.AuthService - User authenticated successfully - Email: john.doe@example.com, Role: PATIENT
2026-05-31 23:16:23.161 [main] INFO  c.H.service.AuthService - Attempting to register new user with email: john.doe@example.com
2026-05-31 23:16:23.162 [main] WARN  c.H.service.AuthService - Registration failed: User already exists with email: john.doe@example.com
2026-05-31 23:16:23.183 [main] INFO  c.H.service.AuthService - Attempting authentication for user with email: john.doe@example.com
2026-05-31 23:16:23.190 [main] WARN  c.H.service.AuthService - Authentication failed: Invalid credentials for email: john.doe@example.com
2026-05-31 23:16:23.206 [main] INFO  c.H.service.AuthService - Attempting to register new user with email: john.doe@example.com
2026-05-31 23:16:23.208 [main] INFO  c.H.service.AuthService - User registered successfully - Name: John Doe, Email: john.doe@example.com, Phone: 1234567890, Role: PATIENT
2026-05-31 23:16:23.534 [main] INFO  c.H.service.EncounterService - Creating new encounter - PatientID: 1, VisitType: Routine Checkup
2026-05-31 23:16:23.541 [main] INFO  c.H.service.EncounterService - Encounter created successfully - ID: 1
2026-05-31 23:16:23.578 [main] INFO  c.H.service.EncounterService - Updating encounter - ID: 1
2026-05-31 23:16:23.618 [main] INFO  c.H.service.EncounterService - Updating encounter - ID: 1
2026-05-31 23:16:23.624 [main] INFO  c.H.service.EncounterService - Encounter updated successfully - ID: 1
2026-05-31 23:16:23.643 [main] INFO  c.H.service.EncounterService - Creating new encounter - PatientID: 1, VisitType: Routine Checkup
2026-05-31 23:16:23.665 [main] INFO  c.H.service.EncounterService - Creating new encounter - PatientID: 1, VisitType: Routine Checkup
2026-05-31 23:16:23.667 [main] INFO  c.H.service.EncounterService - Encounter created successfully - ID: null
2026-05-31 23:16:23.688 [main] INFO  c.H.service.EncounterService - Updating encounter - ID: 1
2026-05-31 23:16:23.690 [main] INFO  c.H.service.EncounterService - Encounter updated successfully - ID: 1
2026-05-31 23:16:23.717 [main] DEBUG c.H.service.EncounterService - Fetching encounter with ID: 1
2026-05-31 23:16:23.719 [main] INFO  c.H.service.EncounterService - Retrieved encounter - ID: 1
2026-05-31 23:16:23.755 [main] INFO  c.H.service.EncounterService - Creating new encounter - PatientID: 1, VisitType: Routine Checkup
2026-05-31 23:16:23.757 [main] INFO  c.H.service.EncounterService - Encounter created successfully - ID: 1
2026-05-31 23:16:23.781 [main] DEBUG c.H.service.EncounterService - Fetching all encounters
2026-05-31 23:16:23.792 [main] INFO  c.H.service.EncounterService - Retrieved 0 encounters
2026-05-31 23:16:23.822 [main] INFO  c.H.service.EncounterService - Creating new encounter - PatientID: 1, VisitType: Routine Checkup
2026-05-31 23:16:23.832 [main] DEBUG c.H.service.EncounterService - Fetching all encounters
2026-05-31 23:16:23.833 [main] INFO  c.H.service.EncounterService - Retrieved 1 encounters
2026-05-31 23:16:23.858 [main] INFO  c.H.service.EncounterService - Deleting encounter - ID: 999
2026-05-31 23:16:23.870 [main] DEBUG c.H.service.EncounterService - Fetching encounter with ID: 999
2026-05-31 23:16:23.884 [main] DEBUG c.H.service.EncounterService - Fetching encounter with ID: 1
2026-05-31 23:16:23.884 [main] INFO  c.H.service.EncounterService - Retrieved encounter - ID: 1
2026-05-31 23:16:23.896 [main] DEBUG c.H.service.EncounterService - Fetching encounter with ID: 1
2026-05-31 23:16:23.896 [main] INFO  c.H.service.EncounterService - Retrieved encounter - ID: 1
2026-05-31 23:16:23.912 [main] INFO  c.H.service.EncounterService - Deleting encounter - ID: 1
2026-05-31 23:16:23.913 [main] INFO  c.H.service.EncounterService - Encounter deleted successfully - ID: 1
2026-05-31 23:16:24.332 [main] INFO  c.H.service.InventoryService - Adjusting stock - Inventory ID: 10, Delta: -120
2026-05-31 23:16:24.333 [main] DEBUG c.H.service.InventoryService - Looking up inventory item by ID: 10
2026-05-31 23:16:24.337 [main] DEBUG c.H.service.InventoryService - Found inventory item - ID: 10, Batch: BATCH123
2026-05-31 23:16:24.338 [main] WARN  c.H.service.InventoryService - Stock adjustment would result in negative quantity - Current: 100, Delta: -120
2026-05-31 23:16:24.354 [main] DEBUG c.H.service.InventoryService - Fetching expired inventory
2026-05-31 23:16:24.358 [main] INFO  c.H.service.InventoryService - Retrieved 1 expired inventory items
2026-05-31 23:16:24.368 [main] INFO  c.H.service.InventoryService - Creating inventory item - Medication ID: 1, Batch: BATCH123
2026-05-31 23:16:24.369 [main] DEBUG c.H.service.InventoryService - Looking up medication by ID: 1
2026-05-31 23:16:24.372 [main] DEBUG c.H.service.InventoryService - Found medication - ID: 1, Name: Paracetamol
2026-05-31 23:16:24.373 [main] DEBUG c.H.service.InventoryService - Updating inventory status for item ID: null
2026-05-31 23:16:24.374 [main] DEBUG c.H.service.InventoryService - Set status to IN_STOCK for item ID: null
2026-05-31 23:16:24.374 [main] INFO  c.H.service.InventoryService - Successfully created inventory item - ID: 10, Batch: BATCH123
2026-05-31 23:16:24.388 [main] DEBUG c.H.service.InventoryService - Fetching inventory item by ID: 999
2026-05-31 23:16:24.388 [main] DEBUG c.H.service.InventoryService - Looking up inventory item by ID: 999
2026-05-31 23:16:24.398 [main] DEBUG c.H.service.InventoryService - Generating stock summary
2026-05-31 23:16:24.403 [main] INFO  c.H.service.InventoryService - Generated stock summary with 1 items
2026-05-31 23:16:24.415 [main] DEBUG c.H.service.InventoryService - Fetching expiring inventory within 30 days
2026-05-31 23:16:24.416 [main] INFO  c.H.service.InventoryService - Retrieved 1 expiring inventory items within 30 days
2026-05-31 23:16:24.430 [main] DEBUG c.H.service.InventoryService - Fetching all inventory items
2026-05-31 23:16:24.431 [main] INFO  c.H.service.InventoryService - Retrieved 1 inventory items
2026-05-31 23:16:24.451 [main] INFO  c.H.service.InventoryService - Deleting inventory item - ID: 10
2026-05-31 23:16:24.451 [main] DEBUG c.H.service.InventoryService - Looking up inventory item by ID: 10
2026-05-31 23:16:24.452 [main] DEBUG c.H.service.InventoryService - Found inventory item - ID: 10, Batch: BATCH123
2026-05-31 23:16:24.453 [main] INFO  c.H.service.InventoryService - Successfully deleted inventory item - ID: 10
2026-05-31 23:16:24.468 [main] INFO  c.H.service.InventoryService - Adjusting stock - Inventory ID: 10, Delta: -40
2026-05-31 23:16:24.471 [main] DEBUG c.H.service.InventoryService - Looking up inventory item by ID: 10
2026-05-31 23:16:24.472 [main] DEBUG c.H.service.InventoryService - Found inventory item - ID: 10, Batch: BATCH123
2026-05-31 23:16:24.474 [main] INFO  c.H.service.InventoryService - Successfully adjusted stock - Inventory ID: 10, New Quantity: 60
2026-05-31 23:16:24.481 [main] DEBUG c.H.service.InventoryService - Fetching inventory item by ID: 10
2026-05-31 23:16:24.483 [main] DEBUG c.H.service.InventoryService - Looking up inventory item by ID: 10
2026-05-31 23:16:24.484 [main] DEBUG c.H.service.InventoryService - Found inventory item - ID: 10, Batch: BATCH123
2026-05-31 23:16:24.484 [main] INFO  c.H.service.InventoryService - Retrieved inventory item - ID: 10, Medication: Paracetamol
2026-05-31 23:16:24.500 [main] INFO  c.H.service.InventoryService - Creating inventory item - Medication ID: 1, Batch: BATCH123
2026-05-31 23:16:24.500 [main] DEBUG c.H.service.InventoryService - Looking up medication by ID: 1
2026-05-31 23:16:24.503 [main] DEBUG c.H.service.InventoryService - Found medication - ID: 1, Name: Paracetamol
2026-05-31 23:16:24.505 [main] WARN  c.H.service.InventoryService - Attempted to create duplicate batch - Medication ID: 1, Batch: BATCH123
2026-05-31 23:16:24.694 [main] DEBUG c.H.service.InvoiceService - Fetching invoices for patient ID: 1
2026-05-31 23:16:24.694 [main] DEBUG c.H.service.InvoiceService - Looking up patient by ID: 1
2026-05-31 23:16:24.696 [main] DEBUG c.H.service.InvoiceService - Found patient - ID: 1, Name: Priya Nair
2026-05-31 23:16:24.698 [main] INFO  c.H.service.InvoiceService - Retrieved 1 invoices for patient ID: 1
2026-05-31 23:16:24.712 [main] INFO  c.H.service.InvoiceService - Updating invoice status - ID: 10, Status: PAID
2026-05-31 23:16:24.713 [main] DEBUG c.H.service.InvoiceService - Looking up invoice by ID: 10
2026-05-31 23:16:24.716 [main] DEBUG c.H.service.InvoiceService - Found invoice - ID: 10, Amount: 105.0
2026-05-31 23:16:24.720 [main] INFO  c.H.service.InvoiceService - Successfully updated invoice status - ID: 10, Status: PAID
2026-05-31 23:16:24.734 [main] DEBUG c.H.service.InvoiceService - Fetching all invoices
2026-05-31 23:16:24.739 [main] INFO  c.H.service.InvoiceService - Retrieved 1 invoices
2026-05-31 23:16:24.752 [main] INFO  c.H.service.InvoiceService - Creating invoice - Patient ID: 1, Amount: null
2026-05-31 23:16:24.753 [main] DEBUG c.H.service.InvoiceService - Looking up patient by ID: 1
2026-05-31 23:16:24.754 [main] DEBUG c.H.service.InvoiceService - Found patient - ID: 1, Name: Priya Nair
2026-05-31 23:16:24.755 [main] DEBUG c.H.service.InvoiceService - Looking up encounter by ID: 2
2026-05-31 23:16:24.756 [main] DEBUG c.H.service.InvoiceService - Found encounter - ID: 2
2026-05-31 23:16:24.758 [main] INFO  c.H.service.InvoiceService - Successfully created invoice - ID: 10, Amount: null
2026-05-31 23:16:24.768 [main] INFO  c.H.service.InvoiceService - Deleting invoice - ID: 10
2026-05-31 23:16:24.772 [main] DEBUG c.H.service.InvoiceService - Looking up invoice by ID: 10
2026-05-31 23:16:24.773 [main] DEBUG c.H.service.InvoiceService - Found invoice - ID: 10, Amount: 105.0
2026-05-31 23:16:24.774 [main] INFO  c.H.service.InvoiceService - Successfully deleted invoice - ID: 10
2026-05-31 23:16:24.789 [main] DEBUG c.H.service.InvoiceService - Fetching invoice by ID: 999
2026-05-31 23:16:24.790 [main] DEBUG c.H.service.InvoiceService - Looking up invoice by ID: 999
2026-05-31 23:16:24.800 [main] DEBUG c.H.service.InvoiceService - Fetching invoice by ID: 10
2026-05-31 23:16:24.801 [main] DEBUG c.H.service.InvoiceService - Looking up invoice by ID: 10
2026-05-31 23:16:24.802 [main] DEBUG c.H.service.InvoiceService - Found invoice - ID: 10, Amount: 105.0
2026-05-31 23:16:24.803 [main] INFO  c.H.service.InvoiceService - Retrieved invoice - ID: 10, Amount: 105.0
2026-05-31 23:16:26.401 [main] INFO  c.H.service.LabOrderService - Cancelling lab order - ID: 10
2026-05-31 23:16:26.402 [main] DEBUG c.H.service.LabOrderService - Looking up lab order by ID: 10
2026-05-31 23:16:26.403 [main] DEBUG c.H.service.LabOrderService - Found lab order - ID: 10, Status: RESULTS_REPORTED
2026-05-31 23:16:26.404 [main] WARN  c.H.service.LabOrderService - Attempted to cancel lab order with reported results - ID: 10, Status: RESULTS_REPORTED
2026-05-31 23:16:26.416 [main] INFO  c.H.service.LabOrderService - Creating lab order - Encounter ID: 2
2026-05-31 23:16:26.417 [main] DEBUG c.H.service.LabOrderService - Looking up encounter by ID: 2
2026-05-31 23:16:26.419 [main] DEBUG c.H.service.LabOrderService - Found encounter - ID: 2
2026-05-31 23:16:26.421 [main] INFO  c.H.service.LabOrderService - Successfully created lab order - ID: 10
2026-05-31 23:16:26.435 [main] INFO  c.H.service.LabOrderService - Collecting sample for lab order - ID: 10
2026-05-31 23:16:26.435 [main] DEBUG c.H.service.LabOrderService - Looking up lab order by ID: 10
2026-05-31 23:16:26.435 [main] DEBUG c.H.service.LabOrderService - Found lab order - ID: 10, Status: ORDERED
2026-05-31 23:16:26.437 [main] INFO  c.H.service.LabOrderService - Successfully collected sample for lab order - ID: 10
2026-05-31 23:16:26.445 [main] DEBUG c.H.service.LabOrderService - Fetching all lab orders
2026-05-31 23:16:26.446 [main] INFO  c.H.service.LabOrderService - Retrieved 1 lab orders
2026-05-31 23:16:26.457 [main] INFO  c.H.service.LabOrderService - Updating lab order - ID: 10
2026-05-31 23:16:26.457 [main] DEBUG c.H.service.LabOrderService - Looking up lab order by ID: 10
2026-05-31 23:16:26.458 [main] DEBUG c.H.service.LabOrderService - Found lab order - ID: 10, Status: ORDERED
2026-05-31 23:16:26.458 [main] INFO  c.H.service.LabOrderService - Successfully updated lab order - ID: 10
2026-05-31 23:16:26.472 [main] DEBUG c.H.service.LabOrderService - Fetching lab order by ID: 10
2026-05-31 23:16:26.472 [main] DEBUG c.H.service.LabOrderService - Looking up lab order by ID: 10
2026-05-31 23:16:26.473 [main] DEBUG c.H.service.LabOrderService - Found lab order - ID: 10, Status: ORDERED
2026-05-31 23:16:26.473 [main] INFO  c.H.service.LabOrderService - Retrieved lab order - ID: 10, Status: ORDERED
2026-05-31 23:16:26.483 [main] INFO  c.H.service.LabOrderService - Updating lab order - ID: 10
2026-05-31 23:16:26.483 [main] DEBUG c.H.service.LabOrderService - Looking up lab order by ID: 10
2026-05-31 23:16:26.483 [main] DEBUG c.H.service.LabOrderService - Found lab order - ID: 10, Status: COLLECTED
2026-05-31 23:16:26.484 [main] WARN  c.H.service.LabOrderService - Attempted to update lab order not in ORDERED status - ID: 10, Status: COLLECTED
2026-05-31 23:16:26.493 [main] INFO  c.H.service.LabOrderService - Cancelling lab order - ID: 10
2026-05-31 23:16:26.493 [main] DEBUG c.H.service.LabOrderService - Looking up lab order by ID: 10
2026-05-31 23:16:26.493 [main] DEBUG c.H.service.LabOrderService - Found lab order - ID: 10, Status: ORDERED
2026-05-31 23:16:26.496 [main] INFO  c.H.service.LabOrderService - Successfully cancelled lab order - ID: 10
2026-05-31 23:16:26.521 [main] DEBUG c.H.service.LabResultService - Fetching lab result by ID: 999
2026-05-31 23:16:26.522 [main] DEBUG c.H.service.LabResultService - Looking up lab result by ID: 999
2026-05-31 23:16:26.532 [main] DEBUG c.H.service.LabResultService - Fetching all lab results
2026-05-31 23:16:26.534 [main] INFO  c.H.service.LabResultService - Retrieved 1 lab results
2026-05-31 23:16:26.545 [main] INFO  c.H.service.LabResultService - Deleting lab result - ID: 100
2026-05-31 23:16:26.545 [main] DEBUG c.H.service.LabResultService - Looking up lab result by ID: 100
2026-05-31 23:16:26.545 [main] DEBUG c.H.service.LabResultService - Found lab result - ID: 100, Test: WBC
2026-05-31 23:16:26.546 [main] DEBUG c.H.service.LabResultService - Updating lab order status - Order ID: 10
2026-05-31 23:16:26.547 [main] DEBUG c.H.service.LabResultService - Set lab order status to ORDERED (no results)
2026-05-31 23:16:26.547 [main] INFO  c.H.service.LabResultService - Successfully deleted lab result - ID: 100
2026-05-31 23:16:26.582 [main] INFO  c.H.service.LabResultService - Creating lab result - Order ID: 10, Test: WBC
2026-05-31 23:16:26.582 [main] DEBUG c.H.service.LabResultService - Looking up lab order by ID: 10
2026-05-31 23:16:26.584 [main] DEBUG c.H.service.LabResultService - Found lab order - ID: 10, Status: COLLECTED
2026-05-31 23:16:26.584 [main] DEBUG c.H.service.LabResultService - Updating lab order status - Order ID: 10
2026-05-31 23:16:26.585 [main] DEBUG c.H.service.LabResultService - Updated lab order status to RESULTS_REPORTED - Critical: false
2026-05-31 23:16:26.586 [main] INFO  c.H.service.LabResultService - Successfully created lab result - ID: 100
2026-05-31 23:16:26.595 [main] DEBUG c.H.service.LabResultService - Fetching lab result by ID: 100
2026-05-31 23:16:26.595 [main] DEBUG c.H.service.LabResultService - Looking up lab result by ID: 100
2026-05-31 23:16:26.596 [main] DEBUG c.H.service.LabResultService - Found lab result - ID: 100, Test: WBC
2026-05-31 23:16:26.597 [main] INFO  c.H.service.LabResultService - Retrieved lab result - ID: 100, Test: WBC
2026-05-31 23:16:26.606 [main] INFO  c.H.service.LabResultService - Creating lab result - Order ID: 10, Test: WBC
2026-05-31 23:16:26.608 [main] DEBUG c.H.service.LabResultService - Looking up lab order by ID: 10
2026-05-31 23:16:26.608 [main] DEBUG c.H.service.LabResultService - Found lab order - ID: 10, Status: COLLECTED
2026-05-31 23:16:26.609 [main] DEBUG c.H.service.LabResultService - Updating lab order status - Order ID: 10
2026-05-31 23:16:26.609 [main] DEBUG c.H.service.LabResultService - Updated lab order status to CRITICAL_REPORTED - Critical: true
2026-05-31 23:16:26.610 [main] INFO  c.H.service.LabResultService - Successfully created lab result - ID: 101
2026-05-31 23:16:26.625 [main] DEBUG c.H.service.MedicationMasterService - Fetching medications - Search: null
2026-05-31 23:16:26.628 [main] INFO  c.H.service.MedicationMasterService - Retrieved 1 medications
2026-05-31 23:16:26.636 [main] DEBUG c.H.service.MedicationMasterService - Fetching medications - Search: Para
2026-05-31 23:16:26.637 [main] INFO  c.H.service.MedicationMasterService - Retrieved 1 medications
2026-05-31 23:16:26.646 [main] INFO  c.H.service.MedicationMasterService - Creating medication - Code: MED001, Name: Paracetamol
2026-05-31 23:16:26.647 [main] INFO  c.H.service.MedicationMasterService - Successfully created medication - ID: 1, Code: MED001
2026-05-31 23:16:26.655 [main] INFO  c.H.service.MedicationMasterService - Deactivating medication - ID: 1
2026-05-31 23:16:26.655 [main] DEBUG c.H.service.MedicationMasterService - Looking up medication by ID: 1
2026-05-31 23:16:26.658 [main] DEBUG c.H.service.MedicationMasterService - Found medication - ID: 1, Name: Paracetamol
2026-05-31 23:16:26.659 [main] INFO  c.H.service.MedicationMasterService - Successfully deactivated medication - ID: 1
2026-05-31 23:16:26.666 [main] INFO  c.H.service.MedicationMasterService - Updating medication - ID: 1
2026-05-31 23:16:26.666 [main] DEBUG c.H.service.MedicationMasterService - Looking up medication by ID: 1
2026-05-31 23:16:26.667 [main] DEBUG c.H.service.MedicationMasterService - Found medication - ID: 1, Name: Paracetamol
2026-05-31 23:16:26.667 [main] INFO  c.H.service.MedicationMasterService - Successfully updated medication - ID: 1
2026-05-31 23:16:26.680 [main] DEBUG c.H.service.MedicationMasterService - Fetching medication by ID: 1
2026-05-31 23:16:26.681 [main] DEBUG c.H.service.MedicationMasterService - Looking up medication by ID: 1
2026-05-31 23:16:26.682 [main] DEBUG c.H.service.MedicationMasterService - Found medication - ID: 1, Name: Paracetamol
2026-05-31 23:16:26.682 [main] INFO  c.H.service.MedicationMasterService - Retrieved medication - ID: 1, Name: Paracetamol
2026-05-31 23:16:26.695 [main] INFO  c.H.service.MedicationMasterService - Creating medication - Code: MED001, Name: Paracetamol
2026-05-31 23:16:26.696 [main] WARN  c.H.service.MedicationMasterService - Attempted to create medication with existing code: MED001
2026-05-31 23:16:26.712 [main] DEBUG c.H.service.PatientService - Fetching patient with ID: 1
2026-05-31 23:16:26.712 [main] DEBUG c.H.service.PatientService - Looking up patient by ID: 1
2026-05-31 23:16:26.714 [main] DEBUG c.H.service.PatientService - Found patient - ID: 1, MRN: MRN-ABC12345
2026-05-31 23:16:26.715 [main] INFO  c.H.service.PatientService - Retrieved patient - ID: 1, MRN: MRN-ABC12345
2026-05-31 23:16:26.725 [main] INFO  c.H.service.PatientService - Starting patient registration - Name: Jane Doe
2026-05-31 23:16:26.727 [main] INFO  c.H.service.PatientService - Successfully registered patient - ID: 2, MRN: MRN-01EA0C63
2026-05-31 23:16:26.734 [main] DEBUG c.H.service.PatientService - Fetching patient with ID: 999
2026-05-31 23:16:26.737 [main] DEBUG c.H.service.PatientService - Looking up patient by ID: 999
2026-05-31 23:16:26.748 [main] DEBUG c.H.service.PatientService - Fetching patient with MRN: MRN-NOTFOUND
2026-05-31 23:16:26.758 [main] DEBUG c.H.service.PatientService - Fetching all patients from registry
2026-05-31 23:16:26.759 [main] INFO  c.H.service.PatientService - Retrieved 1 patients from registry
2026-05-31 23:16:26.766 [main] INFO  c.H.service.PatientService - Starting patient update - ID: 1
2026-05-31 23:16:26.767 [main] DEBUG c.H.service.PatientService - Looking up patient by ID: 1
2026-05-31 23:16:26.767 [main] DEBUG c.H.service.PatientService - Found patient - ID: 1, MRN: MRN-ABC12345
2026-05-31 23:16:26.768 [main] INFO  c.H.service.PatientService - Successfully updated patient - ID: 1, MRN: MRN-ABC12345
2026-05-31 23:16:26.776 [main] DEBUG c.H.service.PatientService - Fetching patient with MRN: MRN-ABC12345
2026-05-31 23:16:26.778 [main] INFO  c.H.service.PatientService - Retrieved patient - MRN: MRN-ABC12345, Name: Jane Doe
2026-05-31 23:16:26.823 [main] INFO  c.H.service.PatientService - Starting patient deactivation - ID: 1
2026-05-31 23:16:26.824 [main] DEBUG c.H.service.PatientService - Looking up patient by ID: 1
2026-05-31 23:16:26.824 [main] DEBUG c.H.service.PatientService - Found patient - ID: 1, MRN: MRN-ABC12345
2026-05-31 23:16:26.825 [main] INFO  c.H.service.PatientService - Successfully deactivated patient - ID: 1, MRN: MRN-ABC12345
2026-05-31 23:16:27.110 [main] INFO  c.H.service.PaymentService - Recording manual payment | InvoiceId: 10, PatientId: 1, Amount: 200.0
2026-05-31 23:16:27.110 [main] DEBUG c.H.service.PaymentService - Looking up patient | PatientId: 1
2026-05-31 23:16:27.112 [main] WARN  c.H.service.PaymentService - Attempted payment on already PAID invoice | InvoiceId: 10
2026-05-31 23:16:27.120 [main] DEBUG c.H.service.PaymentService - Fetching payment by Id: 999
2026-05-31 23:16:27.121 [main] DEBUG c.H.service.PaymentService - Looking up payment | PaymentId: 999
2026-05-31 23:16:27.122 [main] ERROR c.H.service.PaymentService - Payment not found | PaymentId: 999
2026-05-31 23:16:27.130 [main] INFO  c.H.service.PaymentService - Recording manual payment | InvoiceId: 10, PatientId: 1, Amount: 200.0
2026-05-31 23:16:27.131 [main] DEBUG c.H.service.PaymentService - Looking up patient | PatientId: 1
2026-05-31 23:16:27.132 [main] DEBUG c.H.service.PaymentService - Updating invoice status | InvoiceId: 10
2026-05-31 23:16:27.132 [main] DEBUG c.H.service.PaymentService - Invoice status updated | InvoiceId: 10, Status: PARTIALLY_PAID
2026-05-31 23:16:27.133 [main] INFO  c.H.service.PaymentService - Payment recorded successfully | PaymentId: 50, InvoiceId: 10
2026-05-31 23:16:27.144 [main] INFO  c.H.service.PaymentService - Recording manual payment | InvoiceId: 10, PatientId: 1, Amount: -50.0
2026-05-31 23:16:27.145 [main] DEBUG c.H.service.PaymentService - Looking up patient | PatientId: 1
2026-05-31 23:16:27.145 [main] WARN  c.H.service.PaymentService - Invalid payment amount: -50.0
2026-05-31 23:16:27.158 [main] INFO  c.H.service.PaymentService - Recording manual payment | InvoiceId: 10, PatientId: 1, Amount: 500.0
2026-05-31 23:16:27.159 [main] DEBUG c.H.service.PaymentService - Looking up patient | PatientId: 1
2026-05-31 23:16:27.160 [main] DEBUG c.H.service.PaymentService - Updating invoice status | InvoiceId: 10
2026-05-31 23:16:27.161 [main] DEBUG c.H.service.PaymentService - Invoice status updated | InvoiceId: 10, Status: PAID
2026-05-31 23:16:27.161 [main] INFO  c.H.service.PaymentService - Payment recorded successfully | PaymentId: 50, InvoiceId: 10
2026-05-31 23:16:27.170 [main] DEBUG c.H.service.PaymentService - Fetching all payments
2026-05-31 23:16:27.170 [main] INFO  c.H.service.PaymentService - Total payments retrieved: 1
2026-05-31 23:16:27.179 [main] INFO  c.H.service.PaymentService - Recording manual payment | InvoiceId: 10, PatientId: 1, Amount: 200.0
2026-05-31 23:16:27.180 [main] DEBUG c.H.service.PaymentService - Looking up patient | PatientId: 1
2026-05-31 23:16:27.181 [main] WARN  c.H.service.PaymentService - Patient mismatch | InvoicePatientId: 1, PaymentPatientId: 2
2026-05-31 23:16:27.189 [main] DEBUG c.H.service.PaymentService - Fetching payment by Id: 50
2026-05-31 23:16:27.190 [main] DEBUG c.H.service.PaymentService - Looking up payment | PaymentId: 50
2026-05-31 23:16:27.190 [main] INFO  c.H.service.PaymentService - Payment found | PaymentId: 50, Amount: 200.0
2026-05-31 23:16:27.510 [main] INFO  c.H.service.PharmacyService - Dispensing prescription - Prescription ID: 10, Quantity: 30
2026-05-31 23:16:27.510 [main] DEBUG c.H.service.PharmacyService - Looking up prescription by ID: 10
2026-05-31 23:16:27.511 [main] DEBUG c.H.service.PharmacyService - Found prescription - ID: 10, Status: ISSUED
2026-05-31 23:16:27.512 [main] DEBUG c.H.service.PharmacyService - Looking up user by ID: 20
2026-05-31 23:16:27.513 [main] DEBUG c.H.service.PharmacyService - Found user - ID: 20, Username: null
2026-05-31 23:16:27.514 [main] DEBUG c.H.service.PharmacyService - Validating dispense - Prescription ID: 10, Item ID: 100, Quantity: 30
2026-05-31 23:16:27.514 [main] WARN  c.H.service.PharmacyService - Dispense quantity exceeds prescription quantity - Requested: 30, Prescribed: 20
2026-05-31 23:16:27.521 [main] DEBUG c.H.service.PharmacyService - Fetching all dispense records
2026-05-31 23:16:27.524 [main] INFO  c.H.service.PharmacyService - Retrieved 1 dispense records
2026-05-31 23:16:27.536 [main] INFO  c.H.service.PharmacyService - Processing dispense return - Dispense ID: 200, Return Quantity: 10
2026-05-31 23:16:27.537 [main] DEBUG c.H.service.PharmacyService - Looking up dispense record by ID: 200
2026-05-31 23:16:27.541 [main] DEBUG c.H.service.PharmacyService - Found dispense record - ID: 200, Status: DISPENSED
2026-05-31 23:16:27.541 [main] INFO  c.H.service.PharmacyService - Successfully processed dispense return - Dispense ID: 200, Status: RETURNED
2026-05-31 23:16:27.555 [main] INFO  c.H.service.PharmacyService - Dispensing prescription - Prescription ID: 10, Quantity: 10
2026-05-31 23:16:27.555 [main] DEBUG c.H.service.PharmacyService - Looking up prescription by ID: 10
2026-05-31 23:16:27.555 [main] DEBUG c.H.service.PharmacyService - Found prescription - ID: 10, Status: ISSUED
2026-05-31 23:16:27.555 [main] DEBUG c.H.service.PharmacyService - Looking up user by ID: 20
2026-05-31 23:16:27.555 [main] DEBUG c.H.service.PharmacyService - Found user - ID: 20, Username: null
2026-05-31 23:16:27.555 [main] DEBUG c.H.service.PharmacyService - Validating dispense - Prescription ID: 10, Item ID: 100, Quantity: 10
2026-05-31 23:16:27.557 [main] DEBUG c.H.service.PharmacyService - Dispense validation passed
2026-05-31 23:16:27.558 [main] INFO  c.H.service.PharmacyService - Successfully dispensed prescription - Dispense ID: 200, Prescription ID: 10
2026-05-31 23:16:27.569 [main] INFO  c.H.service.PharmacyService - Dispensing prescription - Prescription ID: 10, Quantity: 10
2026-05-31 23:16:27.569 [main] DEBUG c.H.service.PharmacyService - Looking up prescription by ID: 10
2026-05-31 23:16:27.569 [main] DEBUG c.H.service.PharmacyService - Found prescription - ID: 10, Status: DRAFT
2026-05-31 23:16:27.569 [main] DEBUG c.H.service.PharmacyService - Looking up user by ID: 20
2026-05-31 23:16:27.570 [main] DEBUG c.H.service.PharmacyService - Found user - ID: 20, Username: null
2026-05-31 23:16:27.570 [main] DEBUG c.H.service.PharmacyService - Validating dispense - Prescription ID: 10, Item ID: 100, Quantity: 10
2026-05-31 23:16:27.570 [main] WARN  c.H.service.PharmacyService - Prescription not in issued status - ID: 10, Status: DRAFT
2026-05-31 23:16:27.602 [main] INFO  c.H.service.PrescriptionService - Creating prescription for PatientID=1, EncounterID=1
2026-05-31 23:16:27.614 [main] INFO  c.H.service.PrescriptionService - Creating prescription for PatientID=1, EncounterID=1
2026-05-31 23:16:27.623 [main] INFO  c.H.service.PrescriptionService - Updating prescription RxID=1, NewStatus=ISSUED
2026-05-31 23:16:27.631 [main] DEBUG c.H.service.PrescriptionService - Fetching all prescriptions
2026-05-31 23:16:27.641 [main] DEBUG c.H.service.PrescriptionService - Fetching prescription with ID: 1
2026-05-31 23:16:27.648 [main] DEBUG c.H.service.PrescriptionService - Fetching prescription with ID: 1
2026-05-31 23:16:27.659 [main] INFO  c.H.service.PrescriptionService - Creating prescription for PatientID=1, EncounterID=1
2026-05-31 23:16:27.683 [main] INFO  c.H.service.PrescriptionService - Creating prescription for PatientID=1, EncounterID=1
2026-05-31 23:16:27.693 [main] DEBUG c.H.service.PrescriptionService - Fetching prescription with ID: 999
2026-05-31 23:16:27.704 [main] INFO  c.H.service.PrescriptionService - Deleting prescription RxID=1
2026-05-31 23:16:27.721 [main] INFO  c.H.service.PrescriptionService - Creating prescription for PatientID=1, EncounterID=1
2026-05-31 23:16:27.731 [main] DEBUG c.H.service.PrescriptionService - Fetching all prescriptions
2026-05-31 23:16:27.741 [main] INFO  c.H.service.PrescriptionService - Updating prescription RxID=1, NewStatus=ISSUED
2026-05-31 23:16:27.754 [main] INFO  c.H.service.PrescriptionService - Deleting prescription RxID=999
2026-05-31 23:16:27.922 [main] INFO  c.H.service.ReportService - Creating new report - Scope: OPD
2026-05-31 23:16:27.934 [main] DEBUG c.H.service.ReportService - Fetching report with ID: 10
2026-05-31 23:16:27.935 [main] INFO  c.H.service.ReportService - Retrieved report - ID: 10, Scope: OPD
2026-05-31 23:16:27.962 [main] DEBUG c.H.service.ReportService - Fetching all reports
2026-05-31 23:16:27.964 [main] INFO  c.H.service.ReportService - Retrieved 1 reports
2026-05-31 23:16:27.976 [main] INFO  c.H.service.ReportService - Updating report - ReportID: 10, NewScope: OPD
2026-05-31 23:16:27.995 [main] DEBUG c.H.service.ReportService - Fetching report with ID: 999
2026-05-31 23:17:31.155 [main] INFO  c.H.service.AdminUserService - Creating new user - Name: Dr. Asha Mehta, Email: asha.mehta@clinicflow.com, Role: CLINICIAN
2026-05-31 23:17:31.281 [main] INFO  c.H.service.AdminUserService - Updating user - UserID: 10, NewEmail: asha.mehta@clinicflow.com, NewRole: CLINICIAN
2026-05-31 23:17:31.302 [main] DEBUG c.H.service.AdminUserService - Fetching all users
2026-05-31 23:17:31.304 [main] INFO  c.H.service.AdminUserService - Retrieved 1 users
2026-05-31 23:17:31.320 [main] INFO  c.H.service.AdminUserService - Deactivating user - ID: 10
2026-05-31 23:17:31.322 [main] INFO  c.H.service.AdminUserService - User deactivated successfully - ID: 10, Email: asha.mehta@clinicflow.com
2026-05-31 23:17:31.339 [main] INFO  c.H.service.AdminUserService - Creating new user - Name: Jane Patient, Email: jane@example.com, Role: PATIENT
2026-05-31 23:17:31.355 [main] INFO  c.H.service.AdminUserService - Creating new user - Name: Dr. Asha Mehta, Email: asha.mehta@clinicflow.com, Role: CLINICIAN
2026-05-31 23:17:31.370 [main] INFO  c.H.service.AdminUserService - Creating new user - Name: Joe Staff, Email: joe@example.com, Role: INVALID_ROLE
2026-05-31 23:17:31.401 [main] DEBUG c.H.service.AdminUserService - Fetching user with ID: 10
2026-05-31 23:17:31.401 [main] INFO  c.H.service.AdminUserService - Retrieved user - ID: 10, Email: asha.mehta@clinicflow.com, Role: CLINICIAN, Status: ACTIVE
2026-05-31 23:17:31.435 [main] DEBUG c.H.service.AdminUserService - Fetching user with ID: 999
2026-05-31 23:17:31.734 [main] DEBUG c.H.service.AppointmentService - Fetching appointment with ID: 999
2026-05-31 23:17:31.745 [main] INFO  c.H.service.AppointmentService - Completing appointment - AppointmentID: 1
2026-05-31 23:17:31.746 [main] INFO  c.H.service.AppointmentService - Appointment completed successfully - AppointmentID: 1
2026-05-31 23:17:31.761 [main] INFO  c.H.service.AppointmentService - Creating new appointment - PatientID: 5, ClinicianID: 10, Department: General Medicine
2026-05-31 23:17:31.776 [main] DEBUG c.H.service.AppointmentService - Fetching all appointments
2026-05-31 23:17:31.779 [main] INFO  c.H.service.AppointmentService - Retrieved 1 appointments
2026-05-31 23:17:31.793 [main] INFO  c.H.service.AppointmentService - Updating appointment - AppointmentID: 1, NewStatus: SCHEDULED
2026-05-31 23:17:31.797 [main] INFO  c.H.service.AppointmentService - Appointment updated successfully - AppointmentID: 1, Status: SCHEDULED
2026-05-31 23:17:31.810 [main] INFO  c.H.service.AppointmentService - Checking in appointment - AppointmentID: 1
2026-05-31 23:17:31.811 [main] INFO  c.H.service.AppointmentService - Appointment checked in successfully - AppointmentID: 1
2026-05-31 23:17:31.824 [main] DEBUG c.H.service.AppointmentService - Fetching appointment with ID: 1
2026-05-31 23:17:31.825 [main] INFO  c.H.service.AppointmentService - Retrieved appointment - ID: 1, PatientID: 5
2026-05-31 23:17:31.840 [main] INFO  c.H.service.AppointmentService - Creating new appointment - PatientID: 5, ClinicianID: 10, Department: General Medicine
2026-05-31 23:17:31.854 [main] DEBUG c.H.service.AppointmentService - Fetching appointments for patient ID: 5
2026-05-31 23:17:31.857 [main] INFO  c.H.service.AppointmentService - Retrieved 1 appointments for patient ID: 5
2026-05-31 23:17:31.877 [main] INFO  c.H.service.AppointmentService - Creating new appointment - PatientID: 5, ClinicianID: 10, Department: General Medicine
2026-05-31 23:17:31.879 [main] INFO  c.H.service.AppointmentService - Appointment created successfully - AppointmentID: 1, PatientID: 5, Status: SCHEDULED
2026-05-31 23:17:31.892 [main] INFO  c.H.service.AppointmentService - Cancelling appointment - AppointmentID: 1
2026-05-31 23:17:31.894 [main] INFO  c.H.service.AppointmentService - Appointment cancelled successfully - AppointmentID: 1
2026-05-31 23:17:32.404 [main] INFO  c.H.service.AuthService - Attempting authentication for user with email: john.doe@example.com
2026-05-31 23:17:32.416 [main] INFO  c.H.service.AuthService - User authenticated successfully - Email: john.doe@example.com, Role: PATIENT
2026-05-31 23:17:32.455 [main] INFO  c.H.service.AuthService - Attempting to register new user with email: john.doe@example.com
2026-05-31 23:17:32.457 [main] WARN  c.H.service.AuthService - Registration failed: User already exists with email: john.doe@example.com
2026-05-31 23:17:32.500 [main] INFO  c.H.service.AuthService - Attempting authentication for user with email: john.doe@example.com
2026-05-31 23:17:32.503 [main] WARN  c.H.service.AuthService - Authentication failed: Invalid credentials for email: john.doe@example.com
2026-05-31 23:17:32.536 [main] INFO  c.H.service.AuthService - Attempting to register new user with email: john.doe@example.com
2026-05-31 23:17:32.537 [main] INFO  c.H.service.AuthService - User registered successfully - Name: John Doe, Email: john.doe@example.com, Phone: 1234567890, Role: PATIENT
2026-05-31 23:17:32.899 [main] INFO  c.H.service.EncounterService - Creating new encounter - PatientID: 1, VisitType: Routine Checkup
2026-05-31 23:17:32.904 [main] INFO  c.H.service.EncounterService - Encounter created successfully - ID: 1
2026-05-31 23:17:32.924 [main] INFO  c.H.service.EncounterService - Updating encounter - ID: 1
2026-05-31 23:17:32.949 [main] INFO  c.H.service.EncounterService - Updating encounter - ID: 1
2026-05-31 23:17:32.951 [main] INFO  c.H.service.EncounterService - Encounter updated successfully - ID: 1
2026-05-31 23:17:32.972 [main] INFO  c.H.service.EncounterService - Creating new encounter - PatientID: 1, VisitType: Routine Checkup
2026-05-31 23:17:33.004 [main] INFO  c.H.service.EncounterService - Creating new encounter - PatientID: 1, VisitType: Routine Checkup
2026-05-31 23:17:33.005 [main] INFO  c.H.service.EncounterService - Encounter created successfully - ID: null
2026-05-31 23:17:33.029 [main] INFO  c.H.service.EncounterService - Updating encounter - ID: 1
2026-05-31 23:17:33.031 [main] INFO  c.H.service.EncounterService - Encounter updated successfully - ID: 1
2026-05-31 23:17:33.048 [main] DEBUG c.H.service.EncounterService - Fetching encounter with ID: 1
2026-05-31 23:17:33.050 [main] INFO  c.H.service.EncounterService - Retrieved encounter - ID: 1
2026-05-31 23:17:33.064 [main] INFO  c.H.service.EncounterService - Creating new encounter - PatientID: 1, VisitType: Routine Checkup
2026-05-31 23:17:33.065 [main] INFO  c.H.service.EncounterService - Encounter created successfully - ID: 1
2026-05-31 23:17:33.087 [main] DEBUG c.H.service.EncounterService - Fetching all encounters
2026-05-31 23:17:33.090 [main] INFO  c.H.service.EncounterService - Retrieved 0 encounters
2026-05-31 23:17:33.103 [main] INFO  c.H.service.EncounterService - Creating new encounter - PatientID: 1, VisitType: Routine Checkup
2026-05-31 23:17:33.120 [main] DEBUG c.H.service.EncounterService - Fetching all encounters
2026-05-31 23:17:33.121 [main] INFO  c.H.service.EncounterService - Retrieved 1 encounters
2026-05-31 23:17:33.141 [main] INFO  c.H.service.EncounterService - Deleting encounter - ID: 999
2026-05-31 23:17:33.156 [main] DEBUG c.H.service.EncounterService - Fetching encounter with ID: 999
2026-05-31 23:17:33.168 [main] DEBUG c.H.service.EncounterService - Fetching encounter with ID: 1
2026-05-31 23:17:33.169 [main] INFO  c.H.service.EncounterService - Retrieved encounter - ID: 1
2026-05-31 23:17:33.198 [main] DEBUG c.H.service.EncounterService - Fetching encounter with ID: 1
2026-05-31 23:17:33.199 [main] INFO  c.H.service.EncounterService - Retrieved encounter - ID: 1
2026-05-31 23:17:33.231 [main] INFO  c.H.service.EncounterService - Deleting encounter - ID: 1
2026-05-31 23:17:33.232 [main] INFO  c.H.service.EncounterService - Encounter deleted successfully - ID: 1
2026-05-31 23:17:33.571 [main] INFO  c.H.service.InventoryService - Adjusting stock - Inventory ID: 10, Delta: -120
2026-05-31 23:17:33.572 [main] DEBUG c.H.service.InventoryService - Looking up inventory item by ID: 10
2026-05-31 23:17:33.574 [main] DEBUG c.H.service.InventoryService - Found inventory item - ID: 10, Batch: BATCH123
2026-05-31 23:17:33.575 [main] WARN  c.H.service.InventoryService - Stock adjustment would result in negative quantity - Current: 100, Delta: -120
2026-05-31 23:17:33.587 [main] DEBUG c.H.service.InventoryService - Fetching expired inventory
2026-05-31 23:17:33.590 [main] INFO  c.H.service.InventoryService - Retrieved 1 expired inventory items
2026-05-31 23:17:33.610 [main] INFO  c.H.service.InventoryService - Creating inventory item - Medication ID: 1, Batch: BATCH123
2026-05-31 23:17:33.610 [main] DEBUG c.H.service.InventoryService - Looking up medication by ID: 1
2026-05-31 23:17:33.612 [main] DEBUG c.H.service.InventoryService - Found medication - ID: 1, Name: Paracetamol
2026-05-31 23:17:33.613 [main] DEBUG c.H.service.InventoryService - Updating inventory status for item ID: null
2026-05-31 23:17:33.613 [main] DEBUG c.H.service.InventoryService - Set status to IN_STOCK for item ID: null
2026-05-31 23:17:33.614 [main] INFO  c.H.service.InventoryService - Successfully created inventory item - ID: 10, Batch: BATCH123
2026-05-31 23:17:33.635 [main] DEBUG c.H.service.InventoryService - Fetching inventory item by ID: 999
2026-05-31 23:17:33.635 [main] DEBUG c.H.service.InventoryService - Looking up inventory item by ID: 999
2026-05-31 23:17:33.648 [main] DEBUG c.H.service.InventoryService - Generating stock summary
2026-05-31 23:17:33.649 [main] INFO  c.H.service.InventoryService - Generated stock summary with 1 items
2026-05-31 23:17:33.657 [main] DEBUG c.H.service.InventoryService - Fetching expiring inventory within 30 days
2026-05-31 23:17:33.658 [main] INFO  c.H.service.InventoryService - Retrieved 1 expiring inventory items within 30 days
2026-05-31 23:17:33.670 [main] DEBUG c.H.service.InventoryService - Fetching all inventory items
2026-05-31 23:17:33.671 [main] INFO  c.H.service.InventoryService - Retrieved 1 inventory items
2026-05-31 23:17:33.681 [main] INFO  c.H.service.InventoryService - Deleting inventory item - ID: 10
2026-05-31 23:17:33.681 [main] DEBUG c.H.service.InventoryService - Looking up inventory item by ID: 10
2026-05-31 23:17:33.682 [main] DEBUG c.H.service.InventoryService - Found inventory item - ID: 10, Batch: BATCH123
2026-05-31 23:17:33.682 [main] INFO  c.H.service.InventoryService - Successfully deleted inventory item - ID: 10
2026-05-31 23:17:33.689 [main] INFO  c.H.service.InventoryService - Adjusting stock - Inventory ID: 10, Delta: -40
2026-05-31 23:17:33.690 [main] DEBUG c.H.service.InventoryService - Looking up inventory item by ID: 10
2026-05-31 23:17:33.690 [main] DEBUG c.H.service.InventoryService - Found inventory item - ID: 10, Batch: BATCH123
2026-05-31 23:17:33.691 [main] INFO  c.H.service.InventoryService - Successfully adjusted stock - Inventory ID: 10, New Quantity: 60
2026-05-31 23:17:33.698 [main] DEBUG c.H.service.InventoryService - Fetching inventory item by ID: 10
2026-05-31 23:17:33.699 [main] DEBUG c.H.service.InventoryService - Looking up inventory item by ID: 10
2026-05-31 23:17:33.699 [main] DEBUG c.H.service.InventoryService - Found inventory item - ID: 10, Batch: BATCH123
2026-05-31 23:17:33.699 [main] INFO  c.H.service.InventoryService - Retrieved inventory item - ID: 10, Medication: Paracetamol
2026-05-31 23:17:33.711 [main] INFO  c.H.service.InventoryService - Creating inventory item - Medication ID: 1, Batch: BATCH123
2026-05-31 23:17:33.712 [main] DEBUG c.H.service.InventoryService - Looking up medication by ID: 1
2026-05-31 23:17:33.713 [main] DEBUG c.H.service.InventoryService - Found medication - ID: 1, Name: Paracetamol
2026-05-31 23:17:33.714 [main] WARN  c.H.service.InventoryService - Attempted to create duplicate batch - Medication ID: 1, Batch: BATCH123
2026-05-31 23:17:33.860 [main] DEBUG c.H.service.InvoiceService - Fetching invoices for patient ID: 1
2026-05-31 23:17:33.861 [main] DEBUG c.H.service.InvoiceService - Looking up patient by ID: 1
2026-05-31 23:17:33.863 [main] DEBUG c.H.service.InvoiceService - Found patient - ID: 1, Name: Priya Nair
2026-05-31 23:17:33.866 [main] INFO  c.H.service.InvoiceService - Retrieved 1 invoices for patient ID: 1
2026-05-31 23:17:33.882 [main] INFO  c.H.service.InvoiceService - Updating invoice status - ID: 10, Status: PAID
2026-05-31 23:17:33.882 [main] DEBUG c.H.service.InvoiceService - Looking up invoice by ID: 10
2026-05-31 23:17:33.883 [main] DEBUG c.H.service.InvoiceService - Found invoice - ID: 10, Amount: 105.0
2026-05-31 23:17:33.885 [main] INFO  c.H.service.InvoiceService - Successfully updated invoice status - ID: 10, Status: PAID
2026-05-31 23:17:33.896 [main] DEBUG c.H.service.InvoiceService - Fetching all invoices
2026-05-31 23:17:33.897 [main] INFO  c.H.service.InvoiceService - Retrieved 1 invoices
2026-05-31 23:17:33.913 [main] INFO  c.H.service.InvoiceService - Creating invoice - Patient ID: 1, Amount: null
2026-05-31 23:17:33.913 [main] DEBUG c.H.service.InvoiceService - Looking up patient by ID: 1
2026-05-31 23:17:33.913 [main] DEBUG c.H.service.InvoiceService - Found patient - ID: 1, Name: Priya Nair
2026-05-31 23:17:33.914 [main] DEBUG c.H.service.InvoiceService - Looking up encounter by ID: 2
2026-05-31 23:17:33.916 [main] DEBUG c.H.service.InvoiceService - Found encounter - ID: 2
2026-05-31 23:17:33.917 [main] INFO  c.H.service.InvoiceService - Successfully created invoice - ID: 10, Amount: null
2026-05-31 23:17:33.933 [main] INFO  c.H.service.InvoiceService - Deleting invoice - ID: 10
2026-05-31 23:17:33.933 [main] DEBUG c.H.service.InvoiceService - Looking up invoice by ID: 10
2026-05-31 23:17:33.934 [main] DEBUG c.H.service.InvoiceService - Found invoice - ID: 10, Amount: 105.0
2026-05-31 23:17:33.934 [main] INFO  c.H.service.InvoiceService - Successfully deleted invoice - ID: 10
2026-05-31 23:17:33.940 [main] DEBUG c.H.service.InvoiceService - Fetching invoice by ID: 999
2026-05-31 23:17:33.942 [main] DEBUG c.H.service.InvoiceService - Looking up invoice by ID: 999
2026-05-31 23:17:33.953 [main] DEBUG c.H.service.InvoiceService - Fetching invoice by ID: 10
2026-05-31 23:17:33.954 [main] DEBUG c.H.service.InvoiceService - Looking up invoice by ID: 10
2026-05-31 23:17:33.954 [main] DEBUG c.H.service.InvoiceService - Found invoice - ID: 10, Amount: 105.0
2026-05-31 23:17:33.954 [main] INFO  c.H.service.InvoiceService - Retrieved invoice - ID: 10, Amount: 105.0
2026-05-31 23:17:35.344 [main] INFO  c.H.service.LabOrderService - Cancelling lab order - ID: 10
2026-05-31 23:17:35.345 [main] DEBUG c.H.service.LabOrderService - Looking up lab order by ID: 10
2026-05-31 23:17:35.346 [main] DEBUG c.H.service.LabOrderService - Found lab order - ID: 10, Status: RESULTS_REPORTED
2026-05-31 23:17:35.346 [main] WARN  c.H.service.LabOrderService - Attempted to cancel lab order with reported results - ID: 10, Status: RESULTS_REPORTED
2026-05-31 23:17:35.353 [main] INFO  c.H.service.LabOrderService - Creating lab order - Encounter ID: 2
2026-05-31 23:17:35.354 [main] DEBUG c.H.service.LabOrderService - Looking up encounter by ID: 2
2026-05-31 23:17:35.356 [main] DEBUG c.H.service.LabOrderService - Found encounter - ID: 2
2026-05-31 23:17:35.357 [main] INFO  c.H.service.LabOrderService - Successfully created lab order - ID: 10
2026-05-31 23:17:35.371 [main] INFO  c.H.service.LabOrderService - Collecting sample for lab order - ID: 10
2026-05-31 23:17:35.372 [main] DEBUG c.H.service.LabOrderService - Looking up lab order by ID: 10
2026-05-31 23:17:35.372 [main] DEBUG c.H.service.LabOrderService - Found lab order - ID: 10, Status: ORDERED
2026-05-31 23:17:35.373 [main] INFO  c.H.service.LabOrderService - Successfully collected sample for lab order - ID: 10
2026-05-31 23:17:35.384 [main] DEBUG c.H.service.LabOrderService - Fetching all lab orders
2026-05-31 23:17:35.384 [main] INFO  c.H.service.LabOrderService - Retrieved 1 lab orders
2026-05-31 23:17:35.393 [main] INFO  c.H.service.LabOrderService - Updating lab order - ID: 10
2026-05-31 23:17:35.394 [main] DEBUG c.H.service.LabOrderService - Looking up lab order by ID: 10
2026-05-31 23:17:35.395 [main] DEBUG c.H.service.LabOrderService - Found lab order - ID: 10, Status: ORDERED
2026-05-31 23:17:35.395 [main] INFO  c.H.service.LabOrderService - Successfully updated lab order - ID: 10
2026-05-31 23:17:35.407 [main] DEBUG c.H.service.LabOrderService - Fetching lab order by ID: 10
2026-05-31 23:17:35.407 [main] DEBUG c.H.service.LabOrderService - Looking up lab order by ID: 10
2026-05-31 23:17:35.408 [main] DEBUG c.H.service.LabOrderService - Found lab order - ID: 10, Status: ORDERED
2026-05-31 23:17:35.408 [main] INFO  c.H.service.LabOrderService - Retrieved lab order - ID: 10, Status: ORDERED
2026-05-31 23:17:35.418 [main] INFO  c.H.service.LabOrderService - Updating lab order - ID: 10
2026-05-31 23:17:35.418 [main] DEBUG c.H.service.LabOrderService - Looking up lab order by ID: 10
2026-05-31 23:17:35.418 [main] DEBUG c.H.service.LabOrderService - Found lab order - ID: 10, Status: COLLECTED
2026-05-31 23:17:35.419 [main] WARN  c.H.service.LabOrderService - Attempted to update lab order not in ORDERED status - ID: 10, Status: COLLECTED
2026-05-31 23:17:35.433 [main] INFO  c.H.service.LabOrderService - Cancelling lab order - ID: 10
2026-05-31 23:17:35.433 [main] DEBUG c.H.service.LabOrderService - Looking up lab order by ID: 10
2026-05-31 23:17:35.434 [main] DEBUG c.H.service.LabOrderService - Found lab order - ID: 10, Status: ORDERED
2026-05-31 23:17:35.435 [main] INFO  c.H.service.LabOrderService - Successfully cancelled lab order - ID: 10
2026-05-31 23:17:35.461 [main] DEBUG c.H.service.LabResultService - Fetching lab result by ID: 999
2026-05-31 23:17:35.462 [main] DEBUG c.H.service.LabResultService - Looking up lab result by ID: 999
2026-05-31 23:17:35.480 [main] DEBUG c.H.service.LabResultService - Fetching all lab results
2026-05-31 23:17:35.488 [main] INFO  c.H.service.LabResultService - Retrieved 1 lab results
2026-05-31 23:17:35.499 [main] INFO  c.H.service.LabResultService - Deleting lab result - ID: 100
2026-05-31 23:17:35.499 [main] DEBUG c.H.service.LabResultService - Looking up lab result by ID: 100
2026-05-31 23:17:35.499 [main] DEBUG c.H.service.LabResultService - Found lab result - ID: 100, Test: WBC
2026-05-31 23:17:35.500 [main] DEBUG c.H.service.LabResultService - Updating lab order status - Order ID: 10
2026-05-31 23:17:35.500 [main] DEBUG c.H.service.LabResultService - Set lab order status to COLLECTED (no results)
2026-05-31 23:17:35.500 [main] INFO  c.H.service.LabResultService - Successfully deleted lab result - ID: 100
2026-05-31 23:17:35.515 [main] INFO  c.H.service.LabResultService - Creating lab result - Order ID: 10, Test: WBC
2026-05-31 23:17:35.516 [main] DEBUG c.H.service.LabResultService - Looking up lab order by ID: 10
2026-05-31 23:17:35.519 [main] DEBUG c.H.service.LabResultService - Found lab order - ID: 10, Status: COLLECTED
2026-05-31 23:17:35.520 [main] DEBUG c.H.service.LabResultService - Updating lab order status - Order ID: 10
2026-05-31 23:17:35.521 [main] DEBUG c.H.service.LabResultService - Updated lab order status to RESULTS_REPORTED - Critical: false
2026-05-31 23:17:35.521 [main] INFO  c.H.service.LabResultService - Successfully created lab result - ID: 100
2026-05-31 23:17:35.529 [main] DEBUG c.H.service.LabResultService - Fetching lab result by ID: 100
2026-05-31 23:17:35.529 [main] DEBUG c.H.service.LabResultService - Looking up lab result by ID: 100
2026-05-31 23:17:35.529 [main] DEBUG c.H.service.LabResultService - Found lab result - ID: 100, Test: WBC
2026-05-31 23:17:35.530 [main] INFO  c.H.service.LabResultService - Retrieved lab result - ID: 100, Test: WBC
2026-05-31 23:17:35.539 [main] INFO  c.H.service.LabResultService - Creating lab result - Order ID: 10, Test: WBC
2026-05-31 23:17:35.540 [main] DEBUG c.H.service.LabResultService - Looking up lab order by ID: 10
2026-05-31 23:17:35.540 [main] DEBUG c.H.service.LabResultService - Found lab order - ID: 10, Status: COLLECTED
2026-05-31 23:17:35.541 [main] DEBUG c.H.service.LabResultService - Updating lab order status - Order ID: 10
2026-05-31 23:17:35.543 [main] DEBUG c.H.service.LabResultService - Updated lab order status to CRITICAL_REPORTED - Critical: true
2026-05-31 23:17:35.544 [main] INFO  c.H.service.LabResultService - Successfully created lab result - ID: 101
2026-05-31 23:17:35.558 [main] DEBUG c.H.service.MedicationMasterService - Fetching medications - Search: null
2026-05-31 23:17:35.559 [main] INFO  c.H.service.MedicationMasterService - Retrieved 1 medications
2026-05-31 23:17:35.580 [main] DEBUG c.H.service.MedicationMasterService - Fetching medications - Search: Para
2026-05-31 23:17:35.582 [main] INFO  c.H.service.MedicationMasterService - Retrieved 1 medications
2026-05-31 23:17:35.589 [main] INFO  c.H.service.MedicationMasterService - Creating medication - Code: MED001, Name: Paracetamol
2026-05-31 23:17:35.590 [main] INFO  c.H.service.MedicationMasterService - Successfully created medication - ID: 1, Code: MED001
2026-05-31 23:17:35.599 [main] INFO  c.H.service.MedicationMasterService - Deactivating medication - ID: 1
2026-05-31 23:17:35.599 [main] DEBUG c.H.service.MedicationMasterService - Looking up medication by ID: 1
2026-05-31 23:17:35.600 [main] DEBUG c.H.service.MedicationMasterService - Found medication - ID: 1, Name: Paracetamol
2026-05-31 23:17:35.601 [main] INFO  c.H.service.MedicationMasterService - Successfully deactivated medication - ID: 1
2026-05-31 23:17:35.622 [main] INFO  c.H.service.MedicationMasterService - Updating medication - ID: 1
2026-05-31 23:17:35.622 [main] DEBUG c.H.service.MedicationMasterService - Looking up medication by ID: 1
2026-05-31 23:17:35.622 [main] DEBUG c.H.service.MedicationMasterService - Found medication - ID: 1, Name: Paracetamol
2026-05-31 23:17:35.624 [main] INFO  c.H.service.MedicationMasterService - Successfully updated medication - ID: 1
2026-05-31 23:17:35.634 [main] DEBUG c.H.service.MedicationMasterService - Fetching medication by ID: 1
2026-05-31 23:17:35.635 [main] DEBUG c.H.service.MedicationMasterService - Looking up medication by ID: 1
2026-05-31 23:17:35.636 [main] DEBUG c.H.service.MedicationMasterService - Found medication - ID: 1, Name: Paracetamol
2026-05-31 23:17:35.636 [main] INFO  c.H.service.MedicationMasterService - Retrieved medication - ID: 1, Name: Paracetamol
2026-05-31 23:17:35.649 [main] INFO  c.H.service.MedicationMasterService - Creating medication - Code: MED001, Name: Paracetamol
2026-05-31 23:17:35.651 [main] WARN  c.H.service.MedicationMasterService - Attempted to create medication with existing code: MED001
2026-05-31 23:17:35.677 [main] DEBUG c.H.service.PatientService - Fetching patient with ID: 1
2026-05-31 23:17:35.678 [main] DEBUG c.H.service.PatientService - Looking up patient by ID: 1
2026-05-31 23:17:35.679 [main] DEBUG c.H.service.PatientService - Found patient - ID: 1, MRN: MRN-ABC12345
2026-05-31 23:17:35.689 [main] INFO  c.H.service.PatientService - Retrieved patient - ID: 1, MRN: MRN-ABC12345
2026-05-31 23:17:35.704 [main] INFO  c.H.service.PatientService - Starting patient registration - Name: Jane Doe
2026-05-31 23:17:35.706 [main] INFO  c.H.service.PatientService - Successfully registered patient - ID: 2, MRN: MRN-35D1C15C
2026-05-31 23:17:35.720 [main] DEBUG c.H.service.PatientService - Fetching patient with ID: 999
2026-05-31 23:17:35.720 [main] DEBUG c.H.service.PatientService - Looking up patient by ID: 999
2026-05-31 23:17:35.727 [main] DEBUG c.H.service.PatientService - Fetching patient with MRN: MRN-NOTFOUND
2026-05-31 23:17:35.734 [main] DEBUG c.H.service.PatientService - Fetching all patients from registry
2026-05-31 23:17:35.736 [main] INFO  c.H.service.PatientService - Retrieved 1 patients from registry
2026-05-31 23:17:35.743 [main] INFO  c.H.service.PatientService - Starting patient update - ID: 1
2026-05-31 23:17:35.744 [main] DEBUG c.H.service.PatientService - Looking up patient by ID: 1
2026-05-31 23:17:35.744 [main] DEBUG c.H.service.PatientService - Found patient - ID: 1, MRN: MRN-ABC12345
2026-05-31 23:17:35.745 [main] INFO  c.H.service.PatientService - Successfully updated patient - ID: 1, MRN: MRN-ABC12345
2026-05-31 23:17:35.752 [main] DEBUG c.H.service.PatientService - Fetching patient with MRN: MRN-ABC12345
2026-05-31 23:17:35.753 [main] INFO  c.H.service.PatientService - Retrieved patient - MRN: MRN-ABC12345, Name: Jane Doe
2026-05-31 23:17:35.763 [main] INFO  c.H.service.PatientService - Starting patient deactivation - ID: 1
2026-05-31 23:17:35.763 [main] DEBUG c.H.service.PatientService - Looking up patient by ID: 1
2026-05-31 23:17:35.764 [main] DEBUG c.H.service.PatientService - Found patient - ID: 1, MRN: MRN-ABC12345
2026-05-31 23:17:35.764 [main] INFO  c.H.service.PatientService - Successfully deactivated patient - ID: 1, MRN: MRN-ABC12345
2026-05-31 23:17:35.974 [main] INFO  c.H.service.PaymentService - Recording manual payment | InvoiceId: 10, PatientId: 1, Amount: 200.0
2026-05-31 23:17:35.975 [main] DEBUG c.H.service.PaymentService - Looking up patient | PatientId: 1
2026-05-31 23:17:35.976 [main] WARN  c.H.service.PaymentService - Attempted payment on already PAID invoice | InvoiceId: 10
2026-05-31 23:17:35.985 [main] DEBUG c.H.service.PaymentService - Fetching payment by Id: 999
2026-05-31 23:17:35.986 [main] DEBUG c.H.service.PaymentService - Looking up payment | PaymentId: 999
2026-05-31 23:17:35.987 [main] ERROR c.H.service.PaymentService - Payment not found | PaymentId: 999
2026-05-31 23:17:35.999 [main] INFO  c.H.service.PaymentService - Recording manual payment | InvoiceId: 10, PatientId: 1, Amount: 200.0
2026-05-31 23:17:36.000 [main] DEBUG c.H.service.PaymentService - Looking up patient | PatientId: 1
2026-05-31 23:17:36.001 [main] DEBUG c.H.service.PaymentService - Updating invoice status | InvoiceId: 10
2026-05-31 23:17:36.002 [main] DEBUG c.H.service.PaymentService - Invoice status updated | InvoiceId: 10, Status: PARTIALLY_PAID
2026-05-31 23:17:36.003 [main] INFO  c.H.service.PaymentService - Payment recorded successfully | PaymentId: 50, InvoiceId: 10
2026-05-31 23:17:36.012 [main] INFO  c.H.service.PaymentService - Recording manual payment | InvoiceId: 10, PatientId: 1, Amount: -50.0
2026-05-31 23:17:36.012 [main] DEBUG c.H.service.PaymentService - Looking up patient | PatientId: 1
2026-05-31 23:17:36.013 [main] WARN  c.H.service.PaymentService - Invalid payment amount: -50.0
2026-05-31 23:17:36.021 [main] INFO  c.H.service.PaymentService - Recording manual payment | InvoiceId: 10, PatientId: 1, Amount: 500.0
2026-05-31 23:17:36.022 [main] DEBUG c.H.service.PaymentService - Looking up patient | PatientId: 1
2026-05-31 23:17:36.023 [main] DEBUG c.H.service.PaymentService - Updating invoice status | InvoiceId: 10
2026-05-31 23:17:36.023 [main] DEBUG c.H.service.PaymentService - Invoice status updated | InvoiceId: 10, Status: PAID
2026-05-31 23:17:36.024 [main] INFO  c.H.service.PaymentService - Payment recorded successfully | PaymentId: 50, InvoiceId: 10
2026-05-31 23:17:36.034 [main] DEBUG c.H.service.PaymentService - Fetching all payments
2026-05-31 23:17:36.035 [main] INFO  c.H.service.PaymentService - Total payments retrieved: 1
2026-05-31 23:17:36.045 [main] INFO  c.H.service.PaymentService - Recording manual payment | InvoiceId: 10, PatientId: 1, Amount: 200.0
2026-05-31 23:17:36.046 [main] DEBUG c.H.service.PaymentService - Looking up patient | PatientId: 1
2026-05-31 23:17:36.046 [main] WARN  c.H.service.PaymentService - Patient mismatch | InvoicePatientId: 1, PaymentPatientId: 2
2026-05-31 23:17:36.055 [main] DEBUG c.H.service.PaymentService - Fetching payment by Id: 50
2026-05-31 23:17:36.055 [main] DEBUG c.H.service.PaymentService - Looking up payment | PaymentId: 50
2026-05-31 23:17:36.056 [main] INFO  c.H.service.PaymentService - Payment found | PaymentId: 50, Amount: 200.0
2026-05-31 23:17:36.316 [main] INFO  c.H.service.PharmacyService - Dispensing prescription - Prescription ID: 10, Quantity: 30
2026-05-31 23:17:36.316 [main] DEBUG c.H.service.PharmacyService - Looking up prescription by ID: 10
2026-05-31 23:17:36.317 [main] DEBUG c.H.service.PharmacyService - Found prescription - ID: 10, Status: ISSUED
2026-05-31 23:17:36.317 [main] DEBUG c.H.service.PharmacyService - Looking up user by ID: 20
2026-05-31 23:17:36.318 [main] DEBUG c.H.service.PharmacyService - Found user - ID: 20, Username: null
2026-05-31 23:17:36.319 [main] DEBUG c.H.service.PharmacyService - Validating dispense - Prescription ID: 10, Item ID: 100, Quantity: 30
2026-05-31 23:17:36.319 [main] WARN  c.H.service.PharmacyService - Dispense quantity exceeds prescription quantity - Requested: 30, Prescribed: 20
2026-05-31 23:17:36.328 [main] DEBUG c.H.service.PharmacyService - Fetching all dispense records
2026-05-31 23:17:36.331 [main] INFO  c.H.service.PharmacyService - Retrieved 1 dispense records
2026-05-31 23:17:36.341 [main] INFO  c.H.service.PharmacyService - Processing dispense return - Dispense ID: 200, Return Quantity: 10
2026-05-31 23:17:36.341 [main] DEBUG c.H.service.PharmacyService - Looking up dispense record by ID: 200
2026-05-31 23:17:36.343 [main] DEBUG c.H.service.PharmacyService - Found dispense record - ID: 200, Status: DISPENSED
2026-05-31 23:17:36.344 [main] INFO  c.H.service.PharmacyService - Successfully processed dispense return - Dispense ID: 200, Status: RETURNED
2026-05-31 23:17:36.352 [main] INFO  c.H.service.PharmacyService - Dispensing prescription - Prescription ID: 10, Quantity: 10
2026-05-31 23:17:36.352 [main] DEBUG c.H.service.PharmacyService - Looking up prescription by ID: 10
2026-05-31 23:17:36.352 [main] DEBUG c.H.service.PharmacyService - Found prescription - ID: 10, Status: ISSUED
2026-05-31 23:17:36.353 [main] DEBUG c.H.service.PharmacyService - Looking up user by ID: 20
2026-05-31 23:17:36.353 [main] DEBUG c.H.service.PharmacyService - Found user - ID: 20, Username: null
2026-05-31 23:17:36.353 [main] DEBUG c.H.service.PharmacyService - Validating dispense - Prescription ID: 10, Item ID: 100, Quantity: 10
2026-05-31 23:17:36.354 [main] DEBUG c.H.service.PharmacyService - Dispense validation passed
2026-05-31 23:17:36.355 [main] INFO  c.H.service.PharmacyService - Successfully dispensed prescription - Dispense ID: 200, Prescription ID: 10
2026-05-31 23:17:36.368 [main] INFO  c.H.service.PharmacyService - Dispensing prescription - Prescription ID: 10, Quantity: 10
2026-05-31 23:17:36.368 [main] DEBUG c.H.service.PharmacyService - Looking up prescription by ID: 10
2026-05-31 23:17:36.368 [main] DEBUG c.H.service.PharmacyService - Found prescription - ID: 10, Status: DRAFT
2026-05-31 23:17:36.369 [main] DEBUG c.H.service.PharmacyService - Looking up user by ID: 20
2026-05-31 23:17:36.369 [main] DEBUG c.H.service.PharmacyService - Found user - ID: 20, Username: null
2026-05-31 23:17:36.370 [main] DEBUG c.H.service.PharmacyService - Validating dispense - Prescription ID: 10, Item ID: 100, Quantity: 10
2026-05-31 23:17:36.370 [main] WARN  c.H.service.PharmacyService - Prescription not in issued status - ID: 10, Status: DRAFT
2026-05-31 23:17:36.434 [main] INFO  c.H.service.PrescriptionService - Creating prescription for PatientID=1, EncounterID=1
2026-05-31 23:17:36.449 [main] INFO  c.H.service.PrescriptionService - Creating prescription for PatientID=1, EncounterID=1
2026-05-31 23:17:36.460 [main] INFO  c.H.service.PrescriptionService - Updating prescription RxID=1, NewStatus=ISSUED
2026-05-31 23:17:36.473 [main] DEBUG c.H.service.PrescriptionService - Fetching all prescriptions
2026-05-31 23:17:36.490 [main] DEBUG c.H.service.PrescriptionService - Fetching prescription with ID: 1
2026-05-31 23:17:36.504 [main] DEBUG c.H.service.PrescriptionService - Fetching prescription with ID: 1
2026-05-31 23:17:36.531 [main] INFO  c.H.service.PrescriptionService - Creating prescription for PatientID=1, EncounterID=1
2026-05-31 23:17:36.558 [main] INFO  c.H.service.PrescriptionService - Creating prescription for PatientID=1, EncounterID=1
2026-05-31 23:17:36.571 [main] DEBUG c.H.service.PrescriptionService - Fetching prescription with ID: 999
2026-05-31 23:17:36.585 [main] INFO  c.H.service.PrescriptionService - Deleting prescription RxID=1
2026-05-31 23:17:36.610 [main] INFO  c.H.service.PrescriptionService - Creating prescription for PatientID=1, EncounterID=1
2026-05-31 23:17:36.620 [main] DEBUG c.H.service.PrescriptionService - Fetching all prescriptions
2026-05-31 23:17:36.629 [main] INFO  c.H.service.PrescriptionService - Updating prescription RxID=1, NewStatus=ISSUED
2026-05-31 23:17:36.645 [main] INFO  c.H.service.PrescriptionService - Deleting prescription RxID=999
2026-05-31 23:17:36.784 [main] INFO  c.H.service.ReportService - Creating new report - Scope: OPD
2026-05-31 23:17:36.799 [main] DEBUG c.H.service.ReportService - Fetching report with ID: 10
2026-05-31 23:17:36.801 [main] INFO  c.H.service.ReportService - Retrieved report - ID: 10, Scope: OPD
2026-05-31 23:17:36.812 [main] DEBUG c.H.service.ReportService - Fetching all reports
2026-05-31 23:17:36.812 [main] INFO  c.H.service.ReportService - Retrieved 1 reports
2026-05-31 23:17:36.819 [main] INFO  c.H.service.ReportService - Updating report - ReportID: 10, NewScope: OPD
2026-05-31 23:17:36.834 [main] DEBUG c.H.service.ReportService - Fetching report with ID: 999
2026-05-31 23:19:11.781 [main] INFO  c.H.HospitalManagementApplicationTests - Starting HospitalManagementApplicationTests using Java 21.0.10 with PID 17984 (started by ELCOT in D:\Projects\Backend\Hospital)
2026-05-31 23:19:11.788 [main] DEBUG c.H.HospitalManagementApplicationTests - Running with Spring Boot v4.0.5, Spring v7.0.6
2026-05-31 23:19:11.790 [main] INFO  c.H.HospitalManagementApplicationTests - No active profile set, falling back to 1 default profile: "default"
2026-05-31 23:19:15.410 [main] INFO  com.zaxxer.hikari.HikariDataSource - HikariPool-1 - Starting...
2026-05-31 23:19:19.019 [main] INFO  com.zaxxer.hikari.HikariDataSource - HikariPool-1 - Starting...
2026-05-31 23:19:20.076 [main] WARN  org.hibernate.orm.jdbc.error - HHH000247: ErrorCode: 1049, SQLState: 42000
2026-05-31 23:19:20.076 [main] WARN  org.hibernate.orm.jdbc.error - Unknown database 'hos3'
2026-05-31 23:19:20.081 [main] WARN  org.hibernate.orm.jdbc - HHH100046: Could not obtain connection to query JDBC database metadata
org.hibernate.exception.SQLGrammarException: Unable to obtain isolated JDBC connection [Unknown database 'hos3'] [n/a]
	at org.hibernate.exception.internal.SQLStateConversionDelegate.convert(SQLStateConversionDelegate.java:63)
	at org.hibernate.exception.internal.StandardSQLExceptionConverter.convert(StandardSQLExceptionConverter.java:34)
	at org.hibernate.engine.jdbc.spi.SqlExceptionHelper.convert(SqlExceptionHelper.java:115)
	at org.hibernate.engine.jdbc.spi.SqlExceptionHelper.convert(SqlExceptionHelper.java:101)
	at org.hibernate.resource.transaction.backend.jdbc.internal.JdbcIsolationDelegate.delegateWork(JdbcIsolationDelegate.java:51)
	at org.hibernate.engine.jdbc.env.internal.JdbcEnvironmentInitiator.getJdbcEnvironmentUsingJdbcMetadata(JdbcEnvironmentInitiator.java:366)
	at org.hibernate.engine.jdbc.env.internal.JdbcEnvironmentInitiator.getJdbcEnvironment(JdbcEnvironmentInitiator.java:143)
	at org.hibernate.engine.jdbc.env.internal.JdbcEnvironmentInitiator.initiateService(JdbcEnvironmentInitiator.java:120)
	at org.hibernate.engine.jdbc.env.internal.JdbcEnvironmentInitiator.initiateService(JdbcEnvironmentInitiator.java:80)
	at org.hibernate.boot.registry.internal.StandardServiceRegistryImpl.initiateService(StandardServiceRegistryImpl.java:133)
	at org.hibernate.service.internal.AbstractServiceRegistryImpl.createService(AbstractServiceRegistryImpl.java:260)
	at org.hibernate.service.internal.AbstractServiceRegistryImpl.initializeService(AbstractServiceRegistryImpl.java:235)
	at org.hibernate.service.internal.AbstractServiceRegistryImpl.getService(AbstractServiceRegistryImpl.java:212)
	at org.hibernate.boot.model.relational.Database.<init>(Database.java:44)
	at org.hibernate.boot.internal.InFlightMetadataCollectorImpl.getDatabase(InFlightMetadataCollectorImpl.java:251)
	at org.hibernate.boot.internal.InFlightMetadataCollectorImpl.<init>(InFlightMetadataCollectorImpl.java:203)
	at org.hibernate.boot.model.process.spi.MetadataBuildingProcess.complete(MetadataBuildingProcess.java:172)
	at org.hibernate.jpa.boot.internal.EntityManagerFactoryBuilderImpl.metadata(EntityManagerFactoryBuilderImpl.java:1392)
	at org.hibernate.jpa.boot.internal.EntityManagerFactoryBuilderImpl.populateSessionFactoryBuilder(EntityManagerFactoryBuilderImpl.java:1472)
	at org.hibernate.jpa.boot.internal.EntityManagerFactoryBuilderImpl.build(EntityManagerFactoryBuilderImpl.java:1454)
	at org.springframework.orm.jpa.vendor.SpringHibernateJpaPersistenceProvider.createContainerEntityManagerFactory(SpringHibernateJpaPersistenceProvider.java:93)
	at org.springframework.orm.jpa.LocalContainerEntityManagerFactoryBean.createNativeEntityManagerFactory(LocalContainerEntityManagerFactoryBean.java:443)
	at org.springframework.orm.jpa.AbstractEntityManagerFactoryBean.buildNativeEntityManagerFactory(AbstractEntityManagerFactoryBean.java:436)
	at org.springframework.orm.jpa.AbstractEntityManagerFactoryBean.afterPropertiesSet(AbstractEntityManagerFactoryBean.java:411)
	at org.springframework.orm.jpa.LocalContainerEntityManagerFactoryBean.afterPropertiesSet(LocalContainerEntityManagerFactoryBean.java:419)
	at org.springframework.beans.factory.support.AbstractAutowireCapableBeanFactory.invokeInitMethods(AbstractAutowireCapableBeanFactory.java:1864)
	at org.springframework.beans.factory.support.AbstractAutowireCapableBeanFactory.initializeBean(AbstractAutowireCapableBeanFactory.java:1813)
	at org.springframework.beans.factory.support.AbstractAutowireCapableBeanFactory.doCreateBean(AbstractAutowireCapableBeanFactory.java:603)
	at org.springframework.beans.factory.support.AbstractAutowireCapableBeanFactory.createBean(AbstractAutowireCapableBeanFactory.java:525)
	at org.springframework.beans.factory.support.AbstractBeanFactory.lambda$doGetBean$0(AbstractBeanFactory.java:333)
	at org.springframework.beans.factory.support.DefaultSingletonBeanRegistry.getSingleton(DefaultSingletonBeanRegistry.java:371)
	at org.springframework.beans.factory.support.AbstractBeanFactory.doGetBean(AbstractBeanFactory.java:331)
	at org.springframework.beans.factory.support.AbstractBeanFactory.getBean(AbstractBeanFactory.java:201)
	at org.springframework.context.support.AbstractApplicationContext.finishBeanFactoryInitialization(AbstractApplicationContext.java:977)
	at org.springframework.context.support.AbstractApplicationContext.refresh(AbstractApplicationContext.java:621)
	at org.springframework.boot.SpringApplication.refresh(SpringApplication.java:756)
	at org.springframework.boot.SpringApplication.refreshContext(SpringApplication.java:445)
	at org.springframework.boot.SpringApplication.run(SpringApplication.java:321)
	at org.springframework.boot.test.context.SpringBootContextLoader.lambda$loadContext$2(SpringBootContextLoader.java:155)
	at org.springframework.util.function.ThrowingSupplier.get(ThrowingSupplier.java:58)
	at org.springframework.util.function.ThrowingSupplier.get(ThrowingSupplier.java:46)
	at org.springframework.boot.SpringApplication.withHook(SpringApplication.java:1465)
	at org.springframework.boot.test.context.SpringBootContextLoader$ContextLoaderHook.run(SpringBootContextLoader.java:600)
	at org.springframework.boot.test.context.SpringBootContextLoader.loadContext(SpringBootContextLoader.java:155)
	at org.springframework.boot.test.context.SpringBootContextLoader.loadContext(SpringBootContextLoader.java:114)
	at org.springframework.test.context.cache.DefaultCacheAwareContextLoaderDelegate.loadContextInternal(DefaultCacheAwareContextLoaderDelegate.java:247)
	at org.springframework.test.context.cache.DefaultCacheAwareContextLoaderDelegate.lambda$loadContext$0(DefaultCacheAwareContextLoaderDelegate.java:167)
	at org.springframework.test.context.cache.DefaultContextCache.put(DefaultContextCache.java:214)
	at org.springframework.test.context.cache.DefaultCacheAwareContextLoaderDelegate.loadContext(DefaultCacheAwareContextLoaderDelegate.java:160)
	at org.springframework.test.context.support.DefaultTestContext.getApplicationContext(DefaultTestContext.java:128)
	at org.springframework.test.context.web.ServletTestExecutionListener.setUpRequestContextIfNecessary(ServletTestExecutionListener.java:200)
	at org.springframework.test.context.web.ServletTestExecutionListener.prepareTestInstance(ServletTestExecutionListener.java:139)
	at org.springframework.test.context.TestContextManager.prepareTestInstance(TestContextManager.java:260)
	at org.springframework.test.context.junit.jupiter.SpringExtension.postProcessTestInstance(SpringExtension.java:210)
	at org.junit.jupiter.engine.descriptor.ClassBasedTestDescriptor.lambda$invokeTestInstancePostProcessors$1(ClassBasedTestDescriptor.java:423)
	at org.junit.jupiter.engine.descriptor.ClassBasedTestDescriptor.executeAndMaskThrowable(ClassBasedTestDescriptor.java:428)
	at org.junit.jupiter.engine.descriptor.ClassBasedTestDescriptor.lambda$invokeTestInstancePostProcessors$0(ClassBasedTestDescriptor.java:422)
	at java.base/java.util.stream.ForEachOps$ForEachOp$OfRef.accept(ForEachOps.java:184)
	at java.base/java.util.stream.ReferencePipeline$3$1.accept(ReferencePipeline.java:197)
	at java.base/java.util.stream.ReferencePipeline$2$1.accept(ReferencePipeline.java:179)
	at java.base/java.util.stream.ReferencePipeline$3$1.accept(ReferencePipeline.java:197)
	at java.base/java.util.ArrayList$ArrayListSpliterator.forEachRemaining(ArrayList.java:1708)
	at java.base/java.util.stream.AbstractPipeline.copyInto(AbstractPipeline.java:509)
	at java.base/java.util.stream.AbstractPipeline.wrapAndCopyInto(AbstractPipeline.java:499)
	at java.base/java.util.stream.ForEachOps$ForEachOp.evaluateSequential(ForEachOps.java:151)
	at java.base/java.util.stream.ForEachOps$ForEachOp$OfRef.evaluateSequential(ForEachOps.java:174)
	at java.base/java.util.stream.AbstractPipeline.evaluate(AbstractPipeline.java:234)
	at java.base/java.util.stream.ReferencePipeline.forEach(ReferencePipeline.java:596)
	at org.junit.jupiter.engine.descriptor.ClassBasedTestDescriptor.invokeTestInstancePostProcessors(ClassBasedTestDescriptor.java:422)
	at org.junit.jupiter.engine.descriptor.ClassBasedTestDescriptor.lambda$instantiateAndPostProcessTestInstance$0(ClassBasedTestDescriptor.java:334)
	at org.junit.platform.engine.support.hierarchical.ThrowableCollector.execute(ThrowableCollector.java:74)
	at org.junit.jupiter.engine.descriptor.ClassBasedTestDescriptor.instantiateAndPostProcessTestInstance(ClassBasedTestDescriptor.java:333)
	at org.junit.jupiter.engine.descriptor.ClassBasedTestDescriptor.lambda$testInstancesProvider$1(ClassBasedTestDescriptor.java:322)
	at java.base/java.util.Optional.orElseGet(Optional.java:364)
	at org.junit.jupiter.engine.descriptor.ClassBasedTestDescriptor.lambda$testInstancesProvider$0(ClassBasedTestDescriptor.java:321)
	at org.junit.jupiter.engine.execution.TestInstancesProvider.getTestInstances(TestInstancesProvider.java:27)
	at org.junit.jupiter.engine.descriptor.TestMethodTestDescriptor.lambda$prepare$0(TestMethodTestDescriptor.java:127)
	at org.junit.platform.engine.support.hierarchical.ThrowableCollector.execute(ThrowableCollector.java:74)
	at org.junit.jupiter.engine.descriptor.TestMethodTestDescriptor.prepare(TestMethodTestDescriptor.java:126)
	at org.junit.jupiter.engine.descriptor.TestMethodTestDescriptor.prepare(TestMethodTestDescriptor.java:70)
	at org.junit.platform.engine.support.hierarchical.NodeTestTask.lambda$prepare$0(NodeTestTask.java:144)
	at org.junit.platform.engine.support.hierarchical.ThrowableCollector.execute(ThrowableCollector.java:74)
	at org.junit.platform.engine.support.hierarchical.NodeTestTask.prepare(NodeTestTask.java:144)
	at org.junit.platform.engine.support.hierarchical.NodeTestTask.execute(NodeTestTask.java:110)
	at java.base/java.util.ArrayList.forEach(ArrayList.java:1596)
	at org.junit.platform.engine.support.hierarchical.SameThreadHierarchicalTestExecutorService.invokeAll(SameThreadHierarchicalTestExecutorService.java:42)
	at org.junit.platform.engine.support.hierarchical.NodeTestTask.lambda$executeRecursively$2(NodeTestTask.java:180)
	at org.junit.platform.engine.support.hierarchical.ThrowableCollector.execute(ThrowableCollector.java:74)
	at org.junit.platform.engine.support.hierarchical.NodeTestTask.lambda$executeRecursively$1(NodeTestTask.java:166)
	at org.junit.platform.engine.support.hierarchical.Node.around(Node.java:138)
	at org.junit.platform.engine.support.hierarchical.NodeTestTask.lambda$executeRecursively$0(NodeTestTask.java:164)
	at org.junit.platform.engine.support.hierarchical.ThrowableCollector.execute(ThrowableCollector.java:74)
	at org.junit.platform.engine.support.hierarchical.NodeTestTask.executeRecursively(NodeTestTask.java:163)
	at org.junit.platform.engine.support.hierarchical.NodeTestTask.execute(NodeTestTask.java:116)
	at java.base/java.util.ArrayList.forEach(ArrayList.java:1596)
	at org.junit.platform.engine.support.hierarchical.SameThreadHierarchicalTestExecutorService.invokeAll(SameThreadHierarchicalTestExecutorService.java:42)
	at org.junit.platform.engine.support.hierarchical.NodeTestTask.lambda$executeRecursively$2(NodeTestTask.java:180)
	at org.junit.platform.engine.support.hierarchical.ThrowableCollector.execute(ThrowableCollector.java:74)
	at org.junit.platform.engine.support.hierarchical.NodeTestTask.lambda$executeRecursively$1(NodeTestTask.java:166)
	at org.junit.platform.engine.support.hierarchical.Node.around(Node.java:138)
	at org.junit.platform.engine.support.hierarchical.NodeTestTask.lambda$executeRecursively$0(NodeTestTask.java:164)
	at org.junit.platform.engine.support.hierarchical.ThrowableCollector.execute(ThrowableCollector.java:74)
	at org.junit.platform.engine.support.hierarchical.NodeTestTask.executeRecursively(NodeTestTask.java:163)
	at org.junit.platform.engine.support.hierarchical.NodeTestTask.execute(NodeTestTask.java:116)
	at org.junit.platform.engine.support.hierarchical.SameThreadHierarchicalTestExecutorService.submit(SameThreadHierarchicalTestExecutorService.java:36)
	at org.junit.platform.engine.support.hierarchical.HierarchicalTestExecutor.execute(HierarchicalTestExecutor.java:52)
	at org.junit.platform.engine.support.hierarchical.HierarchicalTestEngine.execute(HierarchicalTestEngine.java:58)
	at org.junit.platform.launcher.core.EngineExecutionOrchestrator.executeEngine(EngineExecutionOrchestrator.java:246)
	at org.junit.platform.launcher.core.EngineExecutionOrchestrator.failOrExecuteEngine(EngineExecutionOrchestrator.java:218)
	at org.junit.platform.launcher.core.EngineExecutionOrchestrator.execute(EngineExecutionOrchestrator.java:179)
	at org.junit.platform.launcher.core.EngineExecutionOrchestrator.execute(EngineExecutionOrchestrator.java:108)
	at org.junit.platform.launcher.core.EngineExecutionOrchestrator.lambda$execute$0(EngineExecutionOrchestrator.java:66)
	at org.junit.platform.launcher.core.EngineExecutionOrchestrator.withInterceptedStreams(EngineExecutionOrchestrator.java:157)
	at org.junit.platform.launcher.core.EngineExecutionOrchestrator.execute(EngineExecutionOrchestrator.java:65)
	at org.junit.platform.launcher.core.DefaultLauncher.execute(DefaultLauncher.java:125)
	at org.junit.platform.launcher.core.DefaultLauncher.execute(DefaultLauncher.java:114)
	at org.junit.platform.launcher.core.DelegatingLauncher.execute(DelegatingLauncher.java:58)
	at org.junit.platform.launcher.core.InterceptingLauncher.lambda$execute$2(InterceptingLauncher.java:57)
	at org.junit.platform.launcher.core.ClasspathAlignmentCheckingLauncherInterceptor.intercept(ClasspathAlignmentCheckingLauncherInterceptor.java:25)
	at org.junit.platform.launcher.core.InterceptingLauncher.execute(InterceptingLauncher.java:56)
	at org.junit.platform.launcher.core.DelegatingLauncher.execute(DelegatingLauncher.java:58)
	at java.base/jdk.internal.reflect.DirectMethodHandleAccessor.invoke(DirectMethodHandleAccessor.java:103)
	at java.base/java.lang.reflect.Method.invoke(Method.java:580)
	at org.apache.maven.surefire.api.util.ReflectionUtils.invokeMethodWithArray(ReflectionUtils.java:125)
	at org.apache.maven.surefire.junitplatform.LauncherAdapter.executeWithCancellationToken(LauncherAdapter.java:68)
	at org.apache.maven.surefire.junitplatform.LauncherAdapter.execute(LauncherAdapter.java:54)
	at org.apache.maven.surefire.junitplatform.JUnitPlatformProvider.execute(JUnitPlatformProvider.java:203)
	at org.apache.maven.surefire.junitplatform.JUnitPlatformProvider.invokeAllTests(JUnitPlatformProvider.java:168)
	at org.apache.maven.surefire.junitplatform.JUnitPlatformProvider.invoke(JUnitPlatformProvider.java:136)
	at org.apache.maven.surefire.booter.ForkedBooter.runSuitesInProcess(ForkedBooter.java:385)
	at org.apache.maven.surefire.booter.ForkedBooter.execute(ForkedBooter.java:162)
	at org.apache.maven.surefire.booter.ForkedBooter.run(ForkedBooter.java:507)
	at org.apache.maven.surefire.booter.ForkedBooter.main(ForkedBooter.java:495)
Caused by: java.sql.SQLSyntaxErrorException: Unknown database 'hos3'
	at com.mysql.cj.jdbc.exceptions.SQLError.createSQLException(SQLError.java:112)
	at com.mysql.cj.jdbc.exceptions.SQLExceptionsMapping.translateException(SQLExceptionsMapping.java:114)
	at com.mysql.cj.jdbc.ConnectionImpl.createNewIO(ConnectionImpl.java:840)
	at com.mysql.cj.jdbc.ConnectionImpl.<init>(ConnectionImpl.java:416)
	at com.mysql.cj.jdbc.ConnectionImpl.getInstance(ConnectionImpl.java:237)
	at com.mysql.cj.jdbc.NonRegisteringDriver.connect(NonRegisteringDriver.java:180)
	at com.zaxxer.hikari.util.DriverDataSource.getConnection(DriverDataSource.java:144)
	at com.zaxxer.hikari.pool.PoolBase.newConnection(PoolBase.java:373)
	at com.zaxxer.hikari.pool.PoolBase.newPoolEntry(PoolBase.java:210)
	at com.zaxxer.hikari.pool.HikariPool.createPoolEntry(HikariPool.java:488)
	at com.zaxxer.hikari.pool.HikariPool.checkFailFast(HikariPool.java:576)
	at com.zaxxer.hikari.pool.HikariPool.<init>(HikariPool.java:97)
	at com.zaxxer.hikari.HikariDataSource.getConnection(HikariDataSource.java:111)
	at org.hibernate.engine.jdbc.connections.internal.DataSourceConnectionProvider.getConnection(DataSourceConnectionProvider.java:137)
	at org.hibernate.engine.jdbc.env.internal.JdbcEnvironmentInitiator$ConnectionProviderJdbcConnectionAccess.obtainConnection(JdbcEnvironmentInitiator.java:508)
	at org.hibernate.resource.transaction.backend.jdbc.internal.JdbcIsolationDelegate.delegateWork(JdbcIsolationDelegate.java:48)
	... 128 common frames omitted
2026-05-31 23:19:20.150 [main] WARN  org.hibernate.orm.deprecation - HHH90000025: MySQLDialect does not need to be specified explicitly using 'hibernate.dialect' (remove the property setting and it will be selected by default)
2026-05-31 23:19:21.854 [main] INFO  com.zaxxer.hikari.HikariDataSource - HikariPool-1 - Starting...
2026-05-31 23:19:22.888 [main] WARN  org.hibernate.orm.jdbc.error - HHH000247: ErrorCode: 1049, SQLState: 42000
2026-05-31 23:19:22.889 [main] WARN  org.hibernate.orm.jdbc.error - Unknown database 'hos3'
2026-05-31 23:19:22.894 [main] ERROR o.s.o.j.LocalContainerEntityManagerFactoryBean - Failed to initialize JPA EntityManagerFactory: Unable to build Hibernate SessionFactory  [persistence unit: default] ; nested exception is org.hibernate.exception.SQLGrammarException: Unable to open JDBC Connection for DDL execution [Unknown database 'hos3'] [n/a]
2026-05-31 23:19:22.896 [main] WARN  o.s.w.c.s.GenericWebApplicationContext - Exception encountered during context initialization - cancelling refresh attempt: org.springframework.beans.factory.BeanCreationException: Error creating bean with name 'entityManagerFactory' defined in class path resource [org/springframework/boot/hibernate/autoconfigure/HibernateJpaConfiguration.class]: Unable to build Hibernate SessionFactory  [persistence unit: default] ; nested exception is org.hibernate.exception.SQLGrammarException: Unable to open JDBC Connection for DDL execution [Unknown database 'hos3'] [n/a]
2026-05-31 23:19:22.968 [main] ERROR o.s.boot.SpringApplication - Application run failed
org.springframework.beans.factory.BeanCreationException: Error creating bean with name 'entityManagerFactory' defined in class path resource [org/springframework/boot/hibernate/autoconfigure/HibernateJpaConfiguration.class]: Unable to build Hibernate SessionFactory  [persistence unit: default] ; nested exception is org.hibernate.exception.SQLGrammarException: Unable to open JDBC Connection for DDL execution [Unknown database 'hos3'] [n/a]
	at org.springframework.beans.factory.support.AbstractAutowireCapableBeanFactory.initializeBean(AbstractAutowireCapableBeanFactory.java:1817)
	at org.springframework.beans.factory.support.AbstractAutowireCapableBeanFactory.doCreateBean(AbstractAutowireCapableBeanFactory.java:603)
	at org.springframework.beans.factory.support.AbstractAutowireCapableBeanFactory.createBean(AbstractAutowireCapableBeanFactory.java:525)
	at org.springframework.beans.factory.support.AbstractBeanFactory.lambda$doGetBean$0(AbstractBeanFactory.java:333)
	at org.springframework.beans.factory.support.DefaultSingletonBeanRegistry.getSingleton(DefaultSingletonBeanRegistry.java:371)
	at org.springframework.beans.factory.support.AbstractBeanFactory.doGetBean(AbstractBeanFactory.java:331)
	at org.springframework.beans.factory.support.AbstractBeanFactory.getBean(AbstractBeanFactory.java:201)
	at org.springframework.context.support.AbstractApplicationContext.finishBeanFactoryInitialization(AbstractApplicationContext.java:977)
	at org.springframework.context.support.AbstractApplicationContext.refresh(AbstractApplicationContext.java:621)
	at org.springframework.boot.SpringApplication.refresh(SpringApplication.java:756)
	at org.springframework.boot.SpringApplication.refreshContext(SpringApplication.java:445)
	at org.springframework.boot.SpringApplication.run(SpringApplication.java:321)
	at org.springframework.boot.test.context.SpringBootContextLoader.lambda$loadContext$2(SpringBootContextLoader.java:155)
	at org.springframework.util.function.ThrowingSupplier.get(ThrowingSupplier.java:58)
	at org.springframework.util.function.ThrowingSupplier.get(ThrowingSupplier.java:46)
	at org.springframework.boot.SpringApplication.withHook(SpringApplication.java:1465)
	at org.springframework.boot.test.context.SpringBootContextLoader$ContextLoaderHook.run(SpringBootContextLoader.java:600)
	at org.springframework.boot.test.context.SpringBootContextLoader.loadContext(SpringBootContextLoader.java:155)
	at org.springframework.boot.test.context.SpringBootContextLoader.loadContext(SpringBootContextLoader.java:114)
	at org.springframework.test.context.cache.DefaultCacheAwareContextLoaderDelegate.loadContextInternal(DefaultCacheAwareContextLoaderDelegate.java:247)
	at org.springframework.test.context.cache.DefaultCacheAwareContextLoaderDelegate.lambda$loadContext$0(DefaultCacheAwareContextLoaderDelegate.java:167)
	at org.springframework.test.context.cache.DefaultContextCache.put(DefaultContextCache.java:214)
	at org.springframework.test.context.cache.DefaultCacheAwareContextLoaderDelegate.loadContext(DefaultCacheAwareContextLoaderDelegate.java:160)
	at org.springframework.test.context.support.DefaultTestContext.getApplicationContext(DefaultTestContext.java:128)
	at org.springframework.test.context.web.ServletTestExecutionListener.setUpRequestContextIfNecessary(ServletTestExecutionListener.java:200)
	at org.springframework.test.context.web.ServletTestExecutionListener.prepareTestInstance(ServletTestExecutionListener.java:139)
	at org.springframework.test.context.TestContextManager.prepareTestInstance(TestContextManager.java:260)
	at org.springframework.test.context.junit.jupiter.SpringExtension.postProcessTestInstance(SpringExtension.java:210)
	at org.junit.jupiter.engine.descriptor.ClassBasedTestDescriptor.lambda$invokeTestInstancePostProcessors$1(ClassBasedTestDescriptor.java:423)
	at org.junit.jupiter.engine.descriptor.ClassBasedTestDescriptor.executeAndMaskThrowable(ClassBasedTestDescriptor.java:428)
	at org.junit.jupiter.engine.descriptor.ClassBasedTestDescriptor.lambda$invokeTestInstancePostProcessors$0(ClassBasedTestDescriptor.java:422)
	at java.base/java.util.stream.ForEachOps$ForEachOp$OfRef.accept(ForEachOps.java:184)
	at java.base/java.util.stream.ReferencePipeline$3$1.accept(ReferencePipeline.java:197)
	at java.base/java.util.stream.ReferencePipeline$2$1.accept(ReferencePipeline.java:179)
	at java.base/java.util.stream.ReferencePipeline$3$1.accept(ReferencePipeline.java:197)
	at java.base/java.util.ArrayList$ArrayListSpliterator.forEachRemaining(ArrayList.java:1708)
	at java.base/java.util.stream.AbstractPipeline.copyInto(AbstractPipeline.java:509)
	at java.base/java.util.stream.AbstractPipeline.wrapAndCopyInto(AbstractPipeline.java:499)
	at java.base/java.util.stream.ForEachOps$ForEachOp.evaluateSequential(ForEachOps.java:151)
	at java.base/java.util.stream.ForEachOps$ForEachOp$OfRef.evaluateSequential(ForEachOps.java:174)
	at java.base/java.util.stream.AbstractPipeline.evaluate(AbstractPipeline.java:234)
	at java.base/java.util.stream.ReferencePipeline.forEach(ReferencePipeline.java:596)
	at org.junit.jupiter.engine.descriptor.ClassBasedTestDescriptor.invokeTestInstancePostProcessors(ClassBasedTestDescriptor.java:422)
	at org.junit.jupiter.engine.descriptor.ClassBasedTestDescriptor.lambda$instantiateAndPostProcessTestInstance$0(ClassBasedTestDescriptor.java:334)
	at org.junit.platform.engine.support.hierarchical.ThrowableCollector.execute(ThrowableCollector.java:74)
	at org.junit.jupiter.engine.descriptor.ClassBasedTestDescriptor.instantiateAndPostProcessTestInstance(ClassBasedTestDescriptor.java:333)
	at org.junit.jupiter.engine.descriptor.ClassBasedTestDescriptor.lambda$testInstancesProvider$1(ClassBasedTestDescriptor.java:322)
	at java.base/java.util.Optional.orElseGet(Optional.java:364)
	at org.junit.jupiter.engine.descriptor.ClassBasedTestDescriptor.lambda$testInstancesProvider$0(ClassBasedTestDescriptor.java:321)
	at org.junit.jupiter.engine.execution.TestInstancesProvider.getTestInstances(TestInstancesProvider.java:27)
	at org.junit.jupiter.engine.descriptor.TestMethodTestDescriptor.lambda$prepare$0(TestMethodTestDescriptor.java:127)
	at org.junit.platform.engine.support.hierarchical.ThrowableCollector.execute(ThrowableCollector.java:74)
	at org.junit.jupiter.engine.descriptor.TestMethodTestDescriptor.prepare(TestMethodTestDescriptor.java:126)
	at org.junit.jupiter.engine.descriptor.TestMethodTestDescriptor.prepare(TestMethodTestDescriptor.java:70)
	at org.junit.platform.engine.support.hierarchical.NodeTestTask.lambda$prepare$0(NodeTestTask.java:144)
	at org.junit.platform.engine.support.hierarchical.ThrowableCollector.execute(ThrowableCollector.java:74)
	at org.junit.platform.engine.support.hierarchical.NodeTestTask.prepare(NodeTestTask.java:144)
	at org.junit.platform.engine.support.hierarchical.NodeTestTask.execute(NodeTestTask.java:110)
	at java.base/java.util.ArrayList.forEach(ArrayList.java:1596)
	at org.junit.platform.engine.support.hierarchical.SameThreadHierarchicalTestExecutorService.invokeAll(SameThreadHierarchicalTestExecutorService.java:42)
	at org.junit.platform.engine.support.hierarchical.NodeTestTask.lambda$executeRecursively$2(NodeTestTask.java:180)
	at org.junit.platform.engine.support.hierarchical.ThrowableCollector.execute(ThrowableCollector.java:74)
	at org.junit.platform.engine.support.hierarchical.NodeTestTask.lambda$executeRecursively$1(NodeTestTask.java:166)
	at org.junit.platform.engine.support.hierarchical.Node.around(Node.java:138)
	at org.junit.platform.engine.support.hierarchical.NodeTestTask.lambda$executeRecursively$0(NodeTestTask.java:164)
	at org.junit.platform.engine.support.hierarchical.ThrowableCollector.execute(ThrowableCollector.java:74)
	at org.junit.platform.engine.support.hierarchical.NodeTestTask.executeRecursively(NodeTestTask.java:163)
	at org.junit.platform.engine.support.hierarchical.NodeTestTask.execute(NodeTestTask.java:116)
	at java.base/java.util.ArrayList.forEach(ArrayList.java:1596)
	at org.junit.platform.engine.support.hierarchical.SameThreadHierarchicalTestExecutorService.invokeAll(SameThreadHierarchicalTestExecutorService.java:42)
	at org.junit.platform.engine.support.hierarchical.NodeTestTask.lambda$executeRecursively$2(NodeTestTask.java:180)
	at org.junit.platform.engine.support.hierarchical.ThrowableCollector.execute(ThrowableCollector.java:74)
	at org.junit.platform.engine.support.hierarchical.NodeTestTask.lambda$executeRecursively$1(NodeTestTask.java:166)
	at org.junit.platform.engine.support.hierarchical.Node.around(Node.java:138)
	at org.junit.platform.engine.support.hierarchical.NodeTestTask.lambda$executeRecursively$0(NodeTestTask.java:164)
	at org.junit.platform.engine.support.hierarchical.ThrowableCollector.execute(ThrowableCollector.java:74)
	at org.junit.platform.engine.support.hierarchical.NodeTestTask.executeRecursively(NodeTestTask.java:163)
	at org.junit.platform.engine.support.hierarchical.NodeTestTask.execute(NodeTestTask.java:116)
	at org.junit.platform.engine.support.hierarchical.SameThreadHierarchicalTestExecutorService.submit(SameThreadHierarchicalTestExecutorService.java:36)
	at org.junit.platform.engine.support.hierarchical.HierarchicalTestExecutor.execute(HierarchicalTestExecutor.java:52)
	at org.junit.platform.engine.support.hierarchical.HierarchicalTestEngine.execute(HierarchicalTestEngine.java:58)
	at org.junit.platform.launcher.core.EngineExecutionOrchestrator.executeEngine(EngineExecutionOrchestrator.java:246)
	at org.junit.platform.launcher.core.EngineExecutionOrchestrator.failOrExecuteEngine(EngineExecutionOrchestrator.java:218)
	at org.junit.platform.launcher.core.EngineExecutionOrchestrator.execute(EngineExecutionOrchestrator.java:179)
	at org.junit.platform.launcher.core.EngineExecutionOrchestrator.execute(EngineExecutionOrchestrator.java:108)
	at org.junit.platform.launcher.core.EngineExecutionOrchestrator.lambda$execute$0(EngineExecutionOrchestrator.java:66)
	at org.junit.platform.launcher.core.EngineExecutionOrchestrator.withInterceptedStreams(EngineExecutionOrchestrator.java:157)
	at org.junit.platform.launcher.core.EngineExecutionOrchestrator.execute(EngineExecutionOrchestrator.java:65)
	at org.junit.platform.launcher.core.DefaultLauncher.execute(DefaultLauncher.java:125)
	at org.junit.platform.launcher.core.DefaultLauncher.execute(DefaultLauncher.java:114)
	at org.junit.platform.launcher.core.DelegatingLauncher.execute(DelegatingLauncher.java:58)
	at org.junit.platform.launcher.core.InterceptingLauncher.lambda$execute$2(InterceptingLauncher.java:57)
	at org.junit.platform.launcher.core.ClasspathAlignmentCheckingLauncherInterceptor.intercept(ClasspathAlignmentCheckingLauncherInterceptor.java:25)
	at org.junit.platform.launcher.core.InterceptingLauncher.execute(InterceptingLauncher.java:56)
	at org.junit.platform.launcher.core.DelegatingLauncher.execute(DelegatingLauncher.java:58)
	at java.base/jdk.internal.reflect.DirectMethodHandleAccessor.invoke(DirectMethodHandleAccessor.java:103)
	at java.base/java.lang.reflect.Method.invoke(Method.java:580)
	at org.apache.maven.surefire.api.util.ReflectionUtils.invokeMethodWithArray(ReflectionUtils.java:125)
	at org.apache.maven.surefire.junitplatform.LauncherAdapter.executeWithCancellationToken(LauncherAdapter.java:68)
	at org.apache.maven.surefire.junitplatform.LauncherAdapter.execute(LauncherAdapter.java:54)
	at org.apache.maven.surefire.junitplatform.JUnitPlatformProvider.execute(JUnitPlatformProvider.java:203)
	at org.apache.maven.surefire.junitplatform.JUnitPlatformProvider.invokeAllTests(JUnitPlatformProvider.java:168)
	at org.apache.maven.surefire.junitplatform.JUnitPlatformProvider.invoke(JUnitPlatformProvider.java:136)
	at org.apache.maven.surefire.booter.ForkedBooter.runSuitesInProcess(ForkedBooter.java:385)
	at org.apache.maven.surefire.booter.ForkedBooter.execute(ForkedBooter.java:162)
	at org.apache.maven.surefire.booter.ForkedBooter.run(ForkedBooter.java:507)
	at org.apache.maven.surefire.booter.ForkedBooter.main(ForkedBooter.java:495)
Caused by: jakarta.persistence.PersistenceException: Unable to build Hibernate SessionFactory  [persistence unit: default] ; nested exception is org.hibernate.exception.SQLGrammarException: Unable to open JDBC Connection for DDL execution [Unknown database 'hos3'] [n/a]
	at org.springframework.orm.jpa.AbstractEntityManagerFactoryBean.buildNativeEntityManagerFactory(AbstractEntityManagerFactoryBean.java:448)
	at org.springframework.orm.jpa.AbstractEntityManagerFactoryBean.afterPropertiesSet(AbstractEntityManagerFactoryBean.java:411)
	at org.springframework.orm.jpa.LocalContainerEntityManagerFactoryBean.afterPropertiesSet(LocalContainerEntityManagerFactoryBean.java:419)
	at org.springframework.beans.factory.support.AbstractAutowireCapableBeanFactory.invokeInitMethods(AbstractAutowireCapableBeanFactory.java:1864)
	at org.springframework.beans.factory.support.AbstractAutowireCapableBeanFactory.initializeBean(AbstractAutowireCapableBeanFactory.java:1813)
	... 106 common frames omitted
Caused by: org.hibernate.exception.SQLGrammarException: Unable to open JDBC Connection for DDL execution [Unknown database 'hos3'] [n/a]
	at org.hibernate.exception.internal.SQLExceptionTypeDelegate.convert(SQLExceptionTypeDelegate.java:64)
	at org.hibernate.exception.internal.StandardSQLExceptionConverter.convert(StandardSQLExceptionConverter.java:34)
	at org.hibernate.engine.jdbc.spi.SqlExceptionHelper.convert(SqlExceptionHelper.java:115)
	at org.hibernate.engine.jdbc.spi.SqlExceptionHelper.convert(SqlExceptionHelper.java:101)
	at org.hibernate.resource.transaction.backend.jdbc.internal.DdlTransactionIsolatorNonJtaImpl.getIsolatedConnection(DdlTransactionIsolatorNonJtaImpl.java:71)
	at org.hibernate.resource.transaction.backend.jdbc.internal.DdlTransactionIsolatorNonJtaImpl.getIsolatedConnection(DdlTransactionIsolatorNonJtaImpl.java:37)
	at org.hibernate.tool.schema.internal.exec.ImprovedExtractionContextImpl.getJdbcConnection(ImprovedExtractionContextImpl.java:61)
	at org.hibernate.tool.schema.internal.exec.ImprovedExtractionContextImpl.getJdbcDatabaseMetaData(ImprovedExtractionContextImpl.java:68)
	at org.hibernate.tool.schema.extract.internal.InformationExtractorJdbcDatabaseMetaDataImpl.getJdbcDatabaseMetaData(InformationExtractorJdbcDatabaseMetaDataImpl.java:38)
	at org.hibernate.tool.schema.extract.internal.InformationExtractorJdbcDatabaseMetaDataImpl.processTableResultSet(InformationExtractorJdbcDatabaseMetaDataImpl.java:76)
	at org.hibernate.tool.schema.extract.internal.AbstractInformationExtractorImpl.getTables(AbstractInformationExtractorImpl.java:496)
	at org.hibernate.tool.schema.extract.internal.DatabaseInformationImpl.getTablesInformation(DatabaseInformationImpl.java:124)
	at org.hibernate.tool.schema.internal.GroupedSchemaMigratorImpl.performTablesMigration(GroupedSchemaMigratorImpl.java:72)
	at org.hibernate.tool.schema.internal.AbstractSchemaMigrator.performMigration(AbstractSchemaMigrator.java:220)
	at org.hibernate.tool.schema.internal.AbstractSchemaMigrator.doMigration(AbstractSchemaMigrator.java:96)
	at org.hibernate.tool.schema.spi.SchemaManagementToolCoordinator.performDatabaseAction(SchemaManagementToolCoordinator.java:269)
	at org.hibernate.tool.schema.spi.SchemaManagementToolCoordinator.lambda$process$1(SchemaManagementToolCoordinator.java:101)
	at java.base/java.util.HashMap.forEach(HashMap.java:1429)
	at org.hibernate.tool.schema.spi.SchemaManagementToolCoordinator.process(SchemaManagementToolCoordinator.java:100)
	at org.hibernate.boot.internal.SessionFactoryObserverForSchemaExport.sessionFactoryCreated(SessionFactoryObserverForSchemaExport.java:35)
	at org.hibernate.internal.SessionFactoryObserverChain.sessionFactoryCreated(SessionFactoryObserverChain.java:33)
	at org.hibernate.internal.SessionFactoryImpl.<init>(SessionFactoryImpl.java:323)
	at org.hibernate.internal.SessionFactoryRegistry.instantiateSessionFactory(SessionFactoryRegistry.java:64)
	at org.hibernate.boot.internal.SessionFactoryBuilderImpl.build(SessionFactoryBuilderImpl.java:437)
	at org.hibernate.jpa.boot.internal.EntityManagerFactoryBuilderImpl.build(EntityManagerFactoryBuilderImpl.java:1456)
	at org.springframework.orm.jpa.vendor.SpringHibernateJpaPersistenceProvider.createContainerEntityManagerFactory(SpringHibernateJpaPersistenceProvider.java:93)
	at org.springframework.orm.jpa.LocalContainerEntityManagerFactoryBean.createNativeEntityManagerFactory(LocalContainerEntityManagerFactoryBean.java:443)
	at org.springframework.orm.jpa.AbstractEntityManagerFactoryBean.buildNativeEntityManagerFactory(AbstractEntityManagerFactoryBean.java:436)
	... 110 common frames omitted
Caused by: java.sql.SQLSyntaxErrorException: Unknown database 'hos3'
	at com.mysql.cj.jdbc.exceptions.SQLError.createSQLException(SQLError.java:112)
	at com.mysql.cj.jdbc.exceptions.SQLExceptionsMapping.translateException(SQLExceptionsMapping.java:114)
	at com.mysql.cj.jdbc.ConnectionImpl.createNewIO(ConnectionImpl.java:840)
	at com.mysql.cj.jdbc.ConnectionImpl.<init>(ConnectionImpl.java:416)
	at com.mysql.cj.jdbc.ConnectionImpl.getInstance(ConnectionImpl.java:237)
	at com.mysql.cj.jdbc.NonRegisteringDriver.connect(NonRegisteringDriver.java:180)
	at com.zaxxer.hikari.util.DriverDataSource.getConnection(DriverDataSource.java:144)
	at com.zaxxer.hikari.pool.PoolBase.newConnection(PoolBase.java:373)
	at com.zaxxer.hikari.pool.PoolBase.newPoolEntry(PoolBase.java:210)
	at com.zaxxer.hikari.pool.HikariPool.createPoolEntry(HikariPool.java:488)
	at com.zaxxer.hikari.pool.HikariPool.checkFailFast(HikariPool.java:576)
	at com.zaxxer.hikari.pool.HikariPool.<init>(HikariPool.java:97)
	at com.zaxxer.hikari.HikariDataSource.getConnection(HikariDataSource.java:111)
	at org.hibernate.engine.jdbc.connections.internal.DataSourceConnectionProvider.getConnection(DataSourceConnectionProvider.java:137)
	at org.hibernate.engine.jdbc.env.internal.JdbcEnvironmentInitiator$ConnectionProviderJdbcConnectionAccess.obtainConnection(JdbcEnvironmentInitiator.java:508)
	at org.hibernate.resource.transaction.backend.jdbc.internal.DdlTransactionIsolatorNonJtaImpl.getIsolatedConnection(DdlTransactionIsolatorNonJtaImpl.java:44)
	... 133 common frames omitted
2026-05-31 23:19:22.978 [main] WARN  o.s.test.context.TestContextManager - Caught exception while allowing TestExecutionListener [org.springframework.test.context.web.ServletTestExecutionListener] to prepare test instance [com.HospitalManagement.HospitalManagementApplicationTests@550ce3a9]
java.lang.IllegalStateException: Failed to load ApplicationContext for [WebMergedContextConfiguration@51fadd20 testClass = com.HospitalManagement.HospitalManagementApplicationTests, locations = [], classes = [com.HospitalManagement.HospitalManagementApplication], contextInitializerClasses = [], activeProfiles = [], propertySourceDescriptors = [], propertySourceProperties = ["org.springframework.boot.test.context.SpringBootTestContextBootstrapper=true"], contextCustomizers = [org.springframework.boot.web.server.context.SpringBootTestRandomPortContextCustomizer@6b04acb2, org.springframework.boot.webmvc.test.autoconfigure.WebDriverContextCustomizer@2f4919b0, org.springframework.boot.test.context.PropertyMappingContextCustomizer@0, org.springframework.boot.test.context.filter.ExcludeFilterContextCustomizer@77bb0ab5, org.springframework.boot.test.json.DuplicateJsonObjectContextCustomizerFactory$DuplicateJsonObjectContextCustomizer@3c2772d1, org.springframework.boot.test.autoconfigure.OnFailureConditionReportContextCustomizerFactory$OnFailureConditionReportContextCustomizer@89c65d5, org.springframework.test.context.support.DynamicPropertiesContextCustomizer@0, org.springframework.boot.test.context.SpringBootTestAnnotation@204596d9], resourceBasePath = "src/main/webapp", contextLoader = org.springframework.boot.test.context.SpringBootContextLoader, parent = null]
	at org.springframework.test.context.cache.DefaultCacheAwareContextLoaderDelegate.lambda$loadContext$0(DefaultCacheAwareContextLoaderDelegate.java:195)
	at org.springframework.test.context.cache.DefaultContextCache.put(DefaultContextCache.java:214)
	at org.springframework.test.context.cache.DefaultCacheAwareContextLoaderDelegate.loadContext(DefaultCacheAwareContextLoaderDelegate.java:160)
	at org.springframework.test.context.support.DefaultTestContext.getApplicationContext(DefaultTestContext.java:128)
	at org.springframework.test.context.web.ServletTestExecutionListener.setUpRequestContextIfNecessary(ServletTestExecutionListener.java:200)
	at org.springframework.test.context.web.ServletTestExecutionListener.prepareTestInstance(ServletTestExecutionListener.java:139)
	at org.springframework.test.context.TestContextManager.prepareTestInstance(TestContextManager.java:260)
	at org.springframework.test.context.junit.jupiter.SpringExtension.postProcessTestInstance(SpringExtension.java:210)
	at org.junit.jupiter.engine.descriptor.ClassBasedTestDescriptor.lambda$invokeTestInstancePostProcessors$1(ClassBasedTestDescriptor.java:423)
	at org.junit.jupiter.engine.descriptor.ClassBasedTestDescriptor.executeAndMaskThrowable(ClassBasedTestDescriptor.java:428)
	at org.junit.jupiter.engine.descriptor.ClassBasedTestDescriptor.lambda$invokeTestInstancePostProcessors$0(ClassBasedTestDescriptor.java:422)
	at java.base/java.util.stream.ForEachOps$ForEachOp$OfRef.accept(ForEachOps.java:184)
	at java.base/java.util.stream.ReferencePipeline$3$1.accept(ReferencePipeline.java:197)
	at java.base/java.util.stream.ReferencePipeline$2$1.accept(ReferencePipeline.java:179)
	at java.base/java.util.stream.ReferencePipeline$3$1.accept(ReferencePipeline.java:197)
	at java.base/java.util.ArrayList$ArrayListSpliterator.forEachRemaining(ArrayList.java:1708)
	at java.base/java.util.stream.AbstractPipeline.copyInto(AbstractPipeline.java:509)
	at java.base/java.util.stream.AbstractPipeline.wrapAndCopyInto(AbstractPipeline.java:499)
	at java.base/java.util.stream.ForEachOps$ForEachOp.evaluateSequential(ForEachOps.java:151)
	at java.base/java.util.stream.ForEachOps$ForEachOp$OfRef.evaluateSequential(ForEachOps.java:174)
	at java.base/java.util.stream.AbstractPipeline.evaluate(AbstractPipeline.java:234)
	at java.base/java.util.stream.ReferencePipeline.forEach(ReferencePipeline.java:596)
	at org.junit.jupiter.engine.descriptor.ClassBasedTestDescriptor.invokeTestInstancePostProcessors(ClassBasedTestDescriptor.java:422)
	at org.junit.jupiter.engine.descriptor.ClassBasedTestDescriptor.lambda$instantiateAndPostProcessTestInstance$0(ClassBasedTestDescriptor.java:334)
	at org.junit.platform.engine.support.hierarchical.ThrowableCollector.execute(ThrowableCollector.java:74)
	at org.junit.jupiter.engine.descriptor.ClassBasedTestDescriptor.instantiateAndPostProcessTestInstance(ClassBasedTestDescriptor.java:333)
	at org.junit.jupiter.engine.descriptor.ClassBasedTestDescriptor.lambda$testInstancesProvider$1(ClassBasedTestDescriptor.java:322)
	at java.base/java.util.Optional.orElseGet(Optional.java:364)
	at org.junit.jupiter.engine.descriptor.ClassBasedTestDescriptor.lambda$testInstancesProvider$0(ClassBasedTestDescriptor.java:321)
	at org.junit.jupiter.engine.execution.TestInstancesProvider.getTestInstances(TestInstancesProvider.java:27)
	at org.junit.jupiter.engine.descriptor.TestMethodTestDescriptor.lambda$prepare$0(TestMethodTestDescriptor.java:127)
	at org.junit.platform.engine.support.hierarchical.ThrowableCollector.execute(ThrowableCollector.java:74)
	at org.junit.jupiter.engine.descriptor.TestMethodTestDescriptor.prepare(TestMethodTestDescriptor.java:126)
	at org.junit.jupiter.engine.descriptor.TestMethodTestDescriptor.prepare(TestMethodTestDescriptor.java:70)
	at org.junit.platform.engine.support.hierarchical.NodeTestTask.lambda$prepare$0(NodeTestTask.java:144)
	at org.junit.platform.engine.support.hierarchical.ThrowableCollector.execute(ThrowableCollector.java:74)
	at org.junit.platform.engine.support.hierarchical.NodeTestTask.prepare(NodeTestTask.java:144)
	at org.junit.platform.engine.support.hierarchical.NodeTestTask.execute(NodeTestTask.java:110)
	at java.base/java.util.ArrayList.forEach(ArrayList.java:1596)
	at org.junit.platform.engine.support.hierarchical.SameThreadHierarchicalTestExecutorService.invokeAll(SameThreadHierarchicalTestExecutorService.java:42)
	at org.junit.platform.engine.support.hierarchical.NodeTestTask.lambda$executeRecursively$2(NodeTestTask.java:180)
	at org.junit.platform.engine.support.hierarchical.ThrowableCollector.execute(ThrowableCollector.java:74)
	at org.junit.platform.engine.support.hierarchical.NodeTestTask.lambda$executeRecursively$1(NodeTestTask.java:166)
	at org.junit.platform.engine.support.hierarchical.Node.around(Node.java:138)
	at org.junit.platform.engine.support.hierarchical.NodeTestTask.lambda$executeRecursively$0(NodeTestTask.java:164)
	at org.junit.platform.engine.support.hierarchical.ThrowableCollector.execute(ThrowableCollector.java:74)
	at org.junit.platform.engine.support.hierarchical.NodeTestTask.executeRecursively(NodeTestTask.java:163)
	at org.junit.platform.engine.support.hierarchical.NodeTestTask.execute(NodeTestTask.java:116)
	at java.base/java.util.ArrayList.forEach(ArrayList.java:1596)
	at org.junit.platform.engine.support.hierarchical.SameThreadHierarchicalTestExecutorService.invokeAll(SameThreadHierarchicalTestExecutorService.java:42)
	at org.junit.platform.engine.support.hierarchical.NodeTestTask.lambda$executeRecursively$2(NodeTestTask.java:180)
	at org.junit.platform.engine.support.hierarchical.ThrowableCollector.execute(ThrowableCollector.java:74)
	at org.junit.platform.engine.support.hierarchical.NodeTestTask.lambda$executeRecursively$1(NodeTestTask.java:166)
	at org.junit.platform.engine.support.hierarchical.Node.around(Node.java:138)
	at org.junit.platform.engine.support.hierarchical.NodeTestTask.lambda$executeRecursively$0(NodeTestTask.java:164)
	at org.junit.platform.engine.support.hierarchical.ThrowableCollector.execute(ThrowableCollector.java:74)
	at org.junit.platform.engine.support.hierarchical.NodeTestTask.executeRecursively(NodeTestTask.java:163)
	at org.junit.platform.engine.support.hierarchical.NodeTestTask.execute(NodeTestTask.java:116)
	at org.junit.platform.engine.support.hierarchical.SameThreadHierarchicalTestExecutorService.submit(SameThreadHierarchicalTestExecutorService.java:36)
	at org.junit.platform.engine.support.hierarchical.HierarchicalTestExecutor.execute(HierarchicalTestExecutor.java:52)
	at org.junit.platform.engine.support.hierarchical.HierarchicalTestEngine.execute(HierarchicalTestEngine.java:58)
	at org.junit.platform.launcher.core.EngineExecutionOrchestrator.executeEngine(EngineExecutionOrchestrator.java:246)
	at org.junit.platform.launcher.core.EngineExecutionOrchestrator.failOrExecuteEngine(EngineExecutionOrchestrator.java:218)
	at org.junit.platform.launcher.core.EngineExecutionOrchestrator.execute(EngineExecutionOrchestrator.java:179)
	at org.junit.platform.launcher.core.EngineExecutionOrchestrator.execute(EngineExecutionOrchestrator.java:108)
	at org.junit.platform.launcher.core.EngineExecutionOrchestrator.lambda$execute$0(EngineExecutionOrchestrator.java:66)
	at org.junit.platform.launcher.core.EngineExecutionOrchestrator.withInterceptedStreams(EngineExecutionOrchestrator.java:157)
	at org.junit.platform.launcher.core.EngineExecutionOrchestrator.execute(EngineExecutionOrchestrator.java:65)
	at org.junit.platform.launcher.core.DefaultLauncher.execute(DefaultLauncher.java:125)
	at org.junit.platform.launcher.core.DefaultLauncher.execute(DefaultLauncher.java:114)
	at org.junit.platform.launcher.core.DelegatingLauncher.execute(DelegatingLauncher.java:58)
	at org.junit.platform.launcher.core.InterceptingLauncher.lambda$execute$2(InterceptingLauncher.java:57)
	at org.junit.platform.launcher.core.ClasspathAlignmentCheckingLauncherInterceptor.intercept(ClasspathAlignmentCheckingLauncherInterceptor.java:25)
	at org.junit.platform.launcher.core.InterceptingLauncher.execute(InterceptingLauncher.java:56)
	at org.junit.platform.launcher.core.DelegatingLauncher.execute(DelegatingLauncher.java:58)
	at java.base/jdk.internal.reflect.DirectMethodHandleAccessor.invoke(DirectMethodHandleAccessor.java:103)
	at java.base/java.lang.reflect.Method.invoke(Method.java:580)
	at org.apache.maven.surefire.api.util.ReflectionUtils.invokeMethodWithArray(ReflectionUtils.java:125)
	at org.apache.maven.surefire.junitplatform.LauncherAdapter.executeWithCancellationToken(LauncherAdapter.java:68)
	at org.apache.maven.surefire.junitplatform.LauncherAdapter.execute(LauncherAdapter.java:54)
	at org.apache.maven.surefire.junitplatform.JUnitPlatformProvider.execute(JUnitPlatformProvider.java:203)
	at org.apache.maven.surefire.junitplatform.JUnitPlatformProvider.invokeAllTests(JUnitPlatformProvider.java:168)
	at org.apache.maven.surefire.junitplatform.JUnitPlatformProvider.invoke(JUnitPlatformProvider.java:136)
	at org.apache.maven.surefire.booter.ForkedBooter.runSuitesInProcess(ForkedBooter.java:385)
	at org.apache.maven.surefire.booter.ForkedBooter.execute(ForkedBooter.java:162)
	at org.apache.maven.surefire.booter.ForkedBooter.run(ForkedBooter.java:507)
	at org.apache.maven.surefire.booter.ForkedBooter.main(ForkedBooter.java:495)
Caused by: org.springframework.beans.factory.BeanCreationException: Error creating bean with name 'entityManagerFactory' defined in class path resource [org/springframework/boot/hibernate/autoconfigure/HibernateJpaConfiguration.class]: Unable to build Hibernate SessionFactory  [persistence unit: default] ; nested exception is org.hibernate.exception.SQLGrammarException: Unable to open JDBC Connection for DDL execution [Unknown database 'hos3'] [n/a]
	at org.springframework.beans.factory.support.AbstractAutowireCapableBeanFactory.initializeBean(AbstractAutowireCapableBeanFactory.java:1817)
	at org.springframework.beans.factory.support.AbstractAutowireCapableBeanFactory.doCreateBean(AbstractAutowireCapableBeanFactory.java:603)
	at org.springframework.beans.factory.support.AbstractAutowireCapableBeanFactory.createBean(AbstractAutowireCapableBeanFactory.java:525)
	at org.springframework.beans.factory.support.AbstractBeanFactory.lambda$doGetBean$0(AbstractBeanFactory.java:333)
	at org.springframework.beans.factory.support.DefaultSingletonBeanRegistry.getSingleton(DefaultSingletonBeanRegistry.java:371)
	at org.springframework.beans.factory.support.AbstractBeanFactory.doGetBean(AbstractBeanFactory.java:331)
	at org.springframework.beans.factory.support.AbstractBeanFactory.getBean(AbstractBeanFactory.java:201)
	at org.springframework.context.support.AbstractApplicationContext.finishBeanFactoryInitialization(AbstractApplicationContext.java:977)
	at org.springframework.context.support.AbstractApplicationContext.refresh(AbstractApplicationContext.java:621)
	at org.springframework.boot.SpringApplication.refresh(SpringApplication.java:756)
	at org.springframework.boot.SpringApplication.refreshContext(SpringApplication.java:445)
	at org.springframework.boot.SpringApplication.run(SpringApplication.java:321)
	at org.springframework.boot.test.context.SpringBootContextLoader.lambda$loadContext$2(SpringBootContextLoader.java:155)
	at org.springframework.util.function.ThrowingSupplier.get(ThrowingSupplier.java:58)
	at org.springframework.util.function.ThrowingSupplier.get(ThrowingSupplier.java:46)
	at org.springframework.boot.SpringApplication.withHook(SpringApplication.java:1465)
	at org.springframework.boot.test.context.SpringBootContextLoader$ContextLoaderHook.run(SpringBootContextLoader.java:600)
	at org.springframework.boot.test.context.SpringBootContextLoader.loadContext(SpringBootContextLoader.java:155)
	at org.springframework.boot.test.context.SpringBootContextLoader.loadContext(SpringBootContextLoader.java:114)
	at org.springframework.test.context.cache.DefaultCacheAwareContextLoaderDelegate.loadContextInternal(DefaultCacheAwareContextLoaderDelegate.java:247)
	at org.springframework.test.context.cache.DefaultCacheAwareContextLoaderDelegate.lambda$loadContext$0(DefaultCacheAwareContextLoaderDelegate.java:167)
	... 86 common frames omitted
Caused by: jakarta.persistence.PersistenceException: Unable to build Hibernate SessionFactory  [persistence unit: default] ; nested exception is org.hibernate.exception.SQLGrammarException: Unable to open JDBC Connection for DDL execution [Unknown database 'hos3'] [n/a]
	at org.springframework.orm.jpa.AbstractEntityManagerFactoryBean.buildNativeEntityManagerFactory(AbstractEntityManagerFactoryBean.java:448)
	at org.springframework.orm.jpa.AbstractEntityManagerFactoryBean.afterPropertiesSet(AbstractEntityManagerFactoryBean.java:411)
	at org.springframework.orm.jpa.LocalContainerEntityManagerFactoryBean.afterPropertiesSet(LocalContainerEntityManagerFactoryBean.java:419)
	at org.springframework.beans.factory.support.AbstractAutowireCapableBeanFactory.invokeInitMethods(AbstractAutowireCapableBeanFactory.java:1864)
	at org.springframework.beans.factory.support.AbstractAutowireCapableBeanFactory.initializeBean(AbstractAutowireCapableBeanFactory.java:1813)
	... 106 common frames omitted
Caused by: org.hibernate.exception.SQLGrammarException: Unable to open JDBC Connection for DDL execution [Unknown database 'hos3'] [n/a]
	at org.hibernate.exception.internal.SQLExceptionTypeDelegate.convert(SQLExceptionTypeDelegate.java:64)
	at org.hibernate.exception.internal.StandardSQLExceptionConverter.convert(StandardSQLExceptionConverter.java:34)
	at org.hibernate.engine.jdbc.spi.SqlExceptionHelper.convert(SqlExceptionHelper.java:115)
	at org.hibernate.engine.jdbc.spi.SqlExceptionHelper.convert(SqlExceptionHelper.java:101)
	at org.hibernate.resource.transaction.backend.jdbc.internal.DdlTransactionIsolatorNonJtaImpl.getIsolatedConnection(DdlTransactionIsolatorNonJtaImpl.java:71)
	at org.hibernate.resource.transaction.backend.jdbc.internal.DdlTransactionIsolatorNonJtaImpl.getIsolatedConnection(DdlTransactionIsolatorNonJtaImpl.java:37)
	at org.hibernate.tool.schema.internal.exec.ImprovedExtractionContextImpl.getJdbcConnection(ImprovedExtractionContextImpl.java:61)
	at org.hibernate.tool.schema.internal.exec.ImprovedExtractionContextImpl.getJdbcDatabaseMetaData(ImprovedExtractionContextImpl.java:68)
	at org.hibernate.tool.schema.extract.internal.InformationExtractorJdbcDatabaseMetaDataImpl.getJdbcDatabaseMetaData(InformationExtractorJdbcDatabaseMetaDataImpl.java:38)
	at org.hibernate.tool.schema.extract.internal.InformationExtractorJdbcDatabaseMetaDataImpl.processTableResultSet(InformationExtractorJdbcDatabaseMetaDataImpl.java:76)
	at org.hibernate.tool.schema.extract.internal.AbstractInformationExtractorImpl.getTables(AbstractInformationExtractorImpl.java:496)
	at org.hibernate.tool.schema.extract.internal.DatabaseInformationImpl.getTablesInformation(DatabaseInformationImpl.java:124)
	at org.hibernate.tool.schema.internal.GroupedSchemaMigratorImpl.performTablesMigration(GroupedSchemaMigratorImpl.java:72)
	at org.hibernate.tool.schema.internal.AbstractSchemaMigrator.performMigration(AbstractSchemaMigrator.java:220)
	at org.hibernate.tool.schema.internal.AbstractSchemaMigrator.doMigration(AbstractSchemaMigrator.java:96)
	at org.hibernate.tool.schema.spi.SchemaManagementToolCoordinator.performDatabaseAction(SchemaManagementToolCoordinator.java:269)
	at org.hibernate.tool.schema.spi.SchemaManagementToolCoordinator.lambda$process$1(SchemaManagementToolCoordinator.java:101)
	at java.base/java.util.HashMap.forEach(HashMap.java:1429)
	at org.hibernate.tool.schema.spi.SchemaManagementToolCoordinator.process(SchemaManagementToolCoordinator.java:100)
	at org.hibernate.boot.internal.SessionFactoryObserverForSchemaExport.sessionFactoryCreated(SessionFactoryObserverForSchemaExport.java:35)
	at org.hibernate.internal.SessionFactoryObserverChain.sessionFactoryCreated(SessionFactoryObserverChain.java:33)
	at org.hibernate.internal.SessionFactoryImpl.<init>(SessionFactoryImpl.java:323)
	at org.hibernate.internal.SessionFactoryRegistry.instantiateSessionFactory(SessionFactoryRegistry.java:64)
	at org.hibernate.boot.internal.SessionFactoryBuilderImpl.build(SessionFactoryBuilderImpl.java:437)
	at org.hibernate.jpa.boot.internal.EntityManagerFactoryBuilderImpl.build(EntityManagerFactoryBuilderImpl.java:1456)
	at org.springframework.orm.jpa.vendor.SpringHibernateJpaPersistenceProvider.createContainerEntityManagerFactory(SpringHibernateJpaPersistenceProvider.java:93)
	at org.springframework.orm.jpa.LocalContainerEntityManagerFactoryBean.createNativeEntityManagerFactory(LocalContainerEntityManagerFactoryBean.java:443)
	at org.springframework.orm.jpa.AbstractEntityManagerFactoryBean.buildNativeEntityManagerFactory(AbstractEntityManagerFactoryBean.java:436)
	... 110 common frames omitted
Caused by: java.sql.SQLSyntaxErrorException: Unknown database 'hos3'
	at com.mysql.cj.jdbc.exceptions.SQLError.createSQLException(SQLError.java:112)
	at com.mysql.cj.jdbc.exceptions.SQLExceptionsMapping.translateException(SQLExceptionsMapping.java:114)
	at com.mysql.cj.jdbc.ConnectionImpl.createNewIO(ConnectionImpl.java:840)
	at com.mysql.cj.jdbc.ConnectionImpl.<init>(ConnectionImpl.java:416)
	at com.mysql.cj.jdbc.ConnectionImpl.getInstance(ConnectionImpl.java:237)
	at com.mysql.cj.jdbc.NonRegisteringDriver.connect(NonRegisteringDriver.java:180)
	at com.zaxxer.hikari.util.DriverDataSource.getConnection(DriverDataSource.java:144)
	at com.zaxxer.hikari.pool.PoolBase.newConnection(PoolBase.java:373)
	at com.zaxxer.hikari.pool.PoolBase.newPoolEntry(PoolBase.java:210)
	at com.zaxxer.hikari.pool.HikariPool.createPoolEntry(HikariPool.java:488)
	at com.zaxxer.hikari.pool.HikariPool.checkFailFast(HikariPool.java:576)
	at com.zaxxer.hikari.pool.HikariPool.<init>(HikariPool.java:97)
	at com.zaxxer.hikari.HikariDataSource.getConnection(HikariDataSource.java:111)
	at org.hibernate.engine.jdbc.connections.internal.DataSourceConnectionProvider.getConnection(DataSourceConnectionProvider.java:137)
	at org.hibernate.engine.jdbc.env.internal.JdbcEnvironmentInitiator$ConnectionProviderJdbcConnectionAccess.obtainConnection(JdbcEnvironmentInitiator.java:508)
	at org.hibernate.resource.transaction.backend.jdbc.internal.DdlTransactionIsolatorNonJtaImpl.getIsolatedConnection(DdlTransactionIsolatorNonJtaImpl.java:44)
	... 133 common frames omitted
2026-05-31 23:19:24.444 [main] INFO  c.H.service.AdminUserService - Creating new user - Name: Dr. Asha Mehta, Email: asha.mehta@clinicflow.com, Role: CLINICIAN
2026-05-31 23:19:24.543 [main] INFO  c.H.service.AdminUserService - Updating user - UserID: 10, NewEmail: asha.mehta@clinicflow.com, NewRole: CLINICIAN
2026-05-31 23:19:24.565 [main] DEBUG c.H.service.AdminUserService - Fetching all users
2026-05-31 23:19:24.569 [main] INFO  c.H.service.AdminUserService - Retrieved 1 users
2026-05-31 23:19:24.586 [main] INFO  c.H.service.AdminUserService - Deactivating user - ID: 10
2026-05-31 23:19:24.591 [main] INFO  c.H.service.AdminUserService - User deactivated successfully - ID: 10, Email: asha.mehta@clinicflow.com
2026-05-31 23:19:24.604 [main] INFO  c.H.service.AdminUserService - Creating new user - Name: Jane Patient, Email: jane@example.com, Role: PATIENT
2026-05-31 23:19:24.628 [main] INFO  c.H.service.AdminUserService - Creating new user - Name: Dr. Asha Mehta, Email: asha.mehta@clinicflow.com, Role: CLINICIAN
2026-05-31 23:19:24.646 [main] INFO  c.H.service.AdminUserService - Creating new user - Name: Joe Staff, Email: joe@example.com, Role: INVALID_ROLE
2026-05-31 23:19:24.676 [main] DEBUG c.H.service.AdminUserService - Fetching user with ID: 10
2026-05-31 23:19:24.679 [main] INFO  c.H.service.AdminUserService - Retrieved user - ID: 10, Email: asha.mehta@clinicflow.com, Role: CLINICIAN, Status: ACTIVE
2026-05-31 23:19:24.697 [main] DEBUG c.H.service.AdminUserService - Fetching user with ID: 999
2026-05-31 23:19:25.073 [main] DEBUG c.H.service.AppointmentService - Fetching appointment with ID: 999
2026-05-31 23:19:25.087 [main] INFO  c.H.service.AppointmentService - Completing appointment - AppointmentID: 1
2026-05-31 23:19:25.089 [main] INFO  c.H.service.AppointmentService - Appointment completed successfully - AppointmentID: 1
2026-05-31 23:19:25.109 [main] INFO  c.H.service.AppointmentService - Creating new appointment - PatientID: 5, ClinicianID: 10, Department: General Medicine
2026-05-31 23:19:25.122 [main] DEBUG c.H.service.AppointmentService - Fetching all appointments
2026-05-31 23:19:25.124 [main] INFO  c.H.service.AppointmentService - Retrieved 1 appointments
2026-05-31 23:19:25.140 [main] INFO  c.H.service.AppointmentService - Updating appointment - AppointmentID: 1, NewStatus: SCHEDULED
2026-05-31 23:19:25.146 [main] INFO  c.H.service.AppointmentService - Appointment updated successfully - AppointmentID: 1, Status: SCHEDULED
2026-05-31 23:19:25.165 [main] INFO  c.H.service.AppointmentService - Checking in appointment - AppointmentID: 1
2026-05-31 23:19:25.165 [main] INFO  c.H.service.AppointmentService - Appointment checked in successfully - AppointmentID: 1
2026-05-31 23:19:25.184 [main] DEBUG c.H.service.AppointmentService - Fetching appointment with ID: 1
2026-05-31 23:19:25.186 [main] INFO  c.H.service.AppointmentService - Retrieved appointment - ID: 1, PatientID: 5
2026-05-31 23:19:25.200 [main] INFO  c.H.service.AppointmentService - Creating new appointment - PatientID: 5, ClinicianID: 10, Department: General Medicine
2026-05-31 23:19:25.217 [main] DEBUG c.H.service.AppointmentService - Fetching appointments for patient ID: 5
2026-05-31 23:19:25.221 [main] INFO  c.H.service.AppointmentService - Retrieved 1 appointments for patient ID: 5
2026-05-31 23:19:25.235 [main] INFO  c.H.service.AppointmentService - Creating new appointment - PatientID: 5, ClinicianID: 10, Department: General Medicine
2026-05-31 23:19:25.237 [main] INFO  c.H.service.AppointmentService - Appointment created successfully - AppointmentID: 1, PatientID: 5, Status: SCHEDULED
2026-05-31 23:19:25.248 [main] INFO  c.H.service.AppointmentService - Cancelling appointment - AppointmentID: 1
2026-05-31 23:19:25.250 [main] INFO  c.H.service.AppointmentService - Appointment cancelled successfully - AppointmentID: 1
2026-05-31 23:19:25.626 [main] INFO  c.H.service.AuthService - Attempting authentication for user with email: john.doe@example.com
2026-05-31 23:19:25.634 [main] INFO  c.H.service.AuthService - User authenticated successfully - Email: john.doe@example.com, Role: PATIENT
2026-05-31 23:19:25.649 [main] INFO  c.H.service.AuthService - Attempting to register new user with email: john.doe@example.com
2026-05-31 23:19:25.651 [main] WARN  c.H.service.AuthService - Registration failed: User already exists with email: john.doe@example.com
2026-05-31 23:19:25.677 [main] INFO  c.H.service.AuthService - Attempting authentication for user with email: john.doe@example.com
2026-05-31 23:19:25.682 [main] WARN  c.H.service.AuthService - Authentication failed: Invalid credentials for email: john.doe@example.com
2026-05-31 23:19:25.702 [main] INFO  c.H.service.AuthService - Attempting to register new user with email: john.doe@example.com
2026-05-31 23:19:25.704 [main] INFO  c.H.service.AuthService - User registered successfully - Name: John Doe, Email: john.doe@example.com, Phone: 1234567890, Role: PATIENT
2026-05-31 23:19:25.879 [main] INFO  c.H.service.EncounterService - Creating new encounter - PatientID: 1, VisitType: Routine Checkup
2026-05-31 23:19:25.882 [main] INFO  c.H.service.EncounterService - Encounter created successfully - ID: 1
2026-05-31 23:19:25.901 [main] INFO  c.H.service.EncounterService - Updating encounter - ID: 1
2026-05-31 23:19:25.914 [main] INFO  c.H.service.EncounterService - Updating encounter - ID: 1
2026-05-31 23:19:25.915 [main] INFO  c.H.service.EncounterService - Encounter updated successfully - ID: 1
2026-05-31 23:19:25.929 [main] INFO  c.H.service.EncounterService - Creating new encounter - PatientID: 1, VisitType: Routine Checkup
2026-05-31 23:19:25.946 [main] INFO  c.H.service.EncounterService - Creating new encounter - PatientID: 1, VisitType: Routine Checkup
2026-05-31 23:19:25.947 [main] INFO  c.H.service.EncounterService - Encounter created successfully - ID: null
2026-05-31 23:19:25.962 [main] INFO  c.H.service.EncounterService - Updating encounter - ID: 1
2026-05-31 23:19:25.964 [main] INFO  c.H.service.EncounterService - Encounter updated successfully - ID: 1
2026-05-31 23:19:25.979 [main] DEBUG c.H.service.EncounterService - Fetching encounter with ID: 1
2026-05-31 23:19:25.981 [main] INFO  c.H.service.EncounterService - Retrieved encounter - ID: 1
2026-05-31 23:19:25.994 [main] INFO  c.H.service.EncounterService - Creating new encounter - PatientID: 1, VisitType: Routine Checkup
2026-05-31 23:19:25.996 [main] INFO  c.H.service.EncounterService - Encounter created successfully - ID: 1
2026-05-31 23:19:26.008 [main] DEBUG c.H.service.EncounterService - Fetching all encounters
2026-05-31 23:19:26.011 [main] INFO  c.H.service.EncounterService - Retrieved 0 encounters
2026-05-31 23:19:26.024 [main] INFO  c.H.service.EncounterService - Creating new encounter - PatientID: 1, VisitType: Routine Checkup
2026-05-31 23:19:26.033 [main] DEBUG c.H.service.EncounterService - Fetching all encounters
2026-05-31 23:19:26.033 [main] INFO  c.H.service.EncounterService - Retrieved 1 encounters
2026-05-31 23:19:26.047 [main] INFO  c.H.service.EncounterService - Deleting encounter - ID: 999
2026-05-31 23:19:26.062 [main] DEBUG c.H.service.EncounterService - Fetching encounter with ID: 999
2026-05-31 23:19:26.070 [main] DEBUG c.H.service.EncounterService - Fetching encounter with ID: 1
2026-05-31 23:19:26.072 [main] INFO  c.H.service.EncounterService - Retrieved encounter - ID: 1
2026-05-31 23:19:26.082 [main] DEBUG c.H.service.EncounterService - Fetching encounter with ID: 1
2026-05-31 23:19:26.083 [main] INFO  c.H.service.EncounterService - Retrieved encounter - ID: 1
2026-05-31 23:19:26.099 [main] INFO  c.H.service.EncounterService - Deleting encounter - ID: 1
2026-05-31 23:19:26.099 [main] INFO  c.H.service.EncounterService - Encounter deleted successfully - ID: 1
2026-05-31 23:19:26.368 [main] INFO  c.H.service.InventoryService - Adjusting stock - Inventory ID: 10, Delta: -120
2026-05-31 23:19:26.368 [main] DEBUG c.H.service.InventoryService - Looking up inventory item by ID: 10
2026-05-31 23:19:26.371 [main] DEBUG c.H.service.InventoryService - Found inventory item - ID: 10, Batch: BATCH123
2026-05-31 23:19:26.371 [main] WARN  c.H.service.InventoryService - Stock adjustment would result in negative quantity - Current: 100, Delta: -120
2026-05-31 23:19:26.379 [main] DEBUG c.H.service.InventoryService - Fetching expired inventory
2026-05-31 23:19:26.383 [main] INFO  c.H.service.InventoryService - Retrieved 1 expired inventory items
2026-05-31 23:19:26.398 [main] INFO  c.H.service.InventoryService - Creating inventory item - Medication ID: 1, Batch: BATCH123
2026-05-31 23:19:26.398 [main] DEBUG c.H.service.InventoryService - Looking up medication by ID: 1
2026-05-31 23:19:26.401 [main] DEBUG c.H.service.InventoryService - Found medication - ID: 1, Name: Paracetamol
2026-05-31 23:19:26.402 [main] DEBUG c.H.service.InventoryService - Updating inventory status for item ID: null
2026-05-31 23:19:26.402 [main] DEBUG c.H.service.InventoryService - Set status to IN_STOCK for item ID: null
2026-05-31 23:19:26.402 [main] INFO  c.H.service.InventoryService - Successfully created inventory item - ID: 10, Batch: BATCH123
2026-05-31 23:19:26.415 [main] DEBUG c.H.service.InventoryService - Fetching inventory item by ID: 999
2026-05-31 23:19:26.415 [main] DEBUG c.H.service.InventoryService - Looking up inventory item by ID: 999
2026-05-31 23:19:26.426 [main] DEBUG c.H.service.InventoryService - Generating stock summary
2026-05-31 23:19:26.429 [main] INFO  c.H.service.InventoryService - Generated stock summary with 1 items
2026-05-31 23:19:26.437 [main] DEBUG c.H.service.InventoryService - Fetching expiring inventory within 30 days
2026-05-31 23:19:26.439 [main] INFO  c.H.service.InventoryService - Retrieved 1 expiring inventory items within 30 days
2026-05-31 23:19:26.447 [main] DEBUG c.H.service.InventoryService - Fetching all inventory items
2026-05-31 23:19:26.448 [main] INFO  c.H.service.InventoryService - Retrieved 1 inventory items
2026-05-31 23:19:26.458 [main] INFO  c.H.service.InventoryService - Deleting inventory item - ID: 10
2026-05-31 23:19:26.458 [main] DEBUG c.H.service.InventoryService - Looking up inventory item by ID: 10
2026-05-31 23:19:26.458 [main] DEBUG c.H.service.InventoryService - Found inventory item - ID: 10, Batch: BATCH123
2026-05-31 23:19:26.460 [main] INFO  c.H.service.InventoryService - Successfully deleted inventory item - ID: 10
2026-05-31 23:19:26.468 [main] INFO  c.H.service.InventoryService - Adjusting stock - Inventory ID: 10, Delta: -40
2026-05-31 23:19:26.468 [main] DEBUG c.H.service.InventoryService - Looking up inventory item by ID: 10
2026-05-31 23:19:26.468 [main] DEBUG c.H.service.InventoryService - Found inventory item - ID: 10, Batch: BATCH123
2026-05-31 23:19:26.469 [main] INFO  c.H.service.InventoryService - Successfully adjusted stock - Inventory ID: 10, New Quantity: 60
2026-05-31 23:19:26.479 [main] DEBUG c.H.service.InventoryService - Fetching inventory item by ID: 10
2026-05-31 23:19:26.479 [main] DEBUG c.H.service.InventoryService - Looking up inventory item by ID: 10
2026-05-31 23:19:26.479 [main] DEBUG c.H.service.InventoryService - Found inventory item - ID: 10, Batch: BATCH123
2026-05-31 23:19:26.480 [main] INFO  c.H.service.InventoryService - Retrieved inventory item - ID: 10, Medication: Paracetamol
2026-05-31 23:19:26.493 [main] INFO  c.H.service.InventoryService - Creating inventory item - Medication ID: 1, Batch: BATCH123
2026-05-31 23:19:26.493 [main] DEBUG c.H.service.InventoryService - Looking up medication by ID: 1
2026-05-31 23:19:26.493 [main] DEBUG c.H.service.InventoryService - Found medication - ID: 1, Name: Paracetamol
2026-05-31 23:19:26.493 [main] WARN  c.H.service.InventoryService - Attempted to create duplicate batch - Medication ID: 1, Batch: BATCH123
2026-05-31 23:19:26.637 [main] DEBUG c.H.service.InvoiceService - Fetching invoices for patient ID: 1
2026-05-31 23:19:26.639 [main] DEBUG c.H.service.InvoiceService - Looking up patient by ID: 1
2026-05-31 23:19:26.641 [main] DEBUG c.H.service.InvoiceService - Found patient - ID: 1, Name: Priya Nair
2026-05-31 23:19:26.642 [main] INFO  c.H.service.InvoiceService - Retrieved 1 invoices for patient ID: 1
2026-05-31 23:19:26.650 [main] INFO  c.H.service.InvoiceService - Updating invoice status - ID: 10, Status: PAID
2026-05-31 23:19:26.651 [main] DEBUG c.H.service.InvoiceService - Looking up invoice by ID: 10
2026-05-31 23:19:26.651 [main] DEBUG c.H.service.InvoiceService - Found invoice - ID: 10, Amount: 105.0
2026-05-31 23:19:26.652 [main] INFO  c.H.service.InvoiceService - Successfully updated invoice status - ID: 10, Status: PAID
2026-05-31 23:19:26.664 [main] DEBUG c.H.service.InvoiceService - Fetching all invoices
2026-05-31 23:19:26.664 [main] INFO  c.H.service.InvoiceService - Retrieved 1 invoices
2026-05-31 23:19:26.674 [main] INFO  c.H.service.InvoiceService - Creating invoice - Patient ID: 1, Amount: null
2026-05-31 23:19:26.674 [main] DEBUG c.H.service.InvoiceService - Looking up patient by ID: 1
2026-05-31 23:19:26.676 [main] DEBUG c.H.service.InvoiceService - Found patient - ID: 1, Name: Priya Nair
2026-05-31 23:19:26.676 [main] DEBUG c.H.service.InvoiceService - Looking up encounter by ID: 2
2026-05-31 23:19:26.678 [main] DEBUG c.H.service.InvoiceService - Found encounter - ID: 2
2026-05-31 23:19:26.678 [main] INFO  c.H.service.InvoiceService - Successfully created invoice - ID: 10, Amount: null
2026-05-31 23:19:26.690 [main] INFO  c.H.service.InvoiceService - Deleting invoice - ID: 10
2026-05-31 23:19:26.692 [main] DEBUG c.H.service.InvoiceService - Looking up invoice by ID: 10
2026-05-31 23:19:26.693 [main] DEBUG c.H.service.InvoiceService - Found invoice - ID: 10, Amount: 105.0
2026-05-31 23:19:26.694 [main] INFO  c.H.service.InvoiceService - Successfully deleted invoice - ID: 10
2026-05-31 23:19:26.701 [main] DEBUG c.H.service.InvoiceService - Fetching invoice by ID: 999
2026-05-31 23:19:26.701 [main] DEBUG c.H.service.InvoiceService - Looking up invoice by ID: 999
2026-05-31 23:19:26.713 [main] DEBUG c.H.service.InvoiceService - Fetching invoice by ID: 10
2026-05-31 23:19:26.713 [main] DEBUG c.H.service.InvoiceService - Looking up invoice by ID: 10
2026-05-31 23:19:26.714 [main] DEBUG c.H.service.InvoiceService - Found invoice - ID: 10, Amount: 105.0
2026-05-31 23:19:26.714 [main] INFO  c.H.service.InvoiceService - Retrieved invoice - ID: 10, Amount: 105.0
2026-05-31 23:19:27.352 [main] INFO  c.H.service.LabOrderService - Cancelling lab order - ID: 10
2026-05-31 23:19:27.352 [main] DEBUG c.H.service.LabOrderService - Looking up lab order by ID: 10
2026-05-31 23:19:27.354 [main] DEBUG c.H.service.LabOrderService - Found lab order - ID: 10, Status: RESULTS_REPORTED
2026-05-31 23:19:27.354 [main] WARN  c.H.service.LabOrderService - Attempted to cancel lab order with reported results - ID: 10, Status: RESULTS_REPORTED
2026-05-31 23:19:27.363 [main] INFO  c.H.service.LabOrderService - Creating lab order - Encounter ID: 2
2026-05-31 23:19:27.363 [main] DEBUG c.H.service.LabOrderService - Looking up encounter by ID: 2
2026-05-31 23:19:27.365 [main] DEBUG c.H.service.LabOrderService - Found encounter - ID: 2
2026-05-31 23:19:27.365 [main] INFO  c.H.service.LabOrderService - Successfully created lab order - ID: 10
2026-05-31 23:19:27.382 [main] INFO  c.H.service.LabOrderService - Collecting sample for lab order - ID: 10
2026-05-31 23:19:27.382 [main] DEBUG c.H.service.LabOrderService - Looking up lab order by ID: 10
2026-05-31 23:19:27.382 [main] DEBUG c.H.service.LabOrderService - Found lab order - ID: 10, Status: ORDERED
2026-05-31 23:19:27.384 [main] INFO  c.H.service.LabOrderService - Successfully collected sample for lab order - ID: 10
2026-05-31 23:19:27.395 [main] DEBUG c.H.service.LabOrderService - Fetching all lab orders
2026-05-31 23:19:27.396 [main] INFO  c.H.service.LabOrderService - Retrieved 1 lab orders
2026-05-31 23:19:27.404 [main] INFO  c.H.service.LabOrderService - Updating lab order - ID: 10
2026-05-31 23:19:27.404 [main] DEBUG c.H.service.LabOrderService - Looking up lab order by ID: 10
2026-05-31 23:19:27.404 [main] DEBUG c.H.service.LabOrderService - Found lab order - ID: 10, Status: ORDERED
2026-05-31 23:19:27.408 [main] INFO  c.H.service.LabOrderService - Successfully updated lab order - ID: 10
2026-05-31 23:19:27.417 [main] DEBUG c.H.service.LabOrderService - Fetching lab order by ID: 10
2026-05-31 23:19:27.417 [main] DEBUG c.H.service.LabOrderService - Looking up lab order by ID: 10
2026-05-31 23:19:27.417 [main] DEBUG c.H.service.LabOrderService - Found lab order - ID: 10, Status: ORDERED
2026-05-31 23:19:27.417 [main] INFO  c.H.service.LabOrderService - Retrieved lab order - ID: 10, Status: ORDERED
2026-05-31 23:19:27.429 [main] INFO  c.H.service.LabOrderService - Updating lab order - ID: 10
2026-05-31 23:19:27.429 [main] DEBUG c.H.service.LabOrderService - Looking up lab order by ID: 10
2026-05-31 23:19:27.429 [main] DEBUG c.H.service.LabOrderService - Found lab order - ID: 10, Status: COLLECTED
2026-05-31 23:19:27.431 [main] WARN  c.H.service.LabOrderService - Attempted to update lab order not in ORDERED status - ID: 10, Status: COLLECTED
2026-05-31 23:19:27.443 [main] INFO  c.H.service.LabOrderService - Cancelling lab order - ID: 10
2026-05-31 23:19:27.443 [main] DEBUG c.H.service.LabOrderService - Looking up lab order by ID: 10
2026-05-31 23:19:27.444 [main] DEBUG c.H.service.LabOrderService - Found lab order - ID: 10, Status: ORDERED
2026-05-31 23:19:27.444 [main] INFO  c.H.service.LabOrderService - Successfully cancelled lab order - ID: 10
2026-05-31 23:19:27.467 [main] DEBUG c.H.service.LabResultService - Fetching lab result by ID: 999
2026-05-31 23:19:27.467 [main] DEBUG c.H.service.LabResultService - Looking up lab result by ID: 999
2026-05-31 23:19:27.483 [main] DEBUG c.H.service.LabResultService - Fetching all lab results
2026-05-31 23:19:27.485 [main] INFO  c.H.service.LabResultService - Retrieved 1 lab results
2026-05-31 23:19:27.498 [main] INFO  c.H.service.LabResultService - Deleting lab result - ID: 100
2026-05-31 23:19:27.498 [main] DEBUG c.H.service.LabResultService - Looking up lab result by ID: 100
2026-05-31 23:19:27.498 [main] DEBUG c.H.service.LabResultService - Found lab result - ID: 100, Test: WBC
2026-05-31 23:19:27.499 [main] DEBUG c.H.service.LabResultService - Updating lab order status - Order ID: 10
2026-05-31 23:19:27.501 [main] DEBUG c.H.service.LabResultService - Set lab order status to COLLECTED (no results)
2026-05-31 23:19:27.501 [main] INFO  c.H.service.LabResultService - Successfully deleted lab result - ID: 100
2026-05-31 23:19:27.525 [main] INFO  c.H.service.LabResultService - Creating lab result - Order ID: 10, Test: WBC
2026-05-31 23:19:27.526 [main] DEBUG c.H.service.LabResultService - Looking up lab order by ID: 10
2026-05-31 23:19:27.528 [main] DEBUG c.H.service.LabResultService - Found lab order - ID: 10, Status: COLLECTED
2026-05-31 23:19:27.529 [main] DEBUG c.H.service.LabResultService - Updating lab order status - Order ID: 10
2026-05-31 23:19:27.531 [main] DEBUG c.H.service.LabResultService - Updated lab order status to RESULTS_REPORTED - Critical: false
2026-05-31 23:19:27.531 [main] INFO  c.H.service.LabResultService - Successfully created lab result - ID: 100
2026-05-31 23:19:27.540 [main] DEBUG c.H.service.LabResultService - Fetching lab result by ID: 100
2026-05-31 23:19:27.542 [main] DEBUG c.H.service.LabResultService - Looking up lab result by ID: 100
2026-05-31 23:19:27.542 [main] DEBUG c.H.service.LabResultService - Found lab result - ID: 100, Test: WBC
2026-05-31 23:19:27.543 [main] INFO  c.H.service.LabResultService - Retrieved lab result - ID: 100, Test: WBC
2026-05-31 23:19:27.551 [main] INFO  c.H.service.LabResultService - Creating lab result - Order ID: 10, Test: WBC
2026-05-31 23:19:27.551 [main] DEBUG c.H.service.LabResultService - Looking up lab order by ID: 10
2026-05-31 23:19:27.551 [main] DEBUG c.H.service.LabResultService - Found lab order - ID: 10, Status: COLLECTED
2026-05-31 23:19:27.554 [main] DEBUG c.H.service.LabResultService - Updating lab order status - Order ID: 10
2026-05-31 23:19:27.557 [main] DEBUG c.H.service.LabResultService - Updated lab order status to CRITICAL_REPORTED - Critical: true
2026-05-31 23:19:27.559 [main] INFO  c.H.service.LabResultService - Successfully created lab result - ID: 101
2026-05-31 23:19:27.575 [main] DEBUG c.H.service.MedicationMasterService - Fetching medications - Search: null
2026-05-31 23:19:27.578 [main] INFO  c.H.service.MedicationMasterService - Retrieved 1 medications
2026-05-31 23:19:27.584 [main] DEBUG c.H.service.MedicationMasterService - Fetching medications - Search: Para
2026-05-31 23:19:27.586 [main] INFO  c.H.service.MedicationMasterService - Retrieved 1 medications
2026-05-31 23:19:27.598 [main] INFO  c.H.service.MedicationMasterService - Creating medication - Code: MED001, Name: Paracetamol
2026-05-31 23:19:27.598 [main] INFO  c.H.service.MedicationMasterService - Successfully created medication - ID: 1, Code: MED001
2026-05-31 23:19:27.614 [main] INFO  c.H.service.MedicationMasterService - Deactivating medication - ID: 1
2026-05-31 23:19:27.614 [main] DEBUG c.H.service.MedicationMasterService - Looking up medication by ID: 1
2026-05-31 23:19:27.615 [main] DEBUG c.H.service.MedicationMasterService - Found medication - ID: 1, Name: Paracetamol
2026-05-31 23:19:27.619 [main] INFO  c.H.service.MedicationMasterService - Successfully deactivated medication - ID: 1
2026-05-31 23:19:27.635 [main] INFO  c.H.service.MedicationMasterService - Updating medication - ID: 1
2026-05-31 23:19:27.635 [main] DEBUG c.H.service.MedicationMasterService - Looking up medication by ID: 1
2026-05-31 23:19:27.637 [main] DEBUG c.H.service.MedicationMasterService - Found medication - ID: 1, Name: Paracetamol
2026-05-31 23:19:27.642 [main] INFO  c.H.service.MedicationMasterService - Successfully updated medication - ID: 1
2026-05-31 23:19:27.650 [main] DEBUG c.H.service.MedicationMasterService - Fetching medication by ID: 1
2026-05-31 23:19:27.652 [main] DEBUG c.H.service.MedicationMasterService - Looking up medication by ID: 1
2026-05-31 23:19:27.652 [main] DEBUG c.H.service.MedicationMasterService - Found medication - ID: 1, Name: Paracetamol
2026-05-31 23:19:27.653 [main] INFO  c.H.service.MedicationMasterService - Retrieved medication - ID: 1, Name: Paracetamol
2026-05-31 23:19:27.669 [main] INFO  c.H.service.MedicationMasterService - Creating medication - Code: MED001, Name: Paracetamol
2026-05-31 23:19:27.673 [main] WARN  c.H.service.MedicationMasterService - Attempted to create medication with existing code: MED001
2026-05-31 23:19:27.693 [main] DEBUG c.H.service.PatientService - Fetching patient with ID: 1
2026-05-31 23:19:27.693 [main] DEBUG c.H.service.PatientService - Looking up patient by ID: 1
2026-05-31 23:19:27.694 [main] DEBUG c.H.service.PatientService - Found patient - ID: 1, MRN: MRN-ABC12345
2026-05-31 23:19:27.697 [main] INFO  c.H.service.PatientService - Retrieved patient - ID: 1, MRN: MRN-ABC12345
2026-05-31 23:19:27.708 [main] INFO  c.H.service.PatientService - Starting patient registration - Name: Jane Doe
2026-05-31 23:19:27.713 [main] INFO  c.H.service.PatientService - Successfully registered patient - ID: 2, MRN: MRN-F1FCAAC7
2026-05-31 23:19:27.728 [main] DEBUG c.H.service.PatientService - Fetching patient with ID: 999
2026-05-31 23:19:27.730 [main] DEBUG c.H.service.PatientService - Looking up patient by ID: 999
2026-05-31 23:19:27.746 [main] DEBUG c.H.service.PatientService - Fetching patient with MRN: MRN-NOTFOUND
2026-05-31 23:19:27.752 [main] DEBUG c.H.service.PatientService - Fetching all patients from registry
2026-05-31 23:19:27.755 [main] INFO  c.H.service.PatientService - Retrieved 1 patients from registry
2026-05-31 23:19:27.766 [main] INFO  c.H.service.PatientService - Starting patient update - ID: 1
2026-05-31 23:19:27.767 [main] DEBUG c.H.service.PatientService - Looking up patient by ID: 1
2026-05-31 23:19:27.767 [main] DEBUG c.H.service.PatientService - Found patient - ID: 1, MRN: MRN-ABC12345
2026-05-31 23:19:27.768 [main] INFO  c.H.service.PatientService - Successfully updated patient - ID: 1, MRN: MRN-ABC12345
2026-05-31 23:19:27.783 [main] DEBUG c.H.service.PatientService - Fetching patient with MRN: MRN-ABC12345
2026-05-31 23:19:27.785 [main] INFO  c.H.service.PatientService - Retrieved patient - MRN: MRN-ABC12345, Name: Jane Doe
2026-05-31 23:19:27.798 [main] INFO  c.H.service.PatientService - Starting patient deactivation - ID: 1
2026-05-31 23:19:27.798 [main] DEBUG c.H.service.PatientService - Looking up patient by ID: 1
2026-05-31 23:19:27.798 [main] DEBUG c.H.service.PatientService - Found patient - ID: 1, MRN: MRN-ABC12345
2026-05-31 23:19:27.800 [main] INFO  c.H.service.PatientService - Successfully deactivated patient - ID: 1, MRN: MRN-ABC12345
2026-05-31 23:19:28.085 [main] INFO  c.H.service.PaymentService - Recording manual payment | InvoiceId: 10, PatientId: 1, Amount: 200.0
2026-05-31 23:19:28.085 [main] DEBUG c.H.service.PaymentService - Looking up patient | PatientId: 1
2026-05-31 23:19:28.088 [main] WARN  c.H.service.PaymentService - Attempted payment on already PAID invoice | InvoiceId: 10
2026-05-31 23:19:28.099 [main] DEBUG c.H.service.PaymentService - Fetching payment by Id: 999
2026-05-31 23:19:28.099 [main] DEBUG c.H.service.PaymentService - Looking up payment | PaymentId: 999
2026-05-31 23:19:28.101 [main] ERROR c.H.service.PaymentService - Payment not found | PaymentId: 999
2026-05-31 23:19:28.116 [main] INFO  c.H.service.PaymentService - Recording manual payment | InvoiceId: 10, PatientId: 1, Amount: 200.0
2026-05-31 23:19:28.117 [main] DEBUG c.H.service.PaymentService - Looking up patient | PatientId: 1
2026-05-31 23:19:28.117 [main] DEBUG c.H.service.PaymentService - Updating invoice status | InvoiceId: 10
2026-05-31 23:19:28.125 [main] DEBUG c.H.service.PaymentService - Invoice status updated | InvoiceId: 10, Status: PARTIALLY_PAID
2026-05-31 23:19:28.126 [main] INFO  c.H.service.PaymentService - Payment recorded successfully | PaymentId: 50, InvoiceId: 10
2026-05-31 23:19:28.143 [main] INFO  c.H.service.PaymentService - Recording manual payment | InvoiceId: 10, PatientId: 1, Amount: -50.0
2026-05-31 23:19:28.144 [main] DEBUG c.H.service.PaymentService - Looking up patient | PatientId: 1
2026-05-31 23:19:28.147 [main] WARN  c.H.service.PaymentService - Invalid payment amount: -50.0
2026-05-31 23:19:28.163 [main] INFO  c.H.service.PaymentService - Recording manual payment | InvoiceId: 10, PatientId: 1, Amount: 500.0
2026-05-31 23:19:28.164 [main] DEBUG c.H.service.PaymentService - Looking up patient | PatientId: 1
2026-05-31 23:19:28.164 [main] DEBUG c.H.service.PaymentService - Updating invoice status | InvoiceId: 10
2026-05-31 23:19:28.164 [main] DEBUG c.H.service.PaymentService - Invoice status updated | InvoiceId: 10, Status: PAID
2026-05-31 23:19:28.164 [main] INFO  c.H.service.PaymentService - Payment recorded successfully | PaymentId: 50, InvoiceId: 10
2026-05-31 23:19:28.172 [main] DEBUG c.H.service.PaymentService - Fetching all payments
2026-05-31 23:19:28.172 [main] INFO  c.H.service.PaymentService - Total payments retrieved: 1
2026-05-31 23:19:28.198 [main] INFO  c.H.service.PaymentService - Recording manual payment | InvoiceId: 10, PatientId: 1, Amount: 200.0
2026-05-31 23:19:28.198 [main] DEBUG c.H.service.PaymentService - Looking up patient | PatientId: 1
2026-05-31 23:19:28.199 [main] WARN  c.H.service.PaymentService - Patient mismatch | InvoicePatientId: 1, PaymentPatientId: 2
2026-05-31 23:19:28.211 [main] DEBUG c.H.service.PaymentService - Fetching payment by Id: 50
2026-05-31 23:19:28.212 [main] DEBUG c.H.service.PaymentService - Looking up payment | PaymentId: 50
2026-05-31 23:19:28.212 [main] INFO  c.H.service.PaymentService - Payment found | PaymentId: 50, Amount: 200.0
2026-05-31 23:19:28.578 [main] INFO  c.H.service.PharmacyService - Dispensing prescription - Prescription ID: 10, Quantity: 30
2026-05-31 23:19:28.578 [main] DEBUG c.H.service.PharmacyService - Looking up prescription by ID: 10
2026-05-31 23:19:28.580 [main] DEBUG c.H.service.PharmacyService - Found prescription - ID: 10, Status: ISSUED
2026-05-31 23:19:28.580 [main] DEBUG c.H.service.PharmacyService - Looking up user by ID: 20
2026-05-31 23:19:28.580 [main] DEBUG c.H.service.PharmacyService - Found user - ID: 20, Username: null
2026-05-31 23:19:28.582 [main] DEBUG c.H.service.PharmacyService - Validating dispense - Prescription ID: 10, Item ID: 100, Quantity: 30
2026-05-31 23:19:28.582 [main] WARN  c.H.service.PharmacyService - Dispense quantity exceeds prescription quantity - Requested: 30, Prescribed: 20
2026-05-31 23:19:28.591 [main] DEBUG c.H.service.PharmacyService - Fetching all dispense records
2026-05-31 23:19:28.595 [main] INFO  c.H.service.PharmacyService - Retrieved 1 dispense records
2026-05-31 23:19:28.613 [main] INFO  c.H.service.PharmacyService - Processing dispense return - Dispense ID: 200, Return Quantity: 10
2026-05-31 23:19:28.614 [main] DEBUG c.H.service.PharmacyService - Looking up dispense record by ID: 200
2026-05-31 23:19:28.618 [main] DEBUG c.H.service.PharmacyService - Found dispense record - ID: 200, Status: DISPENSED
2026-05-31 23:19:28.621 [main] INFO  c.H.service.PharmacyService - Successfully processed dispense return - Dispense ID: 200, Status: RETURNED
2026-05-31 23:19:28.631 [main] INFO  c.H.service.PharmacyService - Dispensing prescription - Prescription ID: 10, Quantity: 10
2026-05-31 23:19:28.631 [main] DEBUG c.H.service.PharmacyService - Looking up prescription by ID: 10
2026-05-31 23:19:28.631 [main] DEBUG c.H.service.PharmacyService - Found prescription - ID: 10, Status: ISSUED
2026-05-31 23:19:28.631 [main] DEBUG c.H.service.PharmacyService - Looking up user by ID: 20
2026-05-31 23:19:28.631 [main] DEBUG c.H.service.PharmacyService - Found user - ID: 20, Username: null
2026-05-31 23:19:28.631 [main] DEBUG c.H.service.PharmacyService - Validating dispense - Prescription ID: 10, Item ID: 100, Quantity: 10
2026-05-31 23:19:28.632 [main] DEBUG c.H.service.PharmacyService - Dispense validation passed
2026-05-31 23:19:28.632 [main] INFO  c.H.service.PharmacyService - Successfully dispensed prescription - Dispense ID: 200, Prescription ID: 10
2026-05-31 23:19:28.645 [main] INFO  c.H.service.PharmacyService - Dispensing prescription - Prescription ID: 10, Quantity: 10
2026-05-31 23:19:28.645 [main] DEBUG c.H.service.PharmacyService - Looking up prescription by ID: 10
2026-05-31 23:19:28.645 [main] DEBUG c.H.service.PharmacyService - Found prescription - ID: 10, Status: DRAFT
2026-05-31 23:19:28.645 [main] DEBUG c.H.service.PharmacyService - Looking up user by ID: 20
2026-05-31 23:19:28.645 [main] DEBUG c.H.service.PharmacyService - Found user - ID: 20, Username: null
2026-05-31 23:19:28.646 [main] DEBUG c.H.service.PharmacyService - Validating dispense - Prescription ID: 10, Item ID: 100, Quantity: 10
2026-05-31 23:19:28.646 [main] WARN  c.H.service.PharmacyService - Prescription not in issued status - ID: 10, Status: DRAFT
2026-05-31 23:19:28.673 [main] INFO  c.H.service.PrescriptionService - Creating prescription for PatientID=1, EncounterID=1
2026-05-31 23:19:28.683 [main] INFO  c.H.service.PrescriptionService - Creating prescription for PatientID=1, EncounterID=1
2026-05-31 23:19:28.694 [main] INFO  c.H.service.PrescriptionService - Updating prescription RxID=1, NewStatus=ISSUED
2026-05-31 23:19:28.701 [main] DEBUG c.H.service.PrescriptionService - Fetching all prescriptions
2026-05-31 23:19:28.713 [main] DEBUG c.H.service.PrescriptionService - Fetching prescription with ID: 1
2026-05-31 23:19:28.719 [main] DEBUG c.H.service.PrescriptionService - Fetching prescription with ID: 1
2026-05-31 23:19:28.728 [main] INFO  c.H.service.PrescriptionService - Creating prescription for PatientID=1, EncounterID=1
2026-05-31 23:19:28.739 [main] INFO  c.H.service.PrescriptionService - Creating prescription for PatientID=1, EncounterID=1
2026-05-31 23:19:28.746 [main] DEBUG c.H.service.PrescriptionService - Fetching prescription with ID: 999
2026-05-31 23:19:28.755 [main] INFO  c.H.service.PrescriptionService - Deleting prescription RxID=1
2026-05-31 23:19:28.763 [main] INFO  c.H.service.PrescriptionService - Creating prescription for PatientID=1, EncounterID=1
2026-05-31 23:19:28.770 [main] DEBUG c.H.service.PrescriptionService - Fetching all prescriptions
2026-05-31 23:19:28.782 [main] INFO  c.H.service.PrescriptionService - Updating prescription RxID=1, NewStatus=ISSUED
2026-05-31 23:19:28.788 [main] INFO  c.H.service.PrescriptionService - Deleting prescription RxID=999
2026-05-31 23:19:28.900 [main] INFO  c.H.service.ReportService - Creating new report - Scope: OPD
2026-05-31 23:19:28.915 [main] DEBUG c.H.service.ReportService - Fetching report with ID: 10
2026-05-31 23:19:28.916 [main] INFO  c.H.service.ReportService - Retrieved report - ID: 10, Scope: OPD
2026-05-31 23:19:28.925 [main] DEBUG c.H.service.ReportService - Fetching all reports
2026-05-31 23:19:28.925 [main] INFO  c.H.service.ReportService - Retrieved 1 reports
2026-05-31 23:19:28.931 [main] INFO  c.H.service.ReportService - Updating report - ReportID: 10, NewScope: OPD
2026-05-31 23:19:28.948 [main] DEBUG c.H.service.ReportService - Fetching report with ID: 999
2026-05-31 23:20:36.131 [main] INFO  c.H.service.AdminUserService - Creating new user - Name: Dr. Asha Mehta, Email: asha.mehta@clinicflow.com, Role: CLINICIAN
2026-05-31 23:20:36.273 [main] INFO  c.H.service.AdminUserService - Updating user - UserID: 10, NewEmail: asha.mehta@clinicflow.com, NewRole: CLINICIAN
2026-05-31 23:20:36.295 [main] DEBUG c.H.service.AdminUserService - Fetching all users
2026-05-31 23:20:36.298 [main] INFO  c.H.service.AdminUserService - Retrieved 1 users
2026-05-31 23:20:36.314 [main] INFO  c.H.service.AdminUserService - Deactivating user - ID: 10
2026-05-31 23:20:36.316 [main] INFO  c.H.service.AdminUserService - User deactivated successfully - ID: 10, Email: asha.mehta@clinicflow.com
2026-05-31 23:20:36.334 [main] INFO  c.H.service.AdminUserService - Creating new user - Name: Jane Patient, Email: jane@example.com, Role: PATIENT
2026-05-31 23:20:36.359 [main] INFO  c.H.service.AdminUserService - Creating new user - Name: Dr. Asha Mehta, Email: asha.mehta@clinicflow.com, Role: CLINICIAN
2026-05-31 23:20:36.376 [main] INFO  c.H.service.AdminUserService - Creating new user - Name: Joe Staff, Email: joe@example.com, Role: INVALID_ROLE
2026-05-31 23:20:36.390 [main] DEBUG c.H.service.AdminUserService - Fetching user with ID: 10
2026-05-31 23:20:36.391 [main] INFO  c.H.service.AdminUserService - Retrieved user - ID: 10, Email: asha.mehta@clinicflow.com, Role: CLINICIAN, Status: ACTIVE
2026-05-31 23:20:36.404 [main] DEBUG c.H.service.AdminUserService - Fetching user with ID: 999
2026-05-31 23:20:36.882 [main] DEBUG c.H.service.AppointmentService - Fetching appointment with ID: 999
2026-05-31 23:20:36.897 [main] INFO  c.H.service.AppointmentService - Completing appointment - AppointmentID: 1
2026-05-31 23:20:36.898 [main] INFO  c.H.service.AppointmentService - Appointment completed successfully - AppointmentID: 1
2026-05-31 23:20:36.915 [main] INFO  c.H.service.AppointmentService - Creating new appointment - PatientID: 5, ClinicianID: 10, Department: General Medicine
2026-05-31 23:20:36.931 [main] DEBUG c.H.service.AppointmentService - Fetching all appointments
2026-05-31 23:20:36.933 [main] INFO  c.H.service.AppointmentService - Retrieved 1 appointments
2026-05-31 23:20:36.949 [main] INFO  c.H.service.AppointmentService - Updating appointment - AppointmentID: 1, NewStatus: SCHEDULED
2026-05-31 23:20:36.953 [main] INFO  c.H.service.AppointmentService - Appointment updated successfully - AppointmentID: 1, Status: SCHEDULED
2026-05-31 23:20:36.970 [main] INFO  c.H.service.AppointmentService - Checking in appointment - AppointmentID: 1
2026-05-31 23:20:36.971 [main] INFO  c.H.service.AppointmentService - Appointment checked in successfully - AppointmentID: 1
2026-05-31 23:20:36.988 [main] DEBUG c.H.service.AppointmentService - Fetching appointment with ID: 1
2026-05-31 23:20:36.989 [main] INFO  c.H.service.AppointmentService - Retrieved appointment - ID: 1, PatientID: 5
2026-05-31 23:20:37.003 [main] INFO  c.H.service.AppointmentService - Creating new appointment - PatientID: 5, ClinicianID: 10, Department: General Medicine
2026-05-31 23:20:37.016 [main] DEBUG c.H.service.AppointmentService - Fetching appointments for patient ID: 5
2026-05-31 23:20:37.018 [main] INFO  c.H.service.AppointmentService - Retrieved 1 appointments for patient ID: 5
2026-05-31 23:20:37.034 [main] INFO  c.H.service.AppointmentService - Creating new appointment - PatientID: 5, ClinicianID: 10, Department: General Medicine
2026-05-31 23:20:37.036 [main] INFO  c.H.service.AppointmentService - Appointment created successfully - AppointmentID: 1, PatientID: 5, Status: SCHEDULED
2026-05-31 23:20:37.055 [main] INFO  c.H.service.AppointmentService - Cancelling appointment - AppointmentID: 1
2026-05-31 23:20:37.056 [main] INFO  c.H.service.AppointmentService - Appointment cancelled successfully - AppointmentID: 1
2026-05-31 23:20:37.393 [main] INFO  c.H.service.AuthService - Attempting authentication for user with email: john.doe@example.com
2026-05-31 23:20:37.401 [main] INFO  c.H.service.AuthService - User authenticated successfully - Email: john.doe@example.com, Role: PATIENT
2026-05-31 23:20:37.416 [main] INFO  c.H.service.AuthService - Attempting to register new user with email: john.doe@example.com
2026-05-31 23:20:37.417 [main] WARN  c.H.service.AuthService - Registration failed: User already exists with email: john.doe@example.com
2026-05-31 23:20:37.440 [main] INFO  c.H.service.AuthService - Attempting authentication for user with email: john.doe@example.com
2026-05-31 23:20:37.444 [main] WARN  c.H.service.AuthService - Authentication failed: Invalid credentials for email: john.doe@example.com
2026-05-31 23:20:37.459 [main] INFO  c.H.service.AuthService - Attempting to register new user with email: john.doe@example.com
2026-05-31 23:20:37.461 [main] INFO  c.H.service.AuthService - User registered successfully - Name: John Doe, Email: john.doe@example.com, Phone: 1234567890, Role: PATIENT
2026-05-31 23:20:37.670 [main] INFO  c.H.service.EncounterService - Creating new encounter - PatientID: 1, VisitType: Routine Checkup
2026-05-31 23:20:37.673 [main] INFO  c.H.service.EncounterService - Encounter created successfully - ID: 1
2026-05-31 23:20:37.692 [main] INFO  c.H.service.EncounterService - Updating encounter - ID: 1
2026-05-31 23:20:37.711 [main] INFO  c.H.service.EncounterService - Updating encounter - ID: 1
2026-05-31 23:20:37.713 [main] INFO  c.H.service.EncounterService - Encounter updated successfully - ID: 1
2026-05-31 23:20:37.727 [main] INFO  c.H.service.EncounterService - Creating new encounter - PatientID: 1, VisitType: Routine Checkup
2026-05-31 23:20:37.743 [main] INFO  c.H.service.EncounterService - Creating new encounter - PatientID: 1, VisitType: Routine Checkup
2026-05-31 23:20:37.743 [main] INFO  c.H.service.EncounterService - Encounter created successfully - ID: null
2026-05-31 23:20:37.756 [main] INFO  c.H.service.EncounterService - Updating encounter - ID: 1
2026-05-31 23:20:37.757 [main] INFO  c.H.service.EncounterService - Encounter updated successfully - ID: 1
2026-05-31 23:20:37.770 [main] DEBUG c.H.service.EncounterService - Fetching encounter with ID: 1
2026-05-31 23:20:37.771 [main] INFO  c.H.service.EncounterService - Retrieved encounter - ID: 1
2026-05-31 23:20:37.784 [main] INFO  c.H.service.EncounterService - Creating new encounter - PatientID: 1, VisitType: Routine Checkup
2026-05-31 23:20:37.787 [main] INFO  c.H.service.EncounterService - Encounter created successfully - ID: 1
2026-05-31 23:20:37.806 [main] DEBUG c.H.service.EncounterService - Fetching all encounters
2026-05-31 23:20:37.810 [main] INFO  c.H.service.EncounterService - Retrieved 0 encounters
2026-05-31 23:20:37.837 [main] INFO  c.H.service.EncounterService - Creating new encounter - PatientID: 1, VisitType: Routine Checkup
2026-05-31 23:20:37.858 [main] DEBUG c.H.service.EncounterService - Fetching all encounters
2026-05-31 23:20:37.859 [main] INFO  c.H.service.EncounterService - Retrieved 1 encounters
2026-05-31 23:20:37.873 [main] INFO  c.H.service.EncounterService - Deleting encounter - ID: 999
2026-05-31 23:20:37.890 [main] DEBUG c.H.service.EncounterService - Fetching encounter with ID: 999
2026-05-31 23:20:37.910 [main] DEBUG c.H.service.EncounterService - Fetching encounter with ID: 1
2026-05-31 23:20:37.911 [main] INFO  c.H.service.EncounterService - Retrieved encounter - ID: 1
2026-05-31 23:20:37.926 [main] DEBUG c.H.service.EncounterService - Fetching encounter with ID: 1
2026-05-31 23:20:37.928 [main] INFO  c.H.service.EncounterService - Retrieved encounter - ID: 1
2026-05-31 23:20:37.952 [main] INFO  c.H.service.EncounterService - Deleting encounter - ID: 1
2026-05-31 23:20:37.954 [main] INFO  c.H.service.EncounterService - Encounter deleted successfully - ID: 1
2026-05-31 23:20:38.402 [main] INFO  c.H.service.InventoryService - Adjusting stock - Inventory ID: 10, Delta: -120
2026-05-31 23:20:38.403 [main] DEBUG c.H.service.InventoryService - Looking up inventory item by ID: 10
2026-05-31 23:20:38.405 [main] DEBUG c.H.service.InventoryService - Found inventory item - ID: 10, Batch: BATCH123
2026-05-31 23:20:38.406 [main] WARN  c.H.service.InventoryService - Stock adjustment would result in negative quantity - Current: 100, Delta: -120
2026-05-31 23:20:38.416 [main] DEBUG c.H.service.InventoryService - Fetching expired inventory
2026-05-31 23:20:38.419 [main] INFO  c.H.service.InventoryService - Retrieved 1 expired inventory items
2026-05-31 23:20:38.432 [main] INFO  c.H.service.InventoryService - Creating inventory item - Medication ID: 1, Batch: BATCH123
2026-05-31 23:20:38.432 [main] DEBUG c.H.service.InventoryService - Looking up medication by ID: 1
2026-05-31 23:20:38.434 [main] DEBUG c.H.service.InventoryService - Found medication - ID: 1, Name: Paracetamol
2026-05-31 23:20:38.435 [main] DEBUG c.H.service.InventoryService - Updating inventory status for item ID: null
2026-05-31 23:20:38.436 [main] DEBUG c.H.service.InventoryService - Set status to IN_STOCK for item ID: null
2026-05-31 23:20:38.437 [main] INFO  c.H.service.InventoryService - Successfully created inventory item - ID: 10, Batch: BATCH123
2026-05-31 23:20:38.453 [main] DEBUG c.H.service.InventoryService - Fetching inventory item by ID: 999
2026-05-31 23:20:38.454 [main] DEBUG c.H.service.InventoryService - Looking up inventory item by ID: 999
2026-05-31 23:20:38.486 [main] DEBUG c.H.service.InventoryService - Generating stock summary
2026-05-31 23:20:38.490 [main] INFO  c.H.service.InventoryService - Generated stock summary with 1 items
2026-05-31 23:20:38.501 [main] DEBUG c.H.service.InventoryService - Fetching expiring inventory within 30 days
2026-05-31 23:20:38.502 [main] INFO  c.H.service.InventoryService - Retrieved 1 expiring inventory items within 30 days
2026-05-31 23:20:38.526 [main] DEBUG c.H.service.InventoryService - Fetching all inventory items
2026-05-31 23:20:38.534 [main] INFO  c.H.service.InventoryService - Retrieved 1 inventory items
2026-05-31 23:20:38.557 [main] INFO  c.H.service.InventoryService - Deleting inventory item - ID: 10
2026-05-31 23:20:38.558 [main] DEBUG c.H.service.InventoryService - Looking up inventory item by ID: 10
2026-05-31 23:20:38.559 [main] DEBUG c.H.service.InventoryService - Found inventory item - ID: 10, Batch: BATCH123
2026-05-31 23:20:38.560 [main] INFO  c.H.service.InventoryService - Successfully deleted inventory item - ID: 10
2026-05-31 23:20:38.592 [main] INFO  c.H.service.InventoryService - Adjusting stock - Inventory ID: 10, Delta: -40
2026-05-31 23:20:38.593 [main] DEBUG c.H.service.InventoryService - Looking up inventory item by ID: 10
2026-05-31 23:20:38.594 [main] DEBUG c.H.service.InventoryService - Found inventory item - ID: 10, Batch: BATCH123
2026-05-31 23:20:38.600 [main] INFO  c.H.service.InventoryService - Successfully adjusted stock - Inventory ID: 10, New Quantity: 60
2026-05-31 23:20:38.624 [main] DEBUG c.H.service.InventoryService - Fetching inventory item by ID: 10
2026-05-31 23:20:38.626 [main] DEBUG c.H.service.InventoryService - Looking up inventory item by ID: 10
2026-05-31 23:20:38.630 [main] DEBUG c.H.service.InventoryService - Found inventory item - ID: 10, Batch: BATCH123
2026-05-31 23:20:38.631 [main] INFO  c.H.service.InventoryService - Retrieved inventory item - ID: 10, Medication: Paracetamol
2026-05-31 23:20:38.652 [main] INFO  c.H.service.InventoryService - Creating inventory item - Medication ID: 1, Batch: BATCH123
2026-05-31 23:20:38.653 [main] DEBUG c.H.service.InventoryService - Looking up medication by ID: 1
2026-05-31 23:20:38.654 [main] DEBUG c.H.service.InventoryService - Found medication - ID: 1, Name: Paracetamol
2026-05-31 23:20:38.655 [main] WARN  c.H.service.InventoryService - Attempted to create duplicate batch - Medication ID: 1, Batch: BATCH123
2026-05-31 23:20:38.913 [main] DEBUG c.H.service.InvoiceService - Fetching invoices for patient ID: 1
2026-05-31 23:20:38.913 [main] DEBUG c.H.service.InvoiceService - Looking up patient by ID: 1
2026-05-31 23:20:38.917 [main] DEBUG c.H.service.InvoiceService - Found patient - ID: 1, Name: Priya Nair
2026-05-31 23:20:38.919 [main] INFO  c.H.service.InvoiceService - Retrieved 1 invoices for patient ID: 1
2026-05-31 23:20:38.928 [main] INFO  c.H.service.InvoiceService - Updating invoice status - ID: 10, Status: PAID
2026-05-31 23:20:38.928 [main] DEBUG c.H.service.InvoiceService - Looking up invoice by ID: 10
2026-05-31 23:20:38.929 [main] DEBUG c.H.service.InvoiceService - Found invoice - ID: 10, Amount: 105.0
2026-05-31 23:20:38.931 [main] INFO  c.H.service.InvoiceService - Successfully updated invoice status - ID: 10, Status: PAID
2026-05-31 23:20:38.962 [main] DEBUG c.H.service.InvoiceService - Fetching all invoices
2026-05-31 23:20:38.963 [main] INFO  c.H.service.InvoiceService - Retrieved 1 invoices
2026-05-31 23:20:38.979 [main] INFO  c.H.service.InvoiceService - Creating invoice - Patient ID: 1, Amount: null
2026-05-31 23:20:38.979 [main] DEBUG c.H.service.InvoiceService - Looking up patient by ID: 1
2026-05-31 23:20:38.986 [main] DEBUG c.H.service.InvoiceService - Found patient - ID: 1, Name: Priya Nair
2026-05-31 23:20:38.986 [main] DEBUG c.H.service.InvoiceService - Looking up encounter by ID: 2
2026-05-31 23:20:38.987 [main] DEBUG c.H.service.InvoiceService - Found encounter - ID: 2
2026-05-31 23:20:38.988 [main] INFO  c.H.service.InvoiceService - Successfully created invoice - ID: 10, Amount: null
2026-05-31 23:20:39.002 [main] INFO  c.H.service.InvoiceService - Deleting invoice - ID: 10
2026-05-31 23:20:39.003 [main] DEBUG c.H.service.InvoiceService - Looking up invoice by ID: 10
2026-05-31 23:20:39.004 [main] DEBUG c.H.service.InvoiceService - Found invoice - ID: 10, Amount: 105.0
2026-05-31 23:20:39.005 [main] INFO  c.H.service.InvoiceService - Successfully deleted invoice - ID: 10
2026-05-31 23:20:39.043 [main] DEBUG c.H.service.InvoiceService - Fetching invoice by ID: 999
2026-05-31 23:20:39.045 [main] DEBUG c.H.service.InvoiceService - Looking up invoice by ID: 999
2026-05-31 23:20:39.054 [main] DEBUG c.H.service.InvoiceService - Fetching invoice by ID: 10
2026-05-31 23:20:39.055 [main] DEBUG c.H.service.InvoiceService - Looking up invoice by ID: 10
2026-05-31 23:20:39.056 [main] DEBUG c.H.service.InvoiceService - Found invoice - ID: 10, Amount: 105.0
2026-05-31 23:20:39.056 [main] INFO  c.H.service.InvoiceService - Retrieved invoice - ID: 10, Amount: 105.0
2026-05-31 23:20:40.071 [main] INFO  c.H.service.LabOrderService - Cancelling lab order - ID: 10
2026-05-31 23:20:40.071 [main] DEBUG c.H.service.LabOrderService - Looking up lab order by ID: 10
2026-05-31 23:20:40.072 [main] DEBUG c.H.service.LabOrderService - Found lab order - ID: 10, Status: RESULTS_REPORTED
2026-05-31 23:20:40.072 [main] WARN  c.H.service.LabOrderService - Attempted to cancel lab order with reported results - ID: 10, Status: RESULTS_REPORTED
2026-05-31 23:20:40.083 [main] INFO  c.H.service.LabOrderService - Creating lab order - Encounter ID: 2
2026-05-31 23:20:40.084 [main] DEBUG c.H.service.LabOrderService - Looking up encounter by ID: 2
2026-05-31 23:20:40.085 [main] DEBUG c.H.service.LabOrderService - Found encounter - ID: 2
2026-05-31 23:20:40.087 [main] INFO  c.H.service.LabOrderService - Successfully created lab order - ID: 10
2026-05-31 23:20:40.101 [main] INFO  c.H.service.LabOrderService - Collecting sample for lab order - ID: 10
2026-05-31 23:20:40.101 [main] DEBUG c.H.service.LabOrderService - Looking up lab order by ID: 10
2026-05-31 23:20:40.101 [main] DEBUG c.H.service.LabOrderService - Found lab order - ID: 10, Status: ORDERED
2026-05-31 23:20:40.101 [main] INFO  c.H.service.LabOrderService - Successfully collected sample for lab order - ID: 10
2026-05-31 23:20:40.113 [main] DEBUG c.H.service.LabOrderService - Fetching all lab orders
2026-05-31 23:20:40.114 [main] INFO  c.H.service.LabOrderService - Retrieved 1 lab orders
2026-05-31 23:20:40.122 [main] INFO  c.H.service.LabOrderService - Updating lab order - ID: 10
2026-05-31 23:20:40.122 [main] DEBUG c.H.service.LabOrderService - Looking up lab order by ID: 10
2026-05-31 23:20:40.123 [main] DEBUG c.H.service.LabOrderService - Found lab order - ID: 10, Status: ORDERED
2026-05-31 23:20:40.123 [main] INFO  c.H.service.LabOrderService - Successfully updated lab order - ID: 10
2026-05-31 23:20:40.137 [main] DEBUG c.H.service.LabOrderService - Fetching lab order by ID: 10
2026-05-31 23:20:40.137 [main] DEBUG c.H.service.LabOrderService - Looking up lab order by ID: 10
2026-05-31 23:20:40.138 [main] DEBUG c.H.service.LabOrderService - Found lab order - ID: 10, Status: ORDERED
2026-05-31 23:20:40.139 [main] INFO  c.H.service.LabOrderService - Retrieved lab order - ID: 10, Status: ORDERED
2026-05-31 23:20:40.147 [main] INFO  c.H.service.LabOrderService - Updating lab order - ID: 10
2026-05-31 23:20:40.148 [main] DEBUG c.H.service.LabOrderService - Looking up lab order by ID: 10
2026-05-31 23:20:40.148 [main] DEBUG c.H.service.LabOrderService - Found lab order - ID: 10, Status: COLLECTED
2026-05-31 23:20:40.148 [main] WARN  c.H.service.LabOrderService - Attempted to update lab order not in ORDERED status - ID: 10, Status: COLLECTED
2026-05-31 23:20:40.157 [main] INFO  c.H.service.LabOrderService - Cancelling lab order - ID: 10
2026-05-31 23:20:40.157 [main] DEBUG c.H.service.LabOrderService - Looking up lab order by ID: 10
2026-05-31 23:20:40.157 [main] DEBUG c.H.service.LabOrderService - Found lab order - ID: 10, Status: ORDERED
2026-05-31 23:20:40.158 [main] INFO  c.H.service.LabOrderService - Successfully cancelled lab order - ID: 10
2026-05-31 23:20:40.180 [main] DEBUG c.H.service.LabResultService - Fetching lab result by ID: 999
2026-05-31 23:20:40.181 [main] DEBUG c.H.service.LabResultService - Looking up lab result by ID: 999
2026-05-31 23:20:40.193 [main] DEBUG c.H.service.LabResultService - Fetching all lab results
2026-05-31 23:20:40.194 [main] INFO  c.H.service.LabResultService - Retrieved 1 lab results
2026-05-31 23:20:40.204 [main] INFO  c.H.service.LabResultService - Deleting lab result - ID: 100
2026-05-31 23:20:40.204 [main] DEBUG c.H.service.LabResultService - Looking up lab result by ID: 100
2026-05-31 23:20:40.205 [main] DEBUG c.H.service.LabResultService - Found lab result - ID: 100, Test: WBC
2026-05-31 23:20:40.205 [main] DEBUG c.H.service.LabResultService - Updating lab order status - Order ID: 10
2026-05-31 23:20:40.206 [main] DEBUG c.H.service.LabResultService - Set lab order status to COLLECTED (no results)
2026-05-31 23:20:40.209 [main] INFO  c.H.service.LabResultService - Successfully deleted lab result - ID: 100
2026-05-31 23:20:40.222 [main] INFO  c.H.service.LabResultService - Creating lab result - Order ID: 10, Test: WBC
2026-05-31 23:20:40.223 [main] DEBUG c.H.service.LabResultService - Looking up lab order by ID: 10
2026-05-31 23:20:40.223 [main] DEBUG c.H.service.LabResultService - Found lab order - ID: 10, Status: COLLECTED
2026-05-31 23:20:40.225 [main] DEBUG c.H.service.LabResultService - Updating lab order status - Order ID: 10
2026-05-31 23:20:40.226 [main] DEBUG c.H.service.LabResultService - Updated lab order status to RESULTS_REPORTED - Critical: false
2026-05-31 23:20:40.227 [main] INFO  c.H.service.LabResultService - Successfully created lab result - ID: 100
2026-05-31 23:20:40.236 [main] DEBUG c.H.service.LabResultService - Fetching lab result by ID: 100
2026-05-31 23:20:40.236 [main] DEBUG c.H.service.LabResultService - Looking up lab result by ID: 100
2026-05-31 23:20:40.237 [main] DEBUG c.H.service.LabResultService - Found lab result - ID: 100, Test: WBC
2026-05-31 23:20:40.238 [main] INFO  c.H.service.LabResultService - Retrieved lab result - ID: 100, Test: WBC
2026-05-31 23:20:40.246 [main] INFO  c.H.service.LabResultService - Creating lab result - Order ID: 10, Test: WBC
2026-05-31 23:20:40.246 [main] DEBUG c.H.service.LabResultService - Looking up lab order by ID: 10
2026-05-31 23:20:40.246 [main] DEBUG c.H.service.LabResultService - Found lab order - ID: 10, Status: COLLECTED
2026-05-31 23:20:40.247 [main] DEBUG c.H.service.LabResultService - Updating lab order status - Order ID: 10
2026-05-31 23:20:40.248 [main] DEBUG c.H.service.LabResultService - Updated lab order status to CRITICAL_REPORTED - Critical: true
2026-05-31 23:20:40.249 [main] INFO  c.H.service.LabResultService - Successfully created lab result - ID: 101
2026-05-31 23:20:40.268 [main] DEBUG c.H.service.MedicationMasterService - Fetching medications - Search: null
2026-05-31 23:20:40.270 [main] INFO  c.H.service.MedicationMasterService - Retrieved 1 medications
2026-05-31 23:20:40.280 [main] DEBUG c.H.service.MedicationMasterService - Fetching medications - Search: Para
2026-05-31 23:20:40.282 [main] INFO  c.H.service.MedicationMasterService - Retrieved 1 medications
2026-05-31 23:20:40.292 [main] INFO  c.H.service.MedicationMasterService - Creating medication - Code: MED001, Name: Paracetamol
2026-05-31 23:20:40.293 [main] INFO  c.H.service.MedicationMasterService - Successfully created medication - ID: 1, Code: MED001
2026-05-31 23:20:40.302 [main] INFO  c.H.service.MedicationMasterService - Deactivating medication - ID: 1
2026-05-31 23:20:40.302 [main] DEBUG c.H.service.MedicationMasterService - Looking up medication by ID: 1
2026-05-31 23:20:40.304 [main] DEBUG c.H.service.MedicationMasterService - Found medication - ID: 1, Name: Paracetamol
2026-05-31 23:20:40.305 [main] INFO  c.H.service.MedicationMasterService - Successfully deactivated medication - ID: 1
2026-05-31 23:20:40.313 [main] INFO  c.H.service.MedicationMasterService - Updating medication - ID: 1
2026-05-31 23:20:40.313 [main] DEBUG c.H.service.MedicationMasterService - Looking up medication by ID: 1
2026-05-31 23:20:40.314 [main] DEBUG c.H.service.MedicationMasterService - Found medication - ID: 1, Name: Paracetamol
2026-05-31 23:20:40.317 [main] INFO  c.H.service.MedicationMasterService - Successfully updated medication - ID: 1
2026-05-31 23:20:40.327 [main] DEBUG c.H.service.MedicationMasterService - Fetching medication by ID: 1
2026-05-31 23:20:40.328 [main] DEBUG c.H.service.MedicationMasterService - Looking up medication by ID: 1
2026-05-31 23:20:40.328 [main] DEBUG c.H.service.MedicationMasterService - Found medication - ID: 1, Name: Paracetamol
2026-05-31 23:20:40.328 [main] INFO  c.H.service.MedicationMasterService - Retrieved medication - ID: 1, Name: Paracetamol
2026-05-31 23:20:40.342 [main] INFO  c.H.service.MedicationMasterService - Creating medication - Code: MED001, Name: Paracetamol
2026-05-31 23:20:40.342 [main] WARN  c.H.service.MedicationMasterService - Attempted to create medication with existing code: MED001
2026-05-31 23:20:40.364 [main] DEBUG c.H.service.PatientService - Fetching patient with ID: 1
2026-05-31 23:20:40.364 [main] DEBUG c.H.service.PatientService - Looking up patient by ID: 1
2026-05-31 23:20:40.366 [main] DEBUG c.H.service.PatientService - Found patient - ID: 1, MRN: MRN-ABC12345
2026-05-31 23:20:40.368 [main] INFO  c.H.service.PatientService - Retrieved patient - ID: 1, MRN: MRN-ABC12345
2026-05-31 23:20:40.380 [main] INFO  c.H.service.PatientService - Starting patient registration - Name: Jane Doe
2026-05-31 23:20:40.383 [main] INFO  c.H.service.PatientService - Successfully registered patient - ID: 2, MRN: MRN-3EE68824
2026-05-31 23:20:40.397 [main] DEBUG c.H.service.PatientService - Fetching patient with ID: 999
2026-05-31 23:20:40.398 [main] DEBUG c.H.service.PatientService - Looking up patient by ID: 999
2026-05-31 23:20:40.406 [main] DEBUG c.H.service.PatientService - Fetching patient with MRN: MRN-NOTFOUND
2026-05-31 23:20:40.415 [main] DEBUG c.H.service.PatientService - Fetching all patients from registry
2026-05-31 23:20:40.416 [main] INFO  c.H.service.PatientService - Retrieved 1 patients from registry
2026-05-31 23:20:40.423 [main] INFO  c.H.service.PatientService - Starting patient update - ID: 1
2026-05-31 23:20:40.425 [main] DEBUG c.H.service.PatientService - Looking up patient by ID: 1
2026-05-31 23:20:40.425 [main] DEBUG c.H.service.PatientService - Found patient - ID: 1, MRN: MRN-ABC12345
2026-05-31 23:20:40.426 [main] INFO  c.H.service.PatientService - Successfully updated patient - ID: 1, MRN: MRN-ABC12345
2026-05-31 23:20:40.437 [main] DEBUG c.H.service.PatientService - Fetching patient with MRN: MRN-ABC12345
2026-05-31 23:20:40.438 [main] INFO  c.H.service.PatientService - Retrieved patient - MRN: MRN-ABC12345, Name: Jane Doe
2026-05-31 23:20:40.446 [main] INFO  c.H.service.PatientService - Starting patient deactivation - ID: 1
2026-05-31 23:20:40.447 [main] DEBUG c.H.service.PatientService - Looking up patient by ID: 1
2026-05-31 23:20:40.448 [main] DEBUG c.H.service.PatientService - Found patient - ID: 1, MRN: MRN-ABC12345
2026-05-31 23:20:40.450 [main] INFO  c.H.service.PatientService - Successfully deactivated patient - ID: 1, MRN: MRN-ABC12345
2026-05-31 23:20:40.674 [main] INFO  c.H.service.PaymentService - Recording manual payment | InvoiceId: 10, PatientId: 1, Amount: 200.0
2026-05-31 23:20:40.676 [main] DEBUG c.H.service.PaymentService - Looking up patient | PatientId: 1
2026-05-31 23:20:40.679 [main] WARN  c.H.service.PaymentService - Attempted payment on already PAID invoice | InvoiceId: 10
2026-05-31 23:20:40.689 [main] DEBUG c.H.service.PaymentService - Fetching payment by Id: 999
2026-05-31 23:20:40.689 [main] DEBUG c.H.service.PaymentService - Looking up payment | PaymentId: 999
2026-05-31 23:20:40.690 [main] ERROR c.H.service.PaymentService - Payment not found | PaymentId: 999
2026-05-31 23:20:40.699 [main] INFO  c.H.service.PaymentService - Recording manual payment | InvoiceId: 10, PatientId: 1, Amount: 200.0
2026-05-31 23:20:40.700 [main] DEBUG c.H.service.PaymentService - Looking up patient | PatientId: 1
2026-05-31 23:20:40.700 [main] DEBUG c.H.service.PaymentService - Updating invoice status | InvoiceId: 10
2026-05-31 23:20:40.701 [main] DEBUG c.H.service.PaymentService - Invoice status updated | InvoiceId: 10, Status: PARTIALLY_PAID
2026-05-31 23:20:40.701 [main] INFO  c.H.service.PaymentService - Payment recorded successfully | PaymentId: 50, InvoiceId: 10
2026-05-31 23:20:40.710 [main] INFO  c.H.service.PaymentService - Recording manual payment | InvoiceId: 10, PatientId: 1, Amount: -50.0
2026-05-31 23:20:40.711 [main] DEBUG c.H.service.PaymentService - Looking up patient | PatientId: 1
2026-05-31 23:20:40.712 [main] WARN  c.H.service.PaymentService - Invalid payment amount: -50.0
2026-05-31 23:20:40.722 [main] INFO  c.H.service.PaymentService - Recording manual payment | InvoiceId: 10, PatientId: 1, Amount: 500.0
2026-05-31 23:20:40.723 [main] DEBUG c.H.service.PaymentService - Looking up patient | PatientId: 1
2026-05-31 23:20:40.725 [main] DEBUG c.H.service.PaymentService - Updating invoice status | InvoiceId: 10
2026-05-31 23:20:40.726 [main] DEBUG c.H.service.PaymentService - Invoice status updated | InvoiceId: 10, Status: PAID
2026-05-31 23:20:40.726 [main] INFO  c.H.service.PaymentService - Payment recorded successfully | PaymentId: 50, InvoiceId: 10
2026-05-31 23:20:40.737 [main] DEBUG c.H.service.PaymentService - Fetching all payments
2026-05-31 23:20:40.737 [main] INFO  c.H.service.PaymentService - Total payments retrieved: 1
2026-05-31 23:20:40.749 [main] INFO  c.H.service.PaymentService - Recording manual payment | InvoiceId: 10, PatientId: 1, Amount: 200.0
2026-05-31 23:20:40.749 [main] DEBUG c.H.service.PaymentService - Looking up patient | PatientId: 1
2026-05-31 23:20:40.750 [main] WARN  c.H.service.PaymentService - Patient mismatch | InvoicePatientId: 1, PaymentPatientId: 2
2026-05-31 23:20:40.758 [main] DEBUG c.H.service.PaymentService - Fetching payment by Id: 50
2026-05-31 23:20:40.759 [main] DEBUG c.H.service.PaymentService - Looking up payment | PaymentId: 50
2026-05-31 23:20:40.759 [main] INFO  c.H.service.PaymentService - Payment found | PaymentId: 50, Amount: 200.0
2026-05-31 23:20:41.018 [main] INFO  c.H.service.PharmacyService - Dispensing prescription - Prescription ID: 10, Quantity: 30
2026-05-31 23:20:41.018 [main] DEBUG c.H.service.PharmacyService - Looking up prescription by ID: 10
2026-05-31 23:20:41.019 [main] DEBUG c.H.service.PharmacyService - Found prescription - ID: 10, Status: ISSUED
2026-05-31 23:20:41.020 [main] DEBUG c.H.service.PharmacyService - Looking up user by ID: 20
2026-05-31 23:20:41.021 [main] DEBUG c.H.service.PharmacyService - Found user - ID: 20, Username: null
2026-05-31 23:20:41.021 [main] DEBUG c.H.service.PharmacyService - Validating dispense - Prescription ID: 10, Item ID: 100, Quantity: 30
2026-05-31 23:20:41.021 [main] WARN  c.H.service.PharmacyService - Dispense quantity exceeds prescription quantity - Requested: 30, Prescribed: 20
2026-05-31 23:20:41.026 [main] DEBUG c.H.service.PharmacyService - Fetching all dispense records
2026-05-31 23:20:41.032 [main] INFO  c.H.service.PharmacyService - Retrieved 1 dispense records
2026-05-31 23:20:41.038 [main] INFO  c.H.service.PharmacyService - Processing dispense return - Dispense ID: 200, Return Quantity: 10
2026-05-31 23:20:41.039 [main] DEBUG c.H.service.PharmacyService - Looking up dispense record by ID: 200
2026-05-31 23:20:41.040 [main] DEBUG c.H.service.PharmacyService - Found dispense record - ID: 200, Status: DISPENSED
2026-05-31 23:20:41.041 [main] INFO  c.H.service.PharmacyService - Successfully processed dispense return - Dispense ID: 200, Status: RETURNED
2026-05-31 23:20:41.048 [main] INFO  c.H.service.PharmacyService - Dispensing prescription - Prescription ID: 10, Quantity: 10
2026-05-31 23:20:41.048 [main] DEBUG c.H.service.PharmacyService - Looking up prescription by ID: 10
2026-05-31 23:20:41.049 [main] DEBUG c.H.service.PharmacyService - Found prescription - ID: 10, Status: ISSUED
2026-05-31 23:20:41.049 [main] DEBUG c.H.service.PharmacyService - Looking up user by ID: 20
2026-05-31 23:20:41.049 [main] DEBUG c.H.service.PharmacyService - Found user - ID: 20, Username: null
2026-05-31 23:20:41.049 [main] DEBUG c.H.service.PharmacyService - Validating dispense - Prescription ID: 10, Item ID: 100, Quantity: 10
2026-05-31 23:20:41.050 [main] DEBUG c.H.service.PharmacyService - Dispense validation passed
2026-05-31 23:20:41.050 [main] INFO  c.H.service.PharmacyService - Successfully dispensed prescription - Dispense ID: 200, Prescription ID: 10
2026-05-31 23:20:41.059 [main] INFO  c.H.service.PharmacyService - Dispensing prescription - Prescription ID: 10, Quantity: 10
2026-05-31 23:20:41.059 [main] DEBUG c.H.service.PharmacyService - Looking up prescription by ID: 10
2026-05-31 23:20:41.059 [main] DEBUG c.H.service.PharmacyService - Found prescription - ID: 10, Status: DRAFT
2026-05-31 23:20:41.060 [main] DEBUG c.H.service.PharmacyService - Looking up user by ID: 20
2026-05-31 23:20:41.061 [main] DEBUG c.H.service.PharmacyService - Found user - ID: 20, Username: null
2026-05-31 23:20:41.062 [main] DEBUG c.H.service.PharmacyService - Validating dispense - Prescription ID: 10, Item ID: 100, Quantity: 10
2026-05-31 23:20:41.062 [main] WARN  c.H.service.PharmacyService - Prescription not in issued status - ID: 10, Status: DRAFT
2026-05-31 23:20:41.084 [main] INFO  c.H.service.PrescriptionService - Creating prescription for PatientID=1, EncounterID=1
2026-05-31 23:20:41.099 [main] INFO  c.H.service.PrescriptionService - Creating prescription for PatientID=1, EncounterID=1
2026-05-31 23:20:41.108 [main] INFO  c.H.service.PrescriptionService - Updating prescription RxID=1, NewStatus=ISSUED
2026-05-31 23:20:41.116 [main] DEBUG c.H.service.PrescriptionService - Fetching all prescriptions
2026-05-31 23:20:41.125 [main] DEBUG c.H.service.PrescriptionService - Fetching prescription with ID: 1
2026-05-31 23:20:41.134 [main] DEBUG c.H.service.PrescriptionService - Fetching prescription with ID: 1
2026-05-31 23:20:41.142 [main] INFO  c.H.service.PrescriptionService - Creating prescription for PatientID=1, EncounterID=1
2026-05-31 23:20:41.152 [main] INFO  c.H.service.PrescriptionService - Creating prescription for PatientID=1, EncounterID=1
2026-05-31 23:20:41.159 [main] DEBUG c.H.service.PrescriptionService - Fetching prescription with ID: 999
2026-05-31 23:20:41.168 [main] INFO  c.H.service.PrescriptionService - Deleting prescription RxID=1
2026-05-31 23:20:41.179 [main] INFO  c.H.service.PrescriptionService - Creating prescription for PatientID=1, EncounterID=1
2026-05-31 23:20:41.189 [main] DEBUG c.H.service.PrescriptionService - Fetching all prescriptions
2026-05-31 23:20:41.198 [main] INFO  c.H.service.PrescriptionService - Updating prescription RxID=1, NewStatus=ISSUED
2026-05-31 23:20:41.206 [main] INFO  c.H.service.PrescriptionService - Deleting prescription RxID=999
2026-05-31 23:20:41.340 [main] INFO  c.H.service.ReportService - Creating new report - Scope: OPD
2026-05-31 23:20:41.354 [main] DEBUG c.H.service.ReportService - Fetching report with ID: 10
2026-05-31 23:20:41.359 [main] INFO  c.H.service.ReportService - Retrieved report - ID: 10, Scope: OPD
2026-05-31 23:20:41.373 [main] DEBUG c.H.service.ReportService - Fetching all reports
2026-05-31 23:20:41.374 [main] INFO  c.H.service.ReportService - Retrieved 1 reports
2026-05-31 23:20:41.385 [main] INFO  c.H.service.ReportService - Updating report - ReportID: 10, NewScope: OPD
2026-05-31 23:20:41.414 [main] DEBUG c.H.service.ReportService - Fetching report with ID: 999
2026-05-31 23:20:59.849 [main] INFO  c.H.service.AdminUserService - Creating new user - Name: Dr. Asha Mehta, Email: asha.mehta@clinicflow.com, Role: CLINICIAN
2026-05-31 23:20:59.979 [main] INFO  c.H.service.AdminUserService - Updating user - UserID: 10, NewEmail: asha.mehta@clinicflow.com, NewRole: CLINICIAN
2026-05-31 23:21:00.004 [main] DEBUG c.H.service.AdminUserService - Fetching all users
2026-05-31 23:21:00.005 [main] INFO  c.H.service.AdminUserService - Retrieved 1 users
2026-05-31 23:21:00.022 [main] INFO  c.H.service.AdminUserService - Deactivating user - ID: 10
2026-05-31 23:21:00.024 [main] INFO  c.H.service.AdminUserService - User deactivated successfully - ID: 10, Email: asha.mehta@clinicflow.com
2026-05-31 23:21:00.043 [main] INFO  c.H.service.AdminUserService - Creating new user - Name: Jane Patient, Email: jane@example.com, Role: PATIENT
2026-05-31 23:21:00.066 [main] INFO  c.H.service.AdminUserService - Creating new user - Name: Dr. Asha Mehta, Email: asha.mehta@clinicflow.com, Role: CLINICIAN
2026-05-31 23:21:00.083 [main] INFO  c.H.service.AdminUserService - Creating new user - Name: Joe Staff, Email: joe@example.com, Role: INVALID_ROLE
2026-05-31 23:21:00.105 [main] DEBUG c.H.service.AdminUserService - Fetching user with ID: 10
2026-05-31 23:21:00.106 [main] INFO  c.H.service.AdminUserService - Retrieved user - ID: 10, Email: asha.mehta@clinicflow.com, Role: CLINICIAN, Status: ACTIVE
2026-05-31 23:21:00.119 [main] DEBUG c.H.service.AdminUserService - Fetching user with ID: 999
2026-05-31 23:21:00.456 [main] DEBUG c.H.service.AppointmentService - Fetching appointment with ID: 999
2026-05-31 23:21:00.470 [main] INFO  c.H.service.AppointmentService - Completing appointment - AppointmentID: 1
2026-05-31 23:21:00.472 [main] INFO  c.H.service.AppointmentService - Appointment completed successfully - AppointmentID: 1
2026-05-31 23:21:00.488 [main] INFO  c.H.service.AppointmentService - Creating new appointment - PatientID: 5, ClinicianID: 10, Department: General Medicine
2026-05-31 23:21:00.510 [main] DEBUG c.H.service.AppointmentService - Fetching all appointments
2026-05-31 23:21:00.512 [main] INFO  c.H.service.AppointmentService - Retrieved 1 appointments
2026-05-31 23:21:00.527 [main] INFO  c.H.service.AppointmentService - Updating appointment - AppointmentID: 1, NewStatus: SCHEDULED
2026-05-31 23:21:00.532 [main] INFO  c.H.service.AppointmentService - Appointment updated successfully - AppointmentID: 1, Status: SCHEDULED
2026-05-31 23:21:00.544 [main] INFO  c.H.service.AppointmentService - Checking in appointment - AppointmentID: 1
2026-05-31 23:21:00.546 [main] INFO  c.H.service.AppointmentService - Appointment checked in successfully - AppointmentID: 1
2026-05-31 23:21:00.559 [main] DEBUG c.H.service.AppointmentService - Fetching appointment with ID: 1
2026-05-31 23:21:00.559 [main] INFO  c.H.service.AppointmentService - Retrieved appointment - ID: 1, PatientID: 5
2026-05-31 23:21:00.576 [main] INFO  c.H.service.AppointmentService - Creating new appointment - PatientID: 5, ClinicianID: 10, Department: General Medicine
2026-05-31 23:21:00.587 [main] DEBUG c.H.service.AppointmentService - Fetching appointments for patient ID: 5
2026-05-31 23:21:00.587 [main] INFO  c.H.service.AppointmentService - Retrieved 1 appointments for patient ID: 5
2026-05-31 23:21:00.607 [main] INFO  c.H.service.AppointmentService - Creating new appointment - PatientID: 5, ClinicianID: 10, Department: General Medicine
2026-05-31 23:21:00.607 [main] INFO  c.H.service.AppointmentService - Appointment created successfully - AppointmentID: 1, PatientID: 5, Status: SCHEDULED
2026-05-31 23:21:00.623 [main] INFO  c.H.service.AppointmentService - Cancelling appointment - AppointmentID: 1
2026-05-31 23:21:00.624 [main] INFO  c.H.service.AppointmentService - Appointment cancelled successfully - AppointmentID: 1
2026-05-31 23:21:00.956 [main] INFO  c.H.service.AuthService - Attempting authentication for user with email: john.doe@example.com
2026-05-31 23:21:00.966 [main] INFO  c.H.service.AuthService - User authenticated successfully - Email: john.doe@example.com, Role: PATIENT
2026-05-31 23:21:00.981 [main] INFO  c.H.service.AuthService - Attempting to register new user with email: john.doe@example.com
2026-05-31 23:21:00.981 [main] WARN  c.H.service.AuthService - Registration failed: User already exists with email: john.doe@example.com
2026-05-31 23:21:01.005 [main] INFO  c.H.service.AuthService - Attempting authentication for user with email: john.doe@example.com
2026-05-31 23:21:01.007 [main] WARN  c.H.service.AuthService - Authentication failed: Invalid credentials for email: john.doe@example.com
2026-05-31 23:21:01.032 [main] INFO  c.H.service.AuthService - Attempting to register new user with email: john.doe@example.com
2026-05-31 23:21:01.035 [main] INFO  c.H.service.AuthService - User registered successfully - Name: John Doe, Email: john.doe@example.com, Phone: 1234567890, Role: PATIENT
2026-05-31 23:21:01.205 [main] INFO  c.H.service.EncounterService - Creating new encounter - PatientID: 1, VisitType: Routine Checkup
2026-05-31 23:21:01.209 [main] INFO  c.H.service.EncounterService - Encounter created successfully - ID: 1
2026-05-31 23:21:01.223 [main] INFO  c.H.service.EncounterService - Updating encounter - ID: 1
2026-05-31 23:21:01.237 [main] INFO  c.H.service.EncounterService - Updating encounter - ID: 1
2026-05-31 23:21:01.238 [main] INFO  c.H.service.EncounterService - Encounter updated successfully - ID: 1
2026-05-31 23:21:01.250 [main] INFO  c.H.service.EncounterService - Creating new encounter - PatientID: 1, VisitType: Routine Checkup
2026-05-31 23:21:01.263 [main] INFO  c.H.service.EncounterService - Creating new encounter - PatientID: 1, VisitType: Routine Checkup
2026-05-31 23:21:01.267 [main] INFO  c.H.service.EncounterService - Encounter created successfully - ID: null
2026-05-31 23:21:01.279 [main] INFO  c.H.service.EncounterService - Updating encounter - ID: 1
2026-05-31 23:21:01.283 [main] INFO  c.H.service.EncounterService - Encounter updated successfully - ID: 1
2026-05-31 23:21:01.291 [main] DEBUG c.H.service.EncounterService - Fetching encounter with ID: 1
2026-05-31 23:21:01.291 [main] INFO  c.H.service.EncounterService - Retrieved encounter - ID: 1
2026-05-31 23:21:01.307 [main] INFO  c.H.service.EncounterService - Creating new encounter - PatientID: 1, VisitType: Routine Checkup
2026-05-31 23:21:01.308 [main] INFO  c.H.service.EncounterService - Encounter created successfully - ID: 1
2026-05-31 23:21:01.321 [main] DEBUG c.H.service.EncounterService - Fetching all encounters
2026-05-31 23:21:01.322 [main] INFO  c.H.service.EncounterService - Retrieved 0 encounters
2026-05-31 23:21:01.335 [main] INFO  c.H.service.EncounterService - Creating new encounter - PatientID: 1, VisitType: Routine Checkup
2026-05-31 23:21:01.343 [main] DEBUG c.H.service.EncounterService - Fetching all encounters
2026-05-31 23:21:01.344 [main] INFO  c.H.service.EncounterService - Retrieved 1 encounters
2026-05-31 23:21:01.355 [main] INFO  c.H.service.EncounterService - Deleting encounter - ID: 999
2026-05-31 23:21:01.368 [main] DEBUG c.H.service.EncounterService - Fetching encounter with ID: 999
2026-05-31 23:21:01.377 [main] DEBUG c.H.service.EncounterService - Fetching encounter with ID: 1
2026-05-31 23:21:01.377 [main] INFO  c.H.service.EncounterService - Retrieved encounter - ID: 1
2026-05-31 23:21:01.386 [main] DEBUG c.H.service.EncounterService - Fetching encounter with ID: 1
2026-05-31 23:21:01.386 [main] INFO  c.H.service.EncounterService - Retrieved encounter - ID: 1
2026-05-31 23:21:01.402 [main] INFO  c.H.service.EncounterService - Deleting encounter - ID: 1
2026-05-31 23:21:01.402 [main] INFO  c.H.service.EncounterService - Encounter deleted successfully - ID: 1
2026-05-31 23:21:01.732 [main] INFO  c.H.service.InventoryService - Adjusting stock - Inventory ID: 10, Delta: -120
2026-05-31 23:21:01.733 [main] DEBUG c.H.service.InventoryService - Looking up inventory item by ID: 10
2026-05-31 23:21:01.734 [main] DEBUG c.H.service.InventoryService - Found inventory item - ID: 10, Batch: BATCH123
2026-05-31 23:21:01.735 [main] WARN  c.H.service.InventoryService - Stock adjustment would result in negative quantity - Current: 100, Delta: -120
2026-05-31 23:21:01.742 [main] DEBUG c.H.service.InventoryService - Fetching expired inventory
2026-05-31 23:21:01.744 [main] INFO  c.H.service.InventoryService - Retrieved 1 expired inventory items
2026-05-31 23:21:01.761 [main] INFO  c.H.service.InventoryService - Creating inventory item - Medication ID: 1, Batch: BATCH123
2026-05-31 23:21:01.763 [main] DEBUG c.H.service.InventoryService - Looking up medication by ID: 1
2026-05-31 23:21:01.767 [main] DEBUG c.H.service.InventoryService - Found medication - ID: 1, Name: Paracetamol
2026-05-31 23:21:01.768 [main] DEBUG c.H.service.InventoryService - Updating inventory status for item ID: null
2026-05-31 23:21:01.768 [main] DEBUG c.H.service.InventoryService - Set status to IN_STOCK for item ID: null
2026-05-31 23:21:01.769 [main] INFO  c.H.service.InventoryService - Successfully created inventory item - ID: 10, Batch: BATCH123
2026-05-31 23:21:01.778 [main] DEBUG c.H.service.InventoryService - Fetching inventory item by ID: 999
2026-05-31 23:21:01.779 [main] DEBUG c.H.service.InventoryService - Looking up inventory item by ID: 999
2026-05-31 23:21:01.793 [main] DEBUG c.H.service.InventoryService - Generating stock summary
2026-05-31 23:21:01.795 [main] INFO  c.H.service.InventoryService - Generated stock summary with 1 items
2026-05-31 23:21:01.807 [main] DEBUG c.H.service.InventoryService - Fetching expiring inventory within 30 days
2026-05-31 23:21:01.807 [main] INFO  c.H.service.InventoryService - Retrieved 1 expiring inventory items within 30 days
2026-05-31 23:21:01.822 [main] DEBUG c.H.service.InventoryService - Fetching all inventory items
2026-05-31 23:21:01.823 [main] INFO  c.H.service.InventoryService - Retrieved 1 inventory items
2026-05-31 23:21:01.841 [main] INFO  c.H.service.InventoryService - Deleting inventory item - ID: 10
2026-05-31 23:21:01.841 [main] DEBUG c.H.service.InventoryService - Looking up inventory item by ID: 10
2026-05-31 23:21:01.842 [main] DEBUG c.H.service.InventoryService - Found inventory item - ID: 10, Batch: BATCH123
2026-05-31 23:21:01.843 [main] INFO  c.H.service.InventoryService - Successfully deleted inventory item - ID: 10
2026-05-31 23:21:01.857 [main] INFO  c.H.service.InventoryService - Adjusting stock - Inventory ID: 10, Delta: -40
2026-05-31 23:21:01.859 [main] DEBUG c.H.service.InventoryService - Looking up inventory item by ID: 10
2026-05-31 23:21:01.859 [main] DEBUG c.H.service.InventoryService - Found inventory item - ID: 10, Batch: BATCH123
2026-05-31 23:21:01.859 [main] INFO  c.H.service.InventoryService - Successfully adjusted stock - Inventory ID: 10, New Quantity: 60
2026-05-31 23:21:01.874 [main] DEBUG c.H.service.InventoryService - Fetching inventory item by ID: 10
2026-05-31 23:21:01.875 [main] DEBUG c.H.service.InventoryService - Looking up inventory item by ID: 10
2026-05-31 23:21:01.875 [main] DEBUG c.H.service.InventoryService - Found inventory item - ID: 10, Batch: BATCH123
2026-05-31 23:21:01.877 [main] INFO  c.H.service.InventoryService - Retrieved inventory item - ID: 10, Medication: Paracetamol
2026-05-31 23:21:01.891 [main] INFO  c.H.service.InventoryService - Creating inventory item - Medication ID: 1, Batch: BATCH123
2026-05-31 23:21:01.892 [main] DEBUG c.H.service.InventoryService - Looking up medication by ID: 1
2026-05-31 23:21:01.893 [main] DEBUG c.H.service.InventoryService - Found medication - ID: 1, Name: Paracetamol
2026-05-31 23:21:01.894 [main] WARN  c.H.service.InventoryService - Attempted to create duplicate batch - Medication ID: 1, Batch: BATCH123
2026-05-31 23:21:02.066 [main] DEBUG c.H.service.InvoiceService - Fetching invoices for patient ID: 1
2026-05-31 23:21:02.066 [main] DEBUG c.H.service.InvoiceService - Looking up patient by ID: 1
2026-05-31 23:21:02.068 [main] DEBUG c.H.service.InvoiceService - Found patient - ID: 1, Name: Priya Nair
2026-05-31 23:21:02.070 [main] INFO  c.H.service.InvoiceService - Retrieved 1 invoices for patient ID: 1
2026-05-31 23:21:02.079 [main] INFO  c.H.service.InvoiceService - Updating invoice status - ID: 10, Status: PAID
2026-05-31 23:21:02.080 [main] DEBUG c.H.service.InvoiceService - Looking up invoice by ID: 10
2026-05-31 23:21:02.081 [main] DEBUG c.H.service.InvoiceService - Found invoice - ID: 10, Amount: 105.0
2026-05-31 23:21:02.081 [main] INFO  c.H.service.InvoiceService - Successfully updated invoice status - ID: 10, Status: PAID
2026-05-31 23:21:02.091 [main] DEBUG c.H.service.InvoiceService - Fetching all invoices
2026-05-31 23:21:02.092 [main] INFO  c.H.service.InvoiceService - Retrieved 1 invoices
2026-05-31 23:21:02.106 [main] INFO  c.H.service.InvoiceService - Creating invoice - Patient ID: 1, Amount: null
2026-05-31 23:21:02.106 [main] DEBUG c.H.service.InvoiceService - Looking up patient by ID: 1
2026-05-31 23:21:02.107 [main] DEBUG c.H.service.InvoiceService - Found patient - ID: 1, Name: Priya Nair
2026-05-31 23:21:02.107 [main] DEBUG c.H.service.InvoiceService - Looking up encounter by ID: 2
2026-05-31 23:21:02.107 [main] DEBUG c.H.service.InvoiceService - Found encounter - ID: 2
2026-05-31 23:21:02.109 [main] INFO  c.H.service.InvoiceService - Successfully created invoice - ID: 10, Amount: null
2026-05-31 23:21:02.117 [main] INFO  c.H.service.InvoiceService - Deleting invoice - ID: 10
2026-05-31 23:21:02.118 [main] DEBUG c.H.service.InvoiceService - Looking up invoice by ID: 10
2026-05-31 23:21:02.118 [main] DEBUG c.H.service.InvoiceService - Found invoice - ID: 10, Amount: 105.0
2026-05-31 23:21:02.119 [main] INFO  c.H.service.InvoiceService - Successfully deleted invoice - ID: 10
2026-05-31 23:21:02.126 [main] DEBUG c.H.service.InvoiceService - Fetching invoice by ID: 999
2026-05-31 23:21:02.128 [main] DEBUG c.H.service.InvoiceService - Looking up invoice by ID: 999
2026-05-31 23:21:02.140 [main] DEBUG c.H.service.InvoiceService - Fetching invoice by ID: 10
2026-05-31 23:21:02.140 [main] DEBUG c.H.service.InvoiceService - Looking up invoice by ID: 10
2026-05-31 23:21:02.140 [main] DEBUG c.H.service.InvoiceService - Found invoice - ID: 10, Amount: 105.0
2026-05-31 23:21:02.141 [main] INFO  c.H.service.InvoiceService - Retrieved invoice - ID: 10, Amount: 105.0
2026-05-31 23:21:03.406 [main] INFO  c.H.service.LabOrderService - Cancelling lab order - ID: 10
2026-05-31 23:21:03.406 [main] DEBUG c.H.service.LabOrderService - Looking up lab order by ID: 10
2026-05-31 23:21:03.411 [main] DEBUG c.H.service.LabOrderService - Found lab order - ID: 10, Status: RESULTS_REPORTED
2026-05-31 23:21:03.411 [main] WARN  c.H.service.LabOrderService - Attempted to cancel lab order with reported results - ID: 10, Status: RESULTS_REPORTED
2026-05-31 23:21:03.425 [main] INFO  c.H.service.LabOrderService - Creating lab order - Encounter ID: 2
2026-05-31 23:21:03.426 [main] DEBUG c.H.service.LabOrderService - Looking up encounter by ID: 2
2026-05-31 23:21:03.427 [main] DEBUG c.H.service.LabOrderService - Found encounter - ID: 2
2026-05-31 23:21:03.428 [main] INFO  c.H.service.LabOrderService - Successfully created lab order - ID: 10
2026-05-31 23:21:03.454 [main] INFO  c.H.service.LabOrderService - Collecting sample for lab order - ID: 10
2026-05-31 23:21:03.455 [main] DEBUG c.H.service.LabOrderService - Looking up lab order by ID: 10
2026-05-31 23:21:03.456 [main] DEBUG c.H.service.LabOrderService - Found lab order - ID: 10, Status: ORDERED
2026-05-31 23:21:03.456 [main] INFO  c.H.service.LabOrderService - Successfully collected sample for lab order - ID: 10
2026-05-31 23:21:03.469 [main] DEBUG c.H.service.LabOrderService - Fetching all lab orders
2026-05-31 23:21:03.469 [main] INFO  c.H.service.LabOrderService - Retrieved 1 lab orders
2026-05-31 23:21:03.487 [main] INFO  c.H.service.LabOrderService - Updating lab order - ID: 10
2026-05-31 23:21:03.487 [main] DEBUG c.H.service.LabOrderService - Looking up lab order by ID: 10
2026-05-31 23:21:03.488 [main] DEBUG c.H.service.LabOrderService - Found lab order - ID: 10, Status: ORDERED
2026-05-31 23:21:03.489 [main] INFO  c.H.service.LabOrderService - Successfully updated lab order - ID: 10
2026-05-31 23:21:03.504 [main] DEBUG c.H.service.LabOrderService - Fetching lab order by ID: 10
2026-05-31 23:21:03.504 [main] DEBUG c.H.service.LabOrderService - Looking up lab order by ID: 10
2026-05-31 23:21:03.505 [main] DEBUG c.H.service.LabOrderService - Found lab order - ID: 10, Status: ORDERED
2026-05-31 23:21:03.506 [main] INFO  c.H.service.LabOrderService - Retrieved lab order - ID: 10, Status: ORDERED
2026-05-31 23:21:03.525 [main] INFO  c.H.service.LabOrderService - Updating lab order - ID: 10
2026-05-31 23:21:03.525 [main] DEBUG c.H.service.LabOrderService - Looking up lab order by ID: 10
2026-05-31 23:21:03.526 [main] DEBUG c.H.service.LabOrderService - Found lab order - ID: 10, Status: COLLECTED
2026-05-31 23:21:03.526 [main] WARN  c.H.service.LabOrderService - Attempted to update lab order not in ORDERED status - ID: 10, Status: COLLECTED
2026-05-31 23:21:03.540 [main] INFO  c.H.service.LabOrderService - Cancelling lab order - ID: 10
2026-05-31 23:21:03.540 [main] DEBUG c.H.service.LabOrderService - Looking up lab order by ID: 10
2026-05-31 23:21:03.542 [main] DEBUG c.H.service.LabOrderService - Found lab order - ID: 10, Status: ORDERED
2026-05-31 23:21:03.542 [main] INFO  c.H.service.LabOrderService - Successfully cancelled lab order - ID: 10
2026-05-31 23:21:03.568 [main] DEBUG c.H.service.LabResultService - Fetching lab result by ID: 999
2026-05-31 23:21:03.568 [main] DEBUG c.H.service.LabResultService - Looking up lab result by ID: 999
2026-05-31 23:21:03.575 [main] DEBUG c.H.service.LabResultService - Fetching all lab results
2026-05-31 23:21:03.578 [main] INFO  c.H.service.LabResultService - Retrieved 1 lab results
2026-05-31 23:21:03.586 [main] INFO  c.H.service.LabResultService - Deleting lab result - ID: 100
2026-05-31 23:21:03.588 [main] DEBUG c.H.service.LabResultService - Looking up lab result by ID: 100
2026-05-31 23:21:03.589 [main] DEBUG c.H.service.LabResultService - Found lab result - ID: 100, Test: WBC
2026-05-31 23:21:03.590 [main] DEBUG c.H.service.LabResultService - Updating lab order status - Order ID: 10
2026-05-31 23:21:03.591 [main] DEBUG c.H.service.LabResultService - Set lab order status to COLLECTED (no results)
2026-05-31 23:21:03.591 [main] INFO  c.H.service.LabResultService - Successfully deleted lab result - ID: 100
2026-05-31 23:21:03.602 [main] INFO  c.H.service.LabResultService - Creating lab result - Order ID: 10, Test: WBC
2026-05-31 23:21:03.602 [main] DEBUG c.H.service.LabResultService - Looking up lab order by ID: 10
2026-05-31 23:21:03.604 [main] DEBUG c.H.service.LabResultService - Found lab order - ID: 10, Status: COLLECTED
2026-05-31 23:21:03.606 [main] DEBUG c.H.service.LabResultService - Updating lab order status - Order ID: 10
2026-05-31 23:21:03.608 [main] DEBUG c.H.service.LabResultService - Updated lab order status to RESULTS_REPORTED - Critical: false
2026-05-31 23:21:03.609 [main] INFO  c.H.service.LabResultService - Successfully created lab result - ID: 100
2026-05-31 23:21:03.622 [main] DEBUG c.H.service.LabResultService - Fetching lab result by ID: 100
2026-05-31 23:21:03.623 [main] DEBUG c.H.service.LabResultService - Looking up lab result by ID: 100
2026-05-31 23:21:03.623 [main] DEBUG c.H.service.LabResultService - Found lab result - ID: 100, Test: WBC
2026-05-31 23:21:03.623 [main] INFO  c.H.service.LabResultService - Retrieved lab result - ID: 100, Test: WBC
2026-05-31 23:21:03.633 [main] INFO  c.H.service.LabResultService - Creating lab result - Order ID: 10, Test: WBC
2026-05-31 23:21:03.633 [main] DEBUG c.H.service.LabResultService - Looking up lab order by ID: 10
2026-05-31 23:21:03.634 [main] DEBUG c.H.service.LabResultService - Found lab order - ID: 10, Status: COLLECTED
2026-05-31 23:21:03.636 [main] DEBUG c.H.service.LabResultService - Updating lab order status - Order ID: 10
2026-05-31 23:21:03.637 [main] DEBUG c.H.service.LabResultService - Updated lab order status to CRITICAL_REPORTED - Critical: true
2026-05-31 23:21:03.637 [main] INFO  c.H.service.LabResultService - Successfully created lab result - ID: 101
2026-05-31 23:21:03.661 [main] DEBUG c.H.service.MedicationMasterService - Fetching medications - Search: null
2026-05-31 23:21:03.664 [main] INFO  c.H.service.MedicationMasterService - Retrieved 1 medications
2026-05-31 23:21:03.675 [main] DEBUG c.H.service.MedicationMasterService - Fetching medications - Search: Para
2026-05-31 23:21:03.675 [main] INFO  c.H.service.MedicationMasterService - Retrieved 1 medications
2026-05-31 23:21:03.685 [main] INFO  c.H.service.MedicationMasterService - Creating medication - Code: MED001, Name: Paracetamol
2026-05-31 23:21:03.687 [main] INFO  c.H.service.MedicationMasterService - Successfully created medication - ID: 1, Code: MED001
2026-05-31 23:21:03.693 [main] INFO  c.H.service.MedicationMasterService - Deactivating medication - ID: 1
2026-05-31 23:21:03.694 [main] DEBUG c.H.service.MedicationMasterService - Looking up medication by ID: 1
2026-05-31 23:21:03.695 [main] DEBUG c.H.service.MedicationMasterService - Found medication - ID: 1, Name: Paracetamol
2026-05-31 23:21:03.695 [main] INFO  c.H.service.MedicationMasterService - Successfully deactivated medication - ID: 1
2026-05-31 23:21:03.706 [main] INFO  c.H.service.MedicationMasterService - Updating medication - ID: 1
2026-05-31 23:21:03.707 [main] DEBUG c.H.service.MedicationMasterService - Looking up medication by ID: 1
2026-05-31 23:21:03.707 [main] DEBUG c.H.service.MedicationMasterService - Found medication - ID: 1, Name: Paracetamol
2026-05-31 23:21:03.707 [main] INFO  c.H.service.MedicationMasterService - Successfully updated medication - ID: 1
2026-05-31 23:21:03.717 [main] DEBUG c.H.service.MedicationMasterService - Fetching medication by ID: 1
2026-05-31 23:21:03.718 [main] DEBUG c.H.service.MedicationMasterService - Looking up medication by ID: 1
2026-05-31 23:21:03.718 [main] DEBUG c.H.service.MedicationMasterService - Found medication - ID: 1, Name: Paracetamol
2026-05-31 23:21:03.719 [main] INFO  c.H.service.MedicationMasterService - Retrieved medication - ID: 1, Name: Paracetamol
2026-05-31 23:21:03.732 [main] INFO  c.H.service.MedicationMasterService - Creating medication - Code: MED001, Name: Paracetamol
2026-05-31 23:21:03.733 [main] WARN  c.H.service.MedicationMasterService - Attempted to create medication with existing code: MED001
2026-05-31 23:21:03.756 [main] DEBUG c.H.service.PatientService - Fetching patient with ID: 1
2026-05-31 23:21:03.756 [main] DEBUG c.H.service.PatientService - Looking up patient by ID: 1
2026-05-31 23:21:03.758 [main] DEBUG c.H.service.PatientService - Found patient - ID: 1, MRN: MRN-ABC12345
2026-05-31 23:21:03.759 [main] INFO  c.H.service.PatientService - Retrieved patient - ID: 1, MRN: MRN-ABC12345
2026-05-31 23:21:03.772 [main] INFO  c.H.service.PatientService - Starting patient registration - Name: Jane Doe
2026-05-31 23:21:03.774 [main] INFO  c.H.service.PatientService - Successfully registered patient - ID: 2, MRN: MRN-0715A764
2026-05-31 23:21:03.783 [main] DEBUG c.H.service.PatientService - Fetching patient with ID: 999
2026-05-31 23:21:03.783 [main] DEBUG c.H.service.PatientService - Looking up patient by ID: 999
2026-05-31 23:21:03.789 [main] DEBUG c.H.service.PatientService - Fetching patient with MRN: MRN-NOTFOUND
2026-05-31 23:21:03.798 [main] DEBUG c.H.service.PatientService - Fetching all patients from registry
2026-05-31 23:21:03.800 [main] INFO  c.H.service.PatientService - Retrieved 1 patients from registry
2026-05-31 23:21:03.807 [main] INFO  c.H.service.PatientService - Starting patient update - ID: 1
2026-05-31 23:21:03.807 [main] DEBUG c.H.service.PatientService - Looking up patient by ID: 1
2026-05-31 23:21:03.808 [main] DEBUG c.H.service.PatientService - Found patient - ID: 1, MRN: MRN-ABC12345
2026-05-31 23:21:03.808 [main] INFO  c.H.service.PatientService - Successfully updated patient - ID: 1, MRN: MRN-ABC12345
2026-05-31 23:21:03.816 [main] DEBUG c.H.service.PatientService - Fetching patient with MRN: MRN-ABC12345
2026-05-31 23:21:03.818 [main] INFO  c.H.service.PatientService - Retrieved patient - MRN: MRN-ABC12345, Name: Jane Doe
2026-05-31 23:21:03.824 [main] INFO  c.H.service.PatientService - Starting patient deactivation - ID: 1
2026-05-31 23:21:03.825 [main] DEBUG c.H.service.PatientService - Looking up patient by ID: 1
2026-05-31 23:21:03.825 [main] DEBUG c.H.service.PatientService - Found patient - ID: 1, MRN: MRN-ABC12345
2026-05-31 23:21:03.825 [main] INFO  c.H.service.PatientService - Successfully deactivated patient - ID: 1, MRN: MRN-ABC12345
2026-05-31 23:21:03.987 [main] INFO  c.H.service.PaymentService - Recording manual payment | InvoiceId: 10, PatientId: 1, Amount: 200.0
2026-05-31 23:21:03.987 [main] DEBUG c.H.service.PaymentService - Looking up patient | PatientId: 1
2026-05-31 23:21:03.987 [main] WARN  c.H.service.PaymentService - Attempted payment on already PAID invoice | InvoiceId: 10
2026-05-31 23:21:04.004 [main] DEBUG c.H.service.PaymentService - Fetching payment by Id: 999
2026-05-31 23:21:04.004 [main] DEBUG c.H.service.PaymentService - Looking up payment | PaymentId: 999
2026-05-31 23:21:04.005 [main] ERROR c.H.service.PaymentService - Payment not found | PaymentId: 999
2026-05-31 23:21:04.011 [main] INFO  c.H.service.PaymentService - Recording manual payment | InvoiceId: 10, PatientId: 1, Amount: 200.0
2026-05-31 23:21:04.012 [main] DEBUG c.H.service.PaymentService - Looking up patient | PatientId: 1
2026-05-31 23:21:04.014 [main] DEBUG c.H.service.PaymentService - Updating invoice status | InvoiceId: 10
2026-05-31 23:21:04.016 [main] DEBUG c.H.service.PaymentService - Invoice status updated | InvoiceId: 10, Status: PARTIALLY_PAID
2026-05-31 23:21:04.017 [main] INFO  c.H.service.PaymentService - Payment recorded successfully | PaymentId: 50, InvoiceId: 10
2026-05-31 23:21:04.027 [main] INFO  c.H.service.PaymentService - Recording manual payment | InvoiceId: 10, PatientId: 1, Amount: -50.0
2026-05-31 23:21:04.028 [main] DEBUG c.H.service.PaymentService - Looking up patient | PatientId: 1
2026-05-31 23:21:04.028 [main] WARN  c.H.service.PaymentService - Invalid payment amount: -50.0
2026-05-31 23:21:04.037 [main] INFO  c.H.service.PaymentService - Recording manual payment | InvoiceId: 10, PatientId: 1, Amount: 500.0
2026-05-31 23:21:04.037 [main] DEBUG c.H.service.PaymentService - Looking up patient | PatientId: 1
2026-05-31 23:21:04.037 [main] DEBUG c.H.service.PaymentService - Updating invoice status | InvoiceId: 10
2026-05-31 23:21:04.037 [main] DEBUG c.H.service.PaymentService - Invoice status updated | InvoiceId: 10, Status: PAID
2026-05-31 23:21:04.037 [main] INFO  c.H.service.PaymentService - Payment recorded successfully | PaymentId: 50, InvoiceId: 10
2026-05-31 23:21:04.044 [main] DEBUG c.H.service.PaymentService - Fetching all payments
2026-05-31 23:21:04.046 [main] INFO  c.H.service.PaymentService - Total payments retrieved: 1
2026-05-31 23:21:04.057 [main] INFO  c.H.service.PaymentService - Recording manual payment | InvoiceId: 10, PatientId: 1, Amount: 200.0
2026-05-31 23:21:04.060 [main] DEBUG c.H.service.PaymentService - Looking up patient | PatientId: 1
2026-05-31 23:21:04.060 [main] WARN  c.H.service.PaymentService - Patient mismatch | InvoicePatientId: 1, PaymentPatientId: 2
2026-05-31 23:21:04.070 [main] DEBUG c.H.service.PaymentService - Fetching payment by Id: 50
2026-05-31 23:21:04.071 [main] DEBUG c.H.service.PaymentService - Looking up payment | PaymentId: 50
2026-05-31 23:21:04.071 [main] INFO  c.H.service.PaymentService - Payment found | PaymentId: 50, Amount: 200.0
2026-05-31 23:21:04.310 [main] INFO  c.H.service.PharmacyService - Dispensing prescription - Prescription ID: 10, Quantity: 30
2026-05-31 23:21:04.310 [main] DEBUG c.H.service.PharmacyService - Looking up prescription by ID: 10
2026-05-31 23:21:04.311 [main] DEBUG c.H.service.PharmacyService - Found prescription - ID: 10, Status: ISSUED
2026-05-31 23:21:04.312 [main] DEBUG c.H.service.PharmacyService - Looking up user by ID: 20
2026-05-31 23:21:04.313 [main] DEBUG c.H.service.PharmacyService - Found user - ID: 20, Username: null
2026-05-31 23:21:04.314 [main] DEBUG c.H.service.PharmacyService - Validating dispense - Prescription ID: 10, Item ID: 100, Quantity: 30
2026-05-31 23:21:04.315 [main] WARN  c.H.service.PharmacyService - Dispense quantity exceeds prescription quantity - Requested: 30, Prescribed: 20
2026-05-31 23:21:04.322 [main] DEBUG c.H.service.PharmacyService - Fetching all dispense records
2026-05-31 23:21:04.323 [main] INFO  c.H.service.PharmacyService - Retrieved 1 dispense records
2026-05-31 23:21:04.332 [main] INFO  c.H.service.PharmacyService - Processing dispense return - Dispense ID: 200, Return Quantity: 10
2026-05-31 23:21:04.332 [main] DEBUG c.H.service.PharmacyService - Looking up dispense record by ID: 200
2026-05-31 23:21:04.333 [main] DEBUG c.H.service.PharmacyService - Found dispense record - ID: 200, Status: DISPENSED
2026-05-31 23:21:04.333 [main] INFO  c.H.service.PharmacyService - Successfully processed dispense return - Dispense ID: 200, Status: RETURNED
2026-05-31 23:21:04.341 [main] INFO  c.H.service.PharmacyService - Dispensing prescription - Prescription ID: 10, Quantity: 10
2026-05-31 23:21:04.341 [main] DEBUG c.H.service.PharmacyService - Looking up prescription by ID: 10
2026-05-31 23:21:04.341 [main] DEBUG c.H.service.PharmacyService - Found prescription - ID: 10, Status: ISSUED
2026-05-31 23:21:04.342 [main] DEBUG c.H.service.PharmacyService - Looking up user by ID: 20
2026-05-31 23:21:04.342 [main] DEBUG c.H.service.PharmacyService - Found user - ID: 20, Username: null
2026-05-31 23:21:04.342 [main] DEBUG c.H.service.PharmacyService - Validating dispense - Prescription ID: 10, Item ID: 100, Quantity: 10
2026-05-31 23:21:04.342 [main] DEBUG c.H.service.PharmacyService - Dispense validation passed
2026-05-31 23:21:04.342 [main] INFO  c.H.service.PharmacyService - Successfully dispensed prescription - Dispense ID: 200, Prescription ID: 10
2026-05-31 23:21:04.354 [main] INFO  c.H.service.PharmacyService - Dispensing prescription - Prescription ID: 10, Quantity: 10
2026-05-31 23:21:04.354 [main] DEBUG c.H.service.PharmacyService - Looking up prescription by ID: 10
2026-05-31 23:21:04.354 [main] DEBUG c.H.service.PharmacyService - Found prescription - ID: 10, Status: DRAFT
2026-05-31 23:21:04.354 [main] DEBUG c.H.service.PharmacyService - Looking up user by ID: 20
2026-05-31 23:21:04.354 [main] DEBUG c.H.service.PharmacyService - Found user - ID: 20, Username: null
2026-05-31 23:21:04.355 [main] DEBUG c.H.service.PharmacyService - Validating dispense - Prescription ID: 10, Item ID: 100, Quantity: 10
2026-05-31 23:21:04.355 [main] WARN  c.H.service.PharmacyService - Prescription not in issued status - ID: 10, Status: DRAFT
2026-05-31 23:21:04.373 [main] INFO  c.H.service.PrescriptionService - Creating prescription for PatientID=1, EncounterID=1
2026-05-31 23:21:04.389 [main] INFO  c.H.service.PrescriptionService - Creating prescription for PatientID=1, EncounterID=1
2026-05-31 23:21:04.398 [main] INFO  c.H.service.PrescriptionService - Updating prescription RxID=1, NewStatus=ISSUED
2026-05-31 23:21:04.407 [main] DEBUG c.H.service.PrescriptionService - Fetching all prescriptions
2026-05-31 23:21:04.416 [main] DEBUG c.H.service.PrescriptionService - Fetching prescription with ID: 1
2026-05-31 23:21:04.433 [main] DEBUG c.H.service.PrescriptionService - Fetching prescription with ID: 1
2026-05-31 23:21:04.441 [main] INFO  c.H.service.PrescriptionService - Creating prescription for PatientID=1, EncounterID=1
2026-05-31 23:21:04.455 [main] INFO  c.H.service.PrescriptionService - Creating prescription for PatientID=1, EncounterID=1
2026-05-31 23:21:04.462 [main] DEBUG c.H.service.PrescriptionService - Fetching prescription with ID: 999
2026-05-31 23:21:04.471 [main] INFO  c.H.service.PrescriptionService - Deleting prescription RxID=1
2026-05-31 23:21:04.478 [main] INFO  c.H.service.PrescriptionService - Creating prescription for PatientID=1, EncounterID=1
2026-05-31 23:21:04.488 [main] DEBUG c.H.service.PrescriptionService - Fetching all prescriptions
2026-05-31 23:21:04.493 [main] INFO  c.H.service.PrescriptionService - Updating prescription RxID=1, NewStatus=ISSUED
2026-05-31 23:21:04.504 [main] INFO  c.H.service.PrescriptionService - Deleting prescription RxID=999
2026-05-31 23:21:04.607 [main] INFO  c.H.service.ReportService - Creating new report - Scope: OPD
2026-05-31 23:21:04.619 [main] DEBUG c.H.service.ReportService - Fetching report with ID: 10
2026-05-31 23:21:04.619 [main] INFO  c.H.service.ReportService - Retrieved report - ID: 10, Scope: OPD
2026-05-31 23:21:04.625 [main] DEBUG c.H.service.ReportService - Fetching all reports
2026-05-31 23:21:04.627 [main] INFO  c.H.service.ReportService - Retrieved 1 reports
2026-05-31 23:21:04.636 [main] INFO  c.H.service.ReportService - Updating report - ReportID: 10, NewScope: OPD
2026-05-31 23:21:04.650 [main] DEBUG c.H.service.ReportService - Fetching report with ID: 999
