2026-06-06 12:53:23.767 [restartedMain] INFO  c.H.HospitalManagementApplication - Starting HospitalManagementApplication using Java 21.0.10 with PID 15560 (D:\Projects\Backend\Hospital\target\classes started by ELCOT in D:\Projects\Backend\Hospital)
2026-06-06 12:53:23.775 [restartedMain] DEBUG c.H.HospitalManagementApplication - Running with Spring Boot v4.0.5, Spring v7.0.6
2026-06-06 12:53:23.776 [restartedMain] INFO  c.H.HospitalManagementApplication - No active profile set, falling back to 1 default profile: "default"
2026-06-06 12:53:27.230 [restartedMain] INFO  o.a.coyote.http11.Http11NioProtocol - Initializing ProtocolHandler ["http-nio-8081"]
2026-06-06 12:53:27.230 [restartedMain] INFO  o.a.catalina.core.StandardService - Starting service [Tomcat]
2026-06-06 12:53:27.230 [restartedMain] INFO  o.a.catalina.core.StandardEngine - Starting Servlet engine: [Apache Tomcat/11.0.20]
2026-06-06 12:53:27.548 [restartedMain] INFO  com.zaxxer.hikari.HikariDataSource - HikariPool-1 - Starting...
2026-06-06 12:53:31.492 [restartedMain] INFO  com.zaxxer.hikari.HikariDataSource - HikariPool-1 - Starting...
2026-06-06 12:53:32.535 [restartedMain] WARN  org.hibernate.orm.jdbc.error - HHH000247: ErrorCode: 1049, SQLState: 42000
2026-06-06 12:53:32.535 [restartedMain] WARN  org.hibernate.orm.jdbc.error - Unknown database 'hos3'
2026-06-06 12:53:32.535 [restartedMain] WARN  org.hibernate.orm.jdbc - HHH100046: Could not obtain connection to query JDBC database metadata
org.hibernate.exception.SQLGrammarException: Unable to obtain isolated JDBC connection [Unknown database 'hos3'] [n/a]
	at org.hibernate.exception.internal.SQLStateConversionDelegate.convert(SQLStateConversionDelegate.java:63)
	at org.hibernate.exception.internal.StandardSQLExceptionConverter.convert(StandardSQLExceptionConverter.java:34)
	at org.hibernate.engine.jdbc.spi.SqlExceptionHelper.convert(SqlExceptionHelper.java:115)
	at org.hibernate.engine.jdbc.spi.SqlExceptionHelper.convert(SqlExceptionHelper.java:101)
	at org.hibernate.resource.transaction.backend.jdbc.internal.JdbcIsolationDelegate.delegateWork(JdbcIsolationDelegate.java:51)
	at org.hibernate.engine.jdbc.env.internal.JdbcEnvironmentInitiator.getJdbcEnvironmentUsingJdbcMetadata(JdbcEnvironmentInitiator.java:366)
	at org.hibernate.engine.jdbc.env.internal.JdbcEnvironmentInitiator.getJdbcEnvironment(JdbcEnvironmentInitiator.java:143)
	at org.hibernate.engine.jdbc.env.internal.JdbcEnvironmentInitiator.initiateService(JdbcEnvironmentInitiator.java:120)
	at org.hibernate.engine.jdbc.env.internal.JdbcEnvironmentInitiator.initiateService(JdbcEnvironmentInitiator.java:80)
	at org.hibernate.boot.registry.internal.StandardServiceRegistryImpl.initiateService(StandardServiceRegistryImpl.java:133)
	at org.hibernate.service.internal.AbstractServiceRegistryImpl.createService(AbstractServiceRegistryImpl.java:260)
	at org.hibernate.service.internal.AbstractServiceRegistryImpl.initializeService(AbstractServiceRegistryImpl.java:235)
	at org.hibernate.service.internal.AbstractServiceRegistryImpl.getService(AbstractServiceRegistryImpl.java:212)
	at org.hibernate.boot.model.relational.Database.<init>(Database.java:44)
	at org.hibernate.boot.internal.InFlightMetadataCollectorImpl.getDatabase(InFlightMetadataCollectorImpl.java:251)
	at org.hibernate.boot.internal.InFlightMetadataCollectorImpl.<init>(InFlightMetadataCollectorImpl.java:203)
	at org.hibernate.boot.model.process.spi.MetadataBuildingProcess.complete(MetadataBuildingProcess.java:172)
	at org.hibernate.jpa.boot.internal.EntityManagerFactoryBuilderImpl.metadata(EntityManagerFactoryBuilderImpl.java:1392)
	at org.hibernate.jpa.boot.internal.EntityManagerFactoryBuilderImpl.populateSessionFactoryBuilder(EntityManagerFactoryBuilderImpl.java:1472)
	at org.hibernate.jpa.boot.internal.EntityManagerFactoryBuilderImpl.build(EntityManagerFactoryBuilderImpl.java:1454)
	at org.springframework.orm.jpa.vendor.SpringHibernateJpaPersistenceProvider.createContainerEntityManagerFactory(SpringHibernateJpaPersistenceProvider.java:93)
	at org.springframework.orm.jpa.LocalContainerEntityManagerFactoryBean.createNativeEntityManagerFactory(LocalContainerEntityManagerFactoryBean.java:443)
	at org.springframework.orm.jpa.AbstractEntityManagerFactoryBean.buildNativeEntityManagerFactory(AbstractEntityManagerFactoryBean.java:436)
	at org.springframework.orm.jpa.AbstractEntityManagerFactoryBean.afterPropertiesSet(AbstractEntityManagerFactoryBean.java:411)
	at org.springframework.orm.jpa.LocalContainerEntityManagerFactoryBean.afterPropertiesSet(LocalContainerEntityManagerFactoryBean.java:419)
	at org.springframework.beans.factory.support.AbstractAutowireCapableBeanFactory.invokeInitMethods(AbstractAutowireCapableBeanFactory.java:1864)
	at org.springframework.beans.factory.support.AbstractAutowireCapableBeanFactory.initializeBean(AbstractAutowireCapableBeanFactory.java:1813)
	at org.springframework.beans.factory.support.AbstractAutowireCapableBeanFactory.doCreateBean(AbstractAutowireCapableBeanFactory.java:603)
	at org.springframework.beans.factory.support.AbstractAutowireCapableBeanFactory.createBean(AbstractAutowireCapableBeanFactory.java:525)
	at org.springframework.beans.factory.support.AbstractBeanFactory.lambda$doGetBean$0(AbstractBeanFactory.java:333)
	at org.springframework.beans.factory.support.DefaultSingletonBeanRegistry.getSingleton(DefaultSingletonBeanRegistry.java:371)
	at org.springframework.beans.factory.support.AbstractBeanFactory.doGetBean(AbstractBeanFactory.java:331)
	at org.springframework.beans.factory.support.AbstractBeanFactory.getBean(AbstractBeanFactory.java:196)
	at org.springframework.beans.factory.support.BeanDefinitionValueResolver.resolveReference(BeanDefinitionValueResolver.java:365)
	at org.springframework.beans.factory.support.BeanDefinitionValueResolver.resolveValueIfNecessary(BeanDefinitionValueResolver.java:135)
	at org.springframework.beans.factory.support.ConstructorResolver.resolveConstructorArguments(ConstructorResolver.java:691)
	at org.springframework.beans.factory.support.ConstructorResolver.instantiateUsingFactoryMethod(ConstructorResolver.java:513)
	at org.springframework.beans.factory.support.AbstractAutowireCapableBeanFactory.instantiateUsingFactoryMethod(AbstractAutowireCapableBeanFactory.java:1362)
	at org.springframework.beans.factory.support.AbstractAutowireCapableBeanFactory.createBeanInstance(AbstractAutowireCapableBeanFactory.java:1194)
	at org.springframework.beans.factory.support.AbstractAutowireCapableBeanFactory.doCreateBean(AbstractAutowireCapableBeanFactory.java:565)
	at org.springframework.beans.factory.support.AbstractAutowireCapableBeanFactory.createBean(AbstractAutowireCapableBeanFactory.java:525)
	at org.springframework.beans.factory.support.AbstractBeanFactory.lambda$doGetBean$0(AbstractBeanFactory.java:333)
	at org.springframework.beans.factory.support.DefaultSingletonBeanRegistry.getSingleton(DefaultSingletonBeanRegistry.java:371)
	at org.springframework.beans.factory.support.AbstractBeanFactory.doGetBean(AbstractBeanFactory.java:331)
	at org.springframework.beans.factory.support.AbstractBeanFactory.getBean(AbstractBeanFactory.java:201)
	at org.springframework.beans.factory.support.BeanDefinitionValueResolver.resolveReference(BeanDefinitionValueResolver.java:356)
	at org.springframework.beans.factory.support.BeanDefinitionValueResolver.resolveValueIfNecessary(BeanDefinitionValueResolver.java:135)
	at org.springframework.beans.factory.support.AbstractAutowireCapableBeanFactory.applyPropertyValues(AbstractAutowireCapableBeanFactory.java:1712)
	at org.springframework.beans.factory.support.AbstractAutowireCapableBeanFactory.populateBean(AbstractAutowireCapableBeanFactory.java:1461)
	at org.springframework.beans.factory.support.AbstractAutowireCapableBeanFactory.doCreateBean(AbstractAutowireCapableBeanFactory.java:602)
	at org.springframework.beans.factory.support.AbstractAutowireCapableBeanFactory.createBean(AbstractAutowireCapableBeanFactory.java:525)
	at org.springframework.beans.factory.support.AbstractBeanFactory.lambda$doGetBean$0(AbstractBeanFactory.java:333)
	at org.springframework.beans.factory.support.DefaultSingletonBeanRegistry.getSingleton(DefaultSingletonBeanRegistry.java:371)
	at org.springframework.beans.factory.support.AbstractBeanFactory.doGetBean(AbstractBeanFactory.java:331)
	at org.springframework.beans.factory.support.AbstractBeanFactory.getBean(AbstractBeanFactory.java:201)
	at org.springframework.beans.factory.config.DependencyDescriptor.resolveCandidate(DependencyDescriptor.java:229)
	at org.springframework.beans.factory.support.DefaultListableBeanFactory.doResolveDependency(DefaultListableBeanFactory.java:1762)
	at org.springframework.beans.factory.support.DefaultListableBeanFactory.resolveDependency(DefaultListableBeanFactory.java:1651)
	at org.springframework.beans.factory.support.ConstructorResolver.resolveAutowiredArgument(ConstructorResolver.java:912)
	at org.springframework.beans.factory.support.ConstructorResolver.createArgumentArray(ConstructorResolver.java:791)
	at org.springframework.beans.factory.support.ConstructorResolver.autowireConstructor(ConstructorResolver.java:240)
	at org.springframework.beans.factory.support.AbstractAutowireCapableBeanFactory.autowireConstructor(AbstractAutowireCapableBeanFactory.java:1382)
	at org.springframework.beans.factory.support.AbstractAutowireCapableBeanFactory.createBeanInstance(AbstractAutowireCapableBeanFactory.java:1221)
	at org.springframework.beans.factory.support.AbstractAutowireCapableBeanFactory.doCreateBean(AbstractAutowireCapableBeanFactory.java:565)
	at org.springframework.beans.factory.support.AbstractAutowireCapableBeanFactory.createBean(AbstractAutowireCapableBeanFactory.java:525)
	at org.springframework.beans.factory.support.AbstractBeanFactory.lambda$doGetBean$0(AbstractBeanFactory.java:333)
	at org.springframework.beans.factory.support.DefaultSingletonBeanRegistry.getSingleton(DefaultSingletonBeanRegistry.java:371)
	at org.springframework.beans.factory.support.AbstractBeanFactory.doGetBean(AbstractBeanFactory.java:331)
	at org.springframework.beans.factory.support.AbstractBeanFactory.getBean(AbstractBeanFactory.java:196)
	at org.springframework.beans.factory.support.ConstructorResolver.instantiateUsingFactoryMethod(ConstructorResolver.java:413)
	at org.springframework.beans.factory.support.AbstractAutowireCapableBeanFactory.instantiateUsingFactoryMethod(AbstractAutowireCapableBeanFactory.java:1362)
	at org.springframework.beans.factory.support.AbstractAutowireCapableBeanFactory.createBeanInstance(AbstractAutowireCapableBeanFactory.java:1194)
	at org.springframework.beans.factory.support.AbstractAutowireCapableBeanFactory.doCreateBean(AbstractAutowireCapableBeanFactory.java:565)
	at org.springframework.beans.factory.support.AbstractAutowireCapableBeanFactory.createBean(AbstractAutowireCapableBeanFactory.java:525)
	at org.springframework.beans.factory.support.AbstractBeanFactory.lambda$doGetBean$0(AbstractBeanFactory.java:333)
	at org.springframework.beans.factory.support.DefaultSingletonBeanRegistry.getSingleton(DefaultSingletonBeanRegistry.java:371)
	at org.springframework.beans.factory.support.AbstractBeanFactory.doGetBean(AbstractBeanFactory.java:331)
	at org.springframework.beans.factory.support.AbstractBeanFactory.getBean(AbstractBeanFactory.java:201)
	at org.springframework.beans.factory.support.DefaultListableBeanFactory.resolveBean(DefaultListableBeanFactory.java:1225)
	at org.springframework.beans.factory.support.DefaultListableBeanFactory.doResolveDependency(DefaultListableBeanFactory.java:1704)
	at org.springframework.beans.factory.support.DefaultListableBeanFactory.resolveDependency(DefaultListableBeanFactory.java:1651)
	at org.springframework.beans.factory.support.ConstructorResolver.resolveAutowiredArgument(ConstructorResolver.java:912)
	at org.springframework.beans.factory.support.ConstructorResolver.createArgumentArray(ConstructorResolver.java:791)
	at org.springframework.beans.factory.support.ConstructorResolver.autowireConstructor(ConstructorResolver.java:240)
	at org.springframework.beans.factory.support.AbstractAutowireCapableBeanFactory.autowireConstructor(AbstractAutowireCapableBeanFactory.java:1382)
	at org.springframework.beans.factory.support.AbstractAutowireCapableBeanFactory.createBeanInstance(AbstractAutowireCapableBeanFactory.java:1221)
	at org.springframework.beans.factory.support.AbstractAutowireCapableBeanFactory.doCreateBean(AbstractAutowireCapableBeanFactory.java:565)
	at org.springframework.beans.factory.support.AbstractAutowireCapableBeanFactory.createBean(AbstractAutowireCapableBeanFactory.java:525)
	at org.springframework.beans.factory.support.AbstractBeanFactory.lambda$doGetBean$0(AbstractBeanFactory.java:333)
	at org.springframework.beans.factory.support.DefaultSingletonBeanRegistry.getSingleton(DefaultSingletonBeanRegistry.java:371)
	at org.springframework.beans.factory.support.AbstractBeanFactory.doGetBean(AbstractBeanFactory.java:331)
	at org.springframework.beans.factory.support.AbstractBeanFactory.getBean(AbstractBeanFactory.java:201)
	at org.springframework.boot.web.servlet.ServletContextInitializerBeans.getOrderedBeansOfType(ServletContextInitializerBeans.java:231)
	at org.springframework.boot.web.servlet.ServletContextInitializerBeans.addAsRegistrationBean(ServletContextInitializerBeans.java:185)
	at org.springframework.boot.web.servlet.ServletContextInitializerBeans.addAsRegistrationBean(ServletContextInitializerBeans.java:180)
	at org.springframework.boot.web.servlet.ServletContextInitializerBeans.addAdaptableBeans(ServletContextInitializerBeans.java:165)
	at org.springframework.boot.web.servlet.ServletContextInitializerBeans.<init>(ServletContextInitializerBeans.java:97)
	at org.springframework.boot.web.context.servlet.WebApplicationContextInitializer.initialize(WebApplicationContextInitializer.java:53)
	at org.springframework.boot.tomcat.servlet.DeferredServletContainerInitializers.onStartup(DeferredServletContainerInitializers.java:55)
	at org.apache.catalina.core.StandardContext.startInternal(StandardContext.java:4416)
	at org.apache.catalina.util.LifecycleBase.start(LifecycleBase.java:164)
	at org.apache.catalina.core.ContainerBase$StartChild.call(ContainerBase.java:1162)
	at org.apache.catalina.core.ContainerBase$StartChild.call(ContainerBase.java:1158)
	at java.base/java.util.concurrent.FutureTask.run(FutureTask.java:317)
	at org.apache.tomcat.util.threads.InlineExecutorService.execute(InlineExecutorService.java:81)
	at java.base/java.util.concurrent.AbstractExecutorService.submit(AbstractExecutorService.java:145)
	at org.apache.catalina.core.ContainerBase.startInternal(ContainerBase.java:714)
	at org.apache.catalina.core.StandardHost.startInternal(StandardHost.java:780)
	at org.apache.catalina.util.LifecycleBase.start(LifecycleBase.java:164)
	at org.apache.catalina.core.ContainerBase$StartChild.call(ContainerBase.java:1162)
	at org.apache.catalina.core.ContainerBase$StartChild.call(ContainerBase.java:1158)
	at java.base/java.util.concurrent.FutureTask.run(FutureTask.java:317)
	at org.apache.tomcat.util.threads.InlineExecutorService.execute(InlineExecutorService.java:81)
	at java.base/java.util.concurrent.AbstractExecutorService.submit(AbstractExecutorService.java:145)
	at org.apache.catalina.core.ContainerBase.startInternal(ContainerBase.java:714)
	at org.apache.catalina.core.StandardEngine.startInternal(StandardEngine.java:201)
	at org.apache.catalina.util.LifecycleBase.start(LifecycleBase.java:164)
	at org.apache.catalina.core.StandardService.startInternal(StandardService.java:410)
	at org.apache.catalina.util.LifecycleBase.start(LifecycleBase.java:164)
	at org.apache.catalina.core.StandardServer.startInternal(StandardServer.java:864)
	at org.apache.catalina.util.LifecycleBase.start(LifecycleBase.java:164)
	at org.apache.catalina.startup.Tomcat.start(Tomcat.java:435)
	at org.springframework.boot.tomcat.TomcatWebServer.initialize(TomcatWebServer.java:131)
	at org.springframework.boot.tomcat.TomcatWebServer.<init>(TomcatWebServer.java:110)
	at org.springframework.boot.tomcat.servlet.TomcatServletWebServerFactory.getTomcatWebServer(TomcatServletWebServerFactory.java:408)
	at org.springframework.boot.tomcat.servlet.TomcatServletWebServerFactory.getWebServer(TomcatServletWebServerFactory.java:166)
	at org.springframework.boot.web.server.servlet.context.ServletWebServerApplicationContext.createWebServer(ServletWebServerApplicationContext.java:190)
	at org.springframework.boot.web.server.servlet.context.ServletWebServerApplicationContext.onRefresh(ServletWebServerApplicationContext.java:164)
	at org.springframework.context.support.AbstractApplicationContext.refresh(AbstractApplicationContext.java:615)
	at org.springframework.boot.web.server.servlet.context.ServletWebServerApplicationContext.refresh(ServletWebServerApplicationContext.java:143)
	at org.springframework.boot.SpringApplication.refresh(SpringApplication.java:756)
	at org.springframework.boot.SpringApplication.refreshContext(SpringApplication.java:445)
	at org.springframework.boot.SpringApplication.run(SpringApplication.java:321)
	at org.springframework.boot.SpringApplication.run(SpringApplication.java:1365)
	at org.springframework.boot.SpringApplication.run(SpringApplication.java:1354)
	at com.HospitalManagement.HospitalManagementApplication.main(HospitalManagementApplication.java:10)
	at java.base/jdk.internal.reflect.DirectMethodHandleAccessor.invoke(DirectMethodHandleAccessor.java:103)
	at java.base/java.lang.reflect.Method.invoke(Method.java:580)
	at org.springframework.boot.devtools.restart.RestartLauncher.run(RestartLauncher.java:52)
Caused by: java.sql.SQLSyntaxErrorException: Unknown database 'hos3'
	at com.mysql.cj.jdbc.exceptions.SQLError.createSQLException(SQLError.java:112)
	at com.mysql.cj.jdbc.exceptions.SQLExceptionsMapping.translateException(SQLExceptionsMapping.java:114)
	at com.mysql.cj.jdbc.ConnectionImpl.createNewIO(ConnectionImpl.java:840)
	at com.mysql.cj.jdbc.ConnectionImpl.<init>(ConnectionImpl.java:416)
	at com.mysql.cj.jdbc.ConnectionImpl.getInstance(ConnectionImpl.java:237)
	at com.mysql.cj.jdbc.NonRegisteringDriver.connect(NonRegisteringDriver.java:180)
	at com.zaxxer.hikari.util.DriverDataSource.getConnection(DriverDataSource.java:144)
	at com.zaxxer.hikari.pool.PoolBase.newConnection(PoolBase.java:373)
	at com.zaxxer.hikari.pool.PoolBase.newPoolEntry(PoolBase.java:210)
	at com.zaxxer.hikari.pool.HikariPool.createPoolEntry(HikariPool.java:488)
	at com.zaxxer.hikari.pool.HikariPool.checkFailFast(HikariPool.java:576)
	at com.zaxxer.hikari.pool.HikariPool.<init>(HikariPool.java:97)
	at com.zaxxer.hikari.HikariDataSource.getConnection(HikariDataSource.java:111)
	at org.hibernate.engine.jdbc.connections.internal.DataSourceConnectionProvider.getConnection(DataSourceConnectionProvider.java:137)
	at org.hibernate.engine.jdbc.env.internal.JdbcEnvironmentInitiator$ConnectionProviderJdbcConnectionAccess.obtainConnection(JdbcEnvironmentInitiator.java:508)
	at org.hibernate.resource.transaction.backend.jdbc.internal.JdbcIsolationDelegate.delegateWork(JdbcIsolationDelegate.java:48)
	... 134 common frames omitted
2026-06-06 12:53:32.603 [restartedMain] WARN  org.hibernate.orm.deprecation - HHH90000025: MySQLDialect does not need to be specified explicitly using 'hibernate.dialect' (remove the property setting and it will be selected by default)
2026-06-06 12:53:34.430 [restartedMain] INFO  com.zaxxer.hikari.HikariDataSource - HikariPool-1 - Starting...
2026-06-06 12:53:35.464 [restartedMain] WARN  org.hibernate.orm.jdbc.error - HHH000247: ErrorCode: 1049, SQLState: 42000
2026-06-06 12:53:35.467 [restartedMain] WARN  org.hibernate.orm.jdbc.error - Unknown database 'hos3'
2026-06-06 12:53:35.471 [restartedMain] ERROR o.s.o.j.LocalContainerEntityManagerFactoryBean - Failed to initialize JPA EntityManagerFactory: Unable to build Hibernate SessionFactory  [persistence unit: default] ; nested exception is org.hibernate.exception.SQLGrammarException: Unable to open JDBC Connection for DDL execution [Unknown database 'hos3'] [n/a]
2026-06-06 12:53:35.503 [restartedMain] ERROR o.s.b.t.s.DeferredServletContainerInitializers - Error starting Tomcat context. Exception: org.springframework.beans.factory.UnsatisfiedDependencyException. Message: Error creating bean with name 'authenticationFilter' defined in file [D:\Projects\Backend\Hospital\target\classes\com\HospitalManagement\config\AuthenticationFilter.class]: Unsatisfied dependency expressed through constructor parameter 1: Error creating bean with name 'applicationConfig' defined in file [D:\Projects\Backend\Hospital\target\classes\com\HospitalManagement\config\ApplicationConfig.class]: Unsatisfied dependency expressed through constructor parameter 0: Error creating bean with name 'userRepository' defined in com.HospitalManagement.repository.UserRepository defined in @EnableJpaRepositories declared on DataJpaRepositoriesRegistrar.EnableJpaRepositoriesConfiguration: Cannot resolve reference to bean 'jpaSharedEM_entityManagerFactory' while setting bean property 'entityManager'
2026-06-06 12:53:35.593 [restartedMain] INFO  o.a.catalina.core.StandardService - Stopping service [Tomcat]
2026-06-06 12:53:35.605 [restartedMain] WARN  o.a.c.loader.WebappClassLoaderBase - The web application [ROOT] appears to have started a thread named [logback-2] but has failed to stop it. This is very likely to create a memory leak. Stack trace of thread:
 java.base/jdk.internal.misc.Unsafe.park(Native Method)
 java.base/java.util.concurrent.locks.LockSupport.parkNanos(LockSupport.java:269)
 java.base/java.util.concurrent.locks.AbstractQueuedSynchronizer$ConditionObject.awaitNanos(AbstractQueuedSynchronizer.java:1763)
 java.base/java.util.concurrent.LinkedBlockingQueue.poll(LinkedBlockingQueue.java:460)
 java.base/java.util.concurrent.ThreadPoolExecutor.getTask(ThreadPoolExecutor.java:1069)
 java.base/java.util.concurrent.ThreadPoolExecutor.runWorker(ThreadPoolExecutor.java:1130)
 java.base/java.util.concurrent.ThreadPoolExecutor$Worker.run(ThreadPoolExecutor.java:642)
 java.base/java.lang.Thread.run(Thread.java:1583)
2026-06-06 12:53:35.614 [restartedMain] WARN  o.s.b.w.s.s.c.AnnotationConfigServletWebServerApplicationContext - Exception encountered during context initialization - cancelling refresh attempt: org.springframework.context.ApplicationContextException: Unable to start web server
2026-06-06 12:53:35.704 [restartedMain] ERROR o.s.boot.SpringApplication - Application run failed
org.springframework.context.ApplicationContextException: Unable to start web server
	at org.springframework.boot.web.server.servlet.context.ServletWebServerApplicationContext.onRefresh(ServletWebServerApplicationContext.java:167)
	at org.springframework.context.support.AbstractApplicationContext.refresh(AbstractApplicationContext.java:615)
	at org.springframework.boot.web.server.servlet.context.ServletWebServerApplicationContext.refresh(ServletWebServerApplicationContext.java:143)
	at org.springframework.boot.SpringApplication.refresh(SpringApplication.java:756)
	at org.springframework.boot.SpringApplication.refreshContext(SpringApplication.java:445)
	at org.springframework.boot.SpringApplication.run(SpringApplication.java:321)
	at org.springframework.boot.SpringApplication.run(SpringApplication.java:1365)
	at org.springframework.boot.SpringApplication.run(SpringApplication.java:1354)
	at com.HospitalManagement.HospitalManagementApplication.main(HospitalManagementApplication.java:10)
	at java.base/jdk.internal.reflect.DirectMethodHandleAccessor.invoke(DirectMethodHandleAccessor.java:103)
	at java.base/java.lang.reflect.Method.invoke(Method.java:580)
	at org.springframework.boot.devtools.restart.RestartLauncher.run(RestartLauncher.java:52)
Caused by: org.springframework.boot.web.server.WebServerException: Unable to start embedded Tomcat
	at org.springframework.boot.tomcat.TomcatWebServer.initialize(TomcatWebServer.java:150)
	at org.springframework.boot.tomcat.TomcatWebServer.<init>(TomcatWebServer.java:110)
	at org.springframework.boot.tomcat.servlet.TomcatServletWebServerFactory.getTomcatWebServer(TomcatServletWebServerFactory.java:408)
	at org.springframework.boot.tomcat.servlet.TomcatServletWebServerFactory.getWebServer(TomcatServletWebServerFactory.java:166)
	at org.springframework.boot.web.server.servlet.context.ServletWebServerApplicationContext.createWebServer(ServletWebServerApplicationContext.java:190)
	at org.springframework.boot.web.server.servlet.context.ServletWebServerApplicationContext.onRefresh(ServletWebServerApplicationContext.java:164)
	... 11 common frames omitted
Caused by: org.springframework.beans.factory.UnsatisfiedDependencyException: Error creating bean with name 'authenticationFilter' defined in file [D:\Projects\Backend\Hospital\target\classes\com\HospitalManagement\config\AuthenticationFilter.class]: Unsatisfied dependency expressed through constructor parameter 1: Error creating bean with name 'applicationConfig' defined in file [D:\Projects\Backend\Hospital\target\classes\com\HospitalManagement\config\ApplicationConfig.class]: Unsatisfied dependency expressed through constructor parameter 0: Error creating bean with name 'userRepository' defined in com.HospitalManagement.repository.UserRepository defined in @EnableJpaRepositories declared on DataJpaRepositoriesRegistrar.EnableJpaRepositoriesConfiguration: Cannot resolve reference to bean 'jpaSharedEM_entityManagerFactory' while setting bean property 'entityManager'
	at org.springframework.beans.factory.support.ConstructorResolver.createArgumentArray(ConstructorResolver.java:804)
	at org.springframework.beans.factory.support.ConstructorResolver.autowireConstructor(ConstructorResolver.java:240)
	at org.springframework.beans.factory.support.AbstractAutowireCapableBeanFactory.autowireConstructor(AbstractAutowireCapableBeanFactory.java:1382)
	at org.springframework.beans.factory.support.AbstractAutowireCapableBeanFactory.createBeanInstance(AbstractAutowireCapableBeanFactory.java:1221)
	at org.springframework.beans.factory.support.AbstractAutowireCapableBeanFactory.doCreateBean(AbstractAutowireCapableBeanFactory.java:565)
	at org.springframework.beans.factory.support.AbstractAutowireCapableBeanFactory.createBean(AbstractAutowireCapableBeanFactory.java:525)
	at org.springframework.beans.factory.support.AbstractBeanFactory.lambda$doGetBean$0(AbstractBeanFactory.java:333)
	at org.springframework.beans.factory.support.DefaultSingletonBeanRegistry.getSingleton(DefaultSingletonBeanRegistry.java:371)
	at org.springframework.beans.factory.support.AbstractBeanFactory.doGetBean(AbstractBeanFactory.java:331)
	at org.springframework.beans.factory.support.AbstractBeanFactory.getBean(AbstractBeanFactory.java:201)
	at org.springframework.boot.web.servlet.ServletContextInitializerBeans.getOrderedBeansOfType(ServletContextInitializerBeans.java:231)
	at org.springframework.boot.web.servlet.ServletContextInitializerBeans.addAsRegistrationBean(ServletContextInitializerBeans.java:185)
	at org.springframework.boot.web.servlet.ServletContextInitializerBeans.addAsRegistrationBean(ServletContextInitializerBeans.java:180)
	at org.springframework.boot.web.servlet.ServletContextInitializerBeans.addAdaptableBeans(ServletContextInitializerBeans.java:165)
	at org.springframework.boot.web.servlet.ServletContextInitializerBeans.<init>(ServletContextInitializerBeans.java:97)
	at org.springframework.boot.web.context.servlet.WebApplicationContextInitializer.initialize(WebApplicationContextInitializer.java:53)
	at org.springframework.boot.tomcat.servlet.DeferredServletContainerInitializers.onStartup(DeferredServletContainerInitializers.java:55)
	at org.apache.catalina.core.StandardContext.startInternal(StandardContext.java:4416)
	at org.apache.catalina.util.LifecycleBase.start(LifecycleBase.java:164)
	at org.apache.catalina.core.ContainerBase$StartChild.call(ContainerBase.java:1162)
	at org.apache.catalina.core.ContainerBase$StartChild.call(ContainerBase.java:1158)
	at java.base/java.util.concurrent.FutureTask.run(FutureTask.java:317)
	at org.apache.tomcat.util.threads.InlineExecutorService.execute(InlineExecutorService.java:81)
	at java.base/java.util.concurrent.AbstractExecutorService.submit(AbstractExecutorService.java:145)
	at org.apache.catalina.core.ContainerBase.startInternal(ContainerBase.java:714)
	at org.apache.catalina.core.StandardHost.startInternal(StandardHost.java:780)
	at org.apache.catalina.util.LifecycleBase.start(LifecycleBase.java:164)
	at org.apache.catalina.core.ContainerBase$StartChild.call(ContainerBase.java:1162)
	at org.apache.catalina.core.ContainerBase$StartChild.call(ContainerBase.java:1158)
	at java.base/java.util.concurrent.FutureTask.run(FutureTask.java:317)
	at org.apache.tomcat.util.threads.InlineExecutorService.execute(InlineExecutorService.java:81)
	at java.base/java.util.concurrent.AbstractExecutorService.submit(AbstractExecutorService.java:145)
	at org.apache.catalina.core.ContainerBase.startInternal(ContainerBase.java:714)
	at org.apache.catalina.core.StandardEngine.startInternal(StandardEngine.java:201)
	at org.apache.catalina.util.LifecycleBase.start(LifecycleBase.java:164)
	at org.apache.catalina.core.StandardService.startInternal(StandardService.java:410)
	at org.apache.catalina.util.LifecycleBase.start(LifecycleBase.java:164)
	at org.apache.catalina.core.StandardServer.startInternal(StandardServer.java:864)
	at org.apache.catalina.util.LifecycleBase.start(LifecycleBase.java:164)
	at org.apache.catalina.startup.Tomcat.start(Tomcat.java:435)
	at org.springframework.boot.tomcat.TomcatWebServer.initialize(TomcatWebServer.java:131)
	... 16 common frames omitted
Caused by: org.springframework.beans.factory.UnsatisfiedDependencyException: Error creating bean with name 'applicationConfig' defined in file [D:\Projects\Backend\Hospital\target\classes\com\HospitalManagement\config\ApplicationConfig.class]: Unsatisfied dependency expressed through constructor parameter 0: Error creating bean with name 'userRepository' defined in com.HospitalManagement.repository.UserRepository defined in @EnableJpaRepositories declared on DataJpaRepositoriesRegistrar.EnableJpaRepositoriesConfiguration: Cannot resolve reference to bean 'jpaSharedEM_entityManagerFactory' while setting bean property 'entityManager'
	at org.springframework.beans.factory.support.ConstructorResolver.createArgumentArray(ConstructorResolver.java:804)
	at org.springframework.beans.factory.support.ConstructorResolver.autowireConstructor(ConstructorResolver.java:240)
	at org.springframework.beans.factory.support.AbstractAutowireCapableBeanFactory.autowireConstructor(AbstractAutowireCapableBeanFactory.java:1382)
	at org.springframework.beans.factory.support.AbstractAutowireCapableBeanFactory.createBeanInstance(AbstractAutowireCapableBeanFactory.java:1221)
	at org.springframework.beans.factory.support.AbstractAutowireCapableBeanFactory.doCreateBean(AbstractAutowireCapableBeanFactory.java:565)
	at org.springframework.beans.factory.support.AbstractAutowireCapableBeanFactory.createBean(AbstractAutowireCapableBeanFactory.java:525)
	at org.springframework.beans.factory.support.AbstractBeanFactory.lambda$doGetBean$0(AbstractBeanFactory.java:333)
	at org.springframework.beans.factory.support.DefaultSingletonBeanRegistry.getSingleton(DefaultSingletonBeanRegistry.java:371)
	at org.springframework.beans.factory.support.AbstractBeanFactory.doGetBean(AbstractBeanFactory.java:331)
	at org.springframework.beans.factory.support.AbstractBeanFactory.getBean(AbstractBeanFactory.java:196)
	at org.springframework.beans.factory.support.ConstructorResolver.instantiateUsingFactoryMethod(ConstructorResolver.java:413)
	at org.springframework.beans.factory.support.AbstractAutowireCapableBeanFactory.instantiateUsingFactoryMethod(AbstractAutowireCapableBeanFactory.java:1362)
	at org.springframework.beans.factory.support.AbstractAutowireCapableBeanFactory.createBeanInstance(AbstractAutowireCapableBeanFactory.java:1194)
	at org.springframework.beans.factory.support.AbstractAutowireCapableBeanFactory.doCreateBean(AbstractAutowireCapableBeanFactory.java:565)
	at org.springframework.beans.factory.support.AbstractAutowireCapableBeanFactory.createBean(AbstractAutowireCapableBeanFactory.java:525)
	at org.springframework.beans.factory.support.AbstractBeanFactory.lambda$doGetBean$0(AbstractBeanFactory.java:333)
	at org.springframework.beans.factory.support.DefaultSingletonBeanRegistry.getSingleton(DefaultSingletonBeanRegistry.java:371)
	at org.springframework.beans.factory.support.AbstractBeanFactory.doGetBean(AbstractBeanFactory.java:331)
	at org.springframework.beans.factory.support.AbstractBeanFactory.getBean(AbstractBeanFactory.java:201)
	at org.springframework.beans.factory.support.DefaultListableBeanFactory.resolveBean(DefaultListableBeanFactory.java:1225)
	at org.springframework.beans.factory.support.DefaultListableBeanFactory.doResolveDependency(DefaultListableBeanFactory.java:1704)
	at org.springframework.beans.factory.support.DefaultListableBeanFactory.resolveDependency(DefaultListableBeanFactory.java:1651)
	at org.springframework.beans.factory.support.ConstructorResolver.resolveAutowiredArgument(ConstructorResolver.java:912)
	at org.springframework.beans.factory.support.ConstructorResolver.createArgumentArray(ConstructorResolver.java:791)
	... 56 common frames omitted
Caused by: org.springframework.beans.factory.BeanCreationException: Error creating bean with name 'userRepository' defined in com.HospitalManagement.repository.UserRepository defined in @EnableJpaRepositories declared on DataJpaRepositoriesRegistrar.EnableJpaRepositoriesConfiguration: Cannot resolve reference to bean 'jpaSharedEM_entityManagerFactory' while setting bean property 'entityManager'
	at org.springframework.beans.factory.support.BeanDefinitionValueResolver.resolveReference(BeanDefinitionValueResolver.java:377)
	at org.springframework.beans.factory.support.BeanDefinitionValueResolver.resolveValueIfNecessary(BeanDefinitionValueResolver.java:135)
	at org.springframework.beans.factory.support.AbstractAutowireCapableBeanFactory.applyPropertyValues(AbstractAutowireCapableBeanFactory.java:1712)
	at org.springframework.beans.factory.support.AbstractAutowireCapableBeanFactory.populateBean(AbstractAutowireCapableBeanFactory.java:1461)
	at org.springframework.beans.factory.support.AbstractAutowireCapableBeanFactory.doCreateBean(AbstractAutowireCapableBeanFactory.java:602)
	at org.springframework.beans.factory.support.AbstractAutowireCapableBeanFactory.createBean(AbstractAutowireCapableBeanFactory.java:525)
	at org.springframework.beans.factory.support.AbstractBeanFactory.lambda$doGetBean$0(AbstractBeanFactory.java:333)
	at org.springframework.beans.factory.support.DefaultSingletonBeanRegistry.getSingleton(DefaultSingletonBeanRegistry.java:371)
	at org.springframework.beans.factory.support.AbstractBeanFactory.doGetBean(AbstractBeanFactory.java:331)
	at org.springframework.beans.factory.support.AbstractBeanFactory.getBean(AbstractBeanFactory.java:201)
	at org.springframework.beans.factory.config.DependencyDescriptor.resolveCandidate(DependencyDescriptor.java:229)
	at org.springframework.beans.factory.support.DefaultListableBeanFactory.doResolveDependency(DefaultListableBeanFactory.java:1762)
	at org.springframework.beans.factory.support.DefaultListableBeanFactory.resolveDependency(DefaultListableBeanFactory.java:1651)
	at org.springframework.beans.factory.support.ConstructorResolver.resolveAutowiredArgument(ConstructorResolver.java:912)
	at org.springframework.beans.factory.support.ConstructorResolver.createArgumentArray(ConstructorResolver.java:791)
	... 79 common frames omitted
Caused by: org.springframework.beans.factory.BeanCreationException: Error creating bean with name 'jpaSharedEM_entityManagerFactory': Cannot resolve reference to bean 'entityManagerFactory' while setting constructor argument
	at org.springframework.beans.factory.support.BeanDefinitionValueResolver.resolveReference(BeanDefinitionValueResolver.java:377)
	at org.springframework.beans.factory.support.BeanDefinitionValueResolver.resolveValueIfNecessary(BeanDefinitionValueResolver.java:135)
	at org.springframework.beans.factory.support.ConstructorResolver.resolveConstructorArguments(ConstructorResolver.java:691)
	at org.springframework.beans.factory.support.ConstructorResolver.instantiateUsingFactoryMethod(ConstructorResolver.java:513)
	at org.springframework.beans.factory.support.AbstractAutowireCapableBeanFactory.instantiateUsingFactoryMethod(AbstractAutowireCapableBeanFactory.java:1362)
	at org.springframework.beans.factory.support.AbstractAutowireCapableBeanFactory.createBeanInstance(AbstractAutowireCapableBeanFactory.java:1194)
	at org.springframework.beans.factory.support.AbstractAutowireCapableBeanFactory.doCreateBean(AbstractAutowireCapableBeanFactory.java:565)
	at org.springframework.beans.factory.support.AbstractAutowireCapableBeanFactory.createBean(AbstractAutowireCapableBeanFactory.java:525)
	at org.springframework.beans.factory.support.AbstractBeanFactory.lambda$doGetBean$0(AbstractBeanFactory.java:333)
	at org.springframework.beans.factory.support.DefaultSingletonBeanRegistry.getSingleton(DefaultSingletonBeanRegistry.java:371)
	at org.springframework.beans.factory.support.AbstractBeanFactory.doGetBean(AbstractBeanFactory.java:331)
	at org.springframework.beans.factory.support.AbstractBeanFactory.getBean(AbstractBeanFactory.java:201)
	at org.springframework.beans.factory.support.BeanDefinitionValueResolver.resolveReference(BeanDefinitionValueResolver.java:356)
	... 93 common frames omitted
Caused by: org.springframework.beans.factory.BeanCreationException: Error creating bean with name 'entityManagerFactory' defined in class path resource [org/springframework/boot/hibernate/autoconfigure/HibernateJpaConfiguration.class]: Unable to build Hibernate SessionFactory  [persistence unit: default] ; nested exception is org.hibernate.exception.SQLGrammarException: Unable to open JDBC Connection for DDL execution [Unknown database 'hos3'] [n/a]
	at org.springframework.beans.factory.support.AbstractAutowireCapableBeanFactory.initializeBean(AbstractAutowireCapableBeanFactory.java:1817)
	at org.springframework.beans.factory.support.AbstractAutowireCapableBeanFactory.doCreateBean(AbstractAutowireCapableBeanFactory.java:603)
	at org.springframework.beans.factory.support.AbstractAutowireCapableBeanFactory.createBean(AbstractAutowireCapableBeanFactory.java:525)
	at org.springframework.beans.factory.support.AbstractBeanFactory.lambda$doGetBean$0(AbstractBeanFactory.java:333)
	at org.springframework.beans.factory.support.DefaultSingletonBeanRegistry.getSingleton(DefaultSingletonBeanRegistry.java:371)
	at org.springframework.beans.factory.support.AbstractBeanFactory.doGetBean(AbstractBeanFactory.java:331)
	at org.springframework.beans.factory.support.AbstractBeanFactory.getBean(AbstractBeanFactory.java:196)
	at org.springframework.beans.factory.support.BeanDefinitionValueResolver.resolveReference(BeanDefinitionValueResolver.java:365)
	... 105 common frames omitted
Caused by: jakarta.persistence.PersistenceException: Unable to build Hibernate SessionFactory  [persistence unit: default] ; nested exception is org.hibernate.exception.SQLGrammarException: Unable to open JDBC Connection for DDL execution [Unknown database 'hos3'] [n/a]
	at org.springframework.orm.jpa.AbstractEntityManagerFactoryBean.buildNativeEntityManagerFactory(AbstractEntityManagerFactoryBean.java:448)
	at org.springframework.orm.jpa.AbstractEntityManagerFactoryBean.afterPropertiesSet(AbstractEntityManagerFactoryBean.java:411)
	at org.springframework.orm.jpa.LocalContainerEntityManagerFactoryBean.afterPropertiesSet(LocalContainerEntityManagerFactoryBean.java:419)
	at org.springframework.beans.factory.support.AbstractAutowireCapableBeanFactory.invokeInitMethods(AbstractAutowireCapableBeanFactory.java:1864)
	at org.springframework.beans.factory.support.AbstractAutowireCapableBeanFactory.initializeBean(AbstractAutowireCapableBeanFactory.java:1813)
	... 112 common frames omitted
Caused by: org.hibernate.exception.SQLGrammarException: Unable to open JDBC Connection for DDL execution [Unknown database 'hos3'] [n/a]
	at org.hibernate.exception.internal.SQLExceptionTypeDelegate.convert(SQLExceptionTypeDelegate.java:64)
	at org.hibernate.exception.internal.StandardSQLExceptionConverter.convert(StandardSQLExceptionConverter.java:34)
	at org.hibernate.engine.jdbc.spi.SqlExceptionHelper.convert(SqlExceptionHelper.java:115)
	at org.hibernate.engine.jdbc.spi.SqlExceptionHelper.convert(SqlExceptionHelper.java:101)
	at org.hibernate.resource.transaction.backend.jdbc.internal.DdlTransactionIsolatorNonJtaImpl.getIsolatedConnection(DdlTransactionIsolatorNonJtaImpl.java:71)
	at org.hibernate.resource.transaction.backend.jdbc.internal.DdlTransactionIsolatorNonJtaImpl.getIsolatedConnection(DdlTransactionIsolatorNonJtaImpl.java:37)
	at org.hibernate.tool.schema.internal.exec.ImprovedExtractionContextImpl.getJdbcConnection(ImprovedExtractionContextImpl.java:61)
	at org.hibernate.tool.schema.internal.exec.ImprovedExtractionContextImpl.getJdbcDatabaseMetaData(ImprovedExtractionContextImpl.java:68)
	at org.hibernate.tool.schema.extract.internal.InformationExtractorJdbcDatabaseMetaDataImpl.getJdbcDatabaseMetaData(InformationExtractorJdbcDatabaseMetaDataImpl.java:38)
	at org.hibernate.tool.schema.extract.internal.InformationExtractorJdbcDatabaseMetaDataImpl.processTableResultSet(InformationExtractorJdbcDatabaseMetaDataImpl.java:76)
	at org.hibernate.tool.schema.extract.internal.AbstractInformationExtractorImpl.getTables(AbstractInformationExtractorImpl.java:496)
	at org.hibernate.tool.schema.extract.internal.DatabaseInformationImpl.getTablesInformation(DatabaseInformationImpl.java:124)
	at org.hibernate.tool.schema.internal.GroupedSchemaMigratorImpl.performTablesMigration(GroupedSchemaMigratorImpl.java:72)
	at org.hibernate.tool.schema.internal.AbstractSchemaMigrator.performMigration(AbstractSchemaMigrator.java:220)
	at org.hibernate.tool.schema.internal.AbstractSchemaMigrator.doMigration(AbstractSchemaMigrator.java:96)
	at org.hibernate.tool.schema.spi.SchemaManagementToolCoordinator.performDatabaseAction(SchemaManagementToolCoordinator.java:269)
	at org.hibernate.tool.schema.spi.SchemaManagementToolCoordinator.lambda$process$1(SchemaManagementToolCoordinator.java:101)
	at java.base/java.util.HashMap.forEach(HashMap.java:1429)
	at org.hibernate.tool.schema.spi.SchemaManagementToolCoordinator.process(SchemaManagementToolCoordinator.java:100)
	at org.hibernate.boot.internal.SessionFactoryObserverForSchemaExport.sessionFactoryCreated(SessionFactoryObserverForSchemaExport.java:35)
	at org.hibernate.internal.SessionFactoryObserverChain.sessionFactoryCreated(SessionFactoryObserverChain.java:33)
	at org.hibernate.internal.SessionFactoryImpl.<init>(SessionFactoryImpl.java:323)
	at org.hibernate.internal.SessionFactoryRegistry.instantiateSessionFactory(SessionFactoryRegistry.java:64)
	at org.hibernate.boot.internal.SessionFactoryBuilderImpl.build(SessionFactoryBuilderImpl.java:437)
	at org.hibernate.jpa.boot.internal.EntityManagerFactoryBuilderImpl.build(EntityManagerFactoryBuilderImpl.java:1456)
	at org.springframework.orm.jpa.vendor.SpringHibernateJpaPersistenceProvider.createContainerEntityManagerFactory(SpringHibernateJpaPersistenceProvider.java:93)
	at org.springframework.orm.jpa.LocalContainerEntityManagerFactoryBean.createNativeEntityManagerFactory(LocalContainerEntityManagerFactoryBean.java:443)
	at org.springframework.orm.jpa.AbstractEntityManagerFactoryBean.buildNativeEntityManagerFactory(AbstractEntityManagerFactoryBean.java:436)
	... 116 common frames omitted
Caused by: java.sql.SQLSyntaxErrorException: Unknown database 'hos3'
	at com.mysql.cj.jdbc.exceptions.SQLError.createSQLException(SQLError.java:112)
	at com.mysql.cj.jdbc.exceptions.SQLExceptionsMapping.translateException(SQLExceptionsMapping.java:114)
	at com.mysql.cj.jdbc.ConnectionImpl.createNewIO(ConnectionImpl.java:840)
	at com.mysql.cj.jdbc.ConnectionImpl.<init>(ConnectionImpl.java:416)
	at com.mysql.cj.jdbc.ConnectionImpl.getInstance(ConnectionImpl.java:237)
	at com.mysql.cj.jdbc.NonRegisteringDriver.connect(NonRegisteringDriver.java:180)
	at com.zaxxer.hikari.util.DriverDataSource.getConnection(DriverDataSource.java:144)
	at com.zaxxer.hikari.pool.PoolBase.newConnection(PoolBase.java:373)
	at com.zaxxer.hikari.pool.PoolBase.newPoolEntry(PoolBase.java:210)
	at com.zaxxer.hikari.pool.HikariPool.createPoolEntry(HikariPool.java:488)
	at com.zaxxer.hikari.pool.HikariPool.checkFailFast(HikariPool.java:576)
	at com.zaxxer.hikari.pool.HikariPool.<init>(HikariPool.java:97)
	at com.zaxxer.hikari.HikariDataSource.getConnection(HikariDataSource.java:111)
	at org.hibernate.engine.jdbc.connections.internal.DataSourceConnectionProvider.getConnection(DataSourceConnectionProvider.java:137)
	at org.hibernate.engine.jdbc.env.internal.JdbcEnvironmentInitiator$ConnectionProviderJdbcConnectionAccess.obtainConnection(JdbcEnvironmentInitiator.java:508)
	at org.hibernate.resource.transaction.backend.jdbc.internal.DdlTransactionIsolatorNonJtaImpl.getIsolatedConnection(DdlTransactionIsolatorNonJtaImpl.java:44)
	... 139 common frames omitted
2026-06-06 12:54:53.032 [restartedMain] INFO  c.H.HospitalManagementApplication - Starting HospitalManagementApplication using Java 21.0.10 with PID 6624 (D:\Projects\Backend\Hospital\target\classes started by ELCOT in D:\Projects\Backend\Hospital)
2026-06-06 12:54:53.040 [restartedMain] DEBUG c.H.HospitalManagementApplication - Running with Spring Boot v4.0.5, Spring v7.0.6
2026-06-06 12:54:53.043 [restartedMain] INFO  c.H.HospitalManagementApplication - No active profile set, falling back to 1 default profile: "default"
2026-06-06 12:54:56.793 [restartedMain] INFO  o.a.coyote.http11.Http11NioProtocol - Initializing ProtocolHandler ["http-nio-8081"]
2026-06-06 12:54:56.800 [restartedMain] INFO  o.a.catalina.core.StandardService - Starting service [Tomcat]
2026-06-06 12:54:56.800 [restartedMain] INFO  o.a.catalina.core.StandardEngine - Starting Servlet engine: [Apache Tomcat/11.0.20]
2026-06-06 12:54:57.043 [restartedMain] INFO  com.zaxxer.hikari.HikariDataSource - HikariPool-1 - Starting...
2026-06-06 12:54:57.721 [restartedMain] INFO  com.zaxxer.hikari.pool.HikariPool - HikariPool-1 - Added connection com.mysql.cj.jdbc.ConnectionImpl@abf73c3
2026-06-06 12:54:57.725 [restartedMain] INFO  com.zaxxer.hikari.HikariDataSource - HikariPool-1 - Start completed.
2026-06-06 12:54:59.044 [restartedMain] WARN  org.hibernate.orm.deprecation - HHH90000025: MySQLDialect does not need to be specified explicitly using 'hibernate.dialect' (remove the property setting and it will be selected by default)
2026-06-06 12:55:00.743 [restartedMain] DEBUG org.hibernate.SQL - create table appointments (appt_id bigint not null auto_increment, created_at datetime(6), department varchar(255), end_at datetime(6), service_type varchar(255), start_at datetime(6), status enum ('CANCELLED','CHECKED_IN','COMPLETED','NO_SHOW','SCHEDULED') not null, clinician_id bigint not null, created_by bigint not null, patient_id bigint not null, primary key (appt_id)) engine=InnoDB
2026-06-06 12:55:00.805 [restartedMain] DEBUG org.hibernate.SQL - create table dispense_record (dispense_id bigint not null auto_increment, dispensed_at datetime(6), notes varchar(255), quantity integer, status enum ('DISPENSED','PARTIALLY_RETURNED','RETURNED') not null, dispensed_by_fk bigint, inventory_id bigint, patient_id bigint not null, rx_id bigint not null, primary key (dispense_id)) engine=InnoDB
2026-06-06 12:55:00.840 [restartedMain] DEBUG org.hibernate.SQL - create table encounters (encounter_id bigint not null auto_increment, chief_complaint varchar(255), diagnoses_json json, end_at datetime(6), notes_json json, orders_json json, prescriptions_json json, signed_at datetime(6), start_at datetime(6), status enum ('CANCELLED','COMPLETED','IN_PROGRESS') not null, visit_type varchar(255), vitals_json json, clinician_id bigint not null, patient_id bigint not null, signed_by bigint, primary key (encounter_id)) engine=InnoDB
2026-06-06 12:55:00.874 [restartedMain] DEBUG org.hibernate.SQL - create table inventory_item (inventory_id bigint not null auto_increment, batch_number varchar(255), cost_price float(53), expiry_date date, location varchar(255), quantity integer, status enum ('EXPIRED','IN_STOCK','LOW_STOCK','OUT_OF_STOCK') not null, unit varchar(255), med_id bigint not null, primary key (inventory_id)) engine=InnoDB
2026-06-06 12:55:00.908 [restartedMain] DEBUG org.hibernate.SQL - create table invoice (invoice_id bigint not null auto_increment, discounts float(53), due_date datetime(6), issued_at datetime(6), line_items_json json, status tinyint check ((status between 0 and 2)), subtotal float(53), taxes float(53), total_amount float(53), encounter_id bigint, patient_id bigint not null, primary key (invoice_id)) engine=InnoDB
2026-06-06 12:55:00.944 [restartedMain] DEBUG org.hibernate.SQL - create table lab_order (lab_order_id bigint not null auto_increment, collected_at datetime(6), result_uri varchar(255), sample_id varchar(255), status enum ('CANCELLED','COLLECTED','CRITICAL_REPORTED','ORDERED','RESULTS_REPORTED') not null, tests_json json, encounter_id bigint, ordered_by_fk bigint, patient_id bigint not null, primary key (lab_order_id)) engine=InnoDB
2026-06-06 12:55:00.977 [restartedMain] DEBUG org.hibernate.SQL - create table lab_result (result_id bigint not null auto_increment, flag enum ('CRITICAL','HIGH','LOW','NORMAL') not null, reference_range_json json, reported_at datetime(6), test_code varchar(255), units varchar(255), value varchar(255), lab_order_id bigint not null, reported_by bigint, primary key (result_id)) engine=InnoDB
2026-06-06 12:55:01.009 [restartedMain] DEBUG org.hibernate.SQL - create table medication_master (med_id bigint not null auto_increment, atc_code varchar(255), code varchar(255) not null, controlled_flag bit, formulation varchar(255), name varchar(255) not null, status enum ('ACTIVE','INACTIVE') not null, strength varchar(255), primary key (med_id)) engine=InnoDB
2026-06-06 12:55:01.040 [restartedMain] DEBUG org.hibernate.SQL - create table patients (patient_id bigint not null auto_increment, address_json json not null, contact_info_json json not null, created_at datetime(6) not null, dob date not null, gender varchar(30) not null, insurance_id varchar(100), mrn varchar(50) not null, name varchar(150) not null, primary_contact varchar(150) not null, status varchar(30) not null, updated_at datetime(6) not null, version bigint not null, primary key (patient_id)) engine=InnoDB
2026-06-06 12:55:01.074 [restartedMain] DEBUG org.hibernate.SQL - create table payment (payment_id bigint not null auto_increment, amount float(53), method varchar(255), paid_at datetime(6), status varchar(255), invoice_id bigint not null, patient_id bigint not null, primary key (payment_id)) engine=InnoDB
2026-06-06 12:55:01.109 [restartedMain] DEBUG org.hibernate.SQL - create table prescriptions (rx_id bigint not null auto_increment, dosage varchar(255), duration_days integer, frequency varchar(255), issued_at datetime(6), notes varchar(255), quantity integer, repeats integer, route varchar(255), status enum ('CANCELLED','DISPENSED','DRAFT','ISSUED') not null, clinician_id bigint not null, encounter_id bigint not null, med_id bigint not null, patient_id bigint not null, primary key (rx_id)) engine=InnoDB
2026-06-06 12:55:01.140 [restartedMain] DEBUG org.hibernate.SQL - create table problem_list (problem_id bigint not null auto_increment, code varchar(255), created_at datetime(6), description varchar(255), onset_date date, status varchar(255), patient_id bigint not null, primary key (problem_id)) engine=InnoDB
2026-06-06 12:55:01.215 [restartedMain] DEBUG org.hibernate.SQL - create table report (report_id bigint not null auto_increment, generated_at datetime(6), metrics_json json, parameters_json json, report_uri varchar(255), scope varchar(255), generated_by_fk bigint, primary key (report_id)) engine=InnoDB
2026-06-06 12:55:01.240 [restartedMain] DEBUG org.hibernate.SQL - create table task (task_id bigint not null auto_increment, completed_at datetime(6), created_at datetime(6), description varchar(255), due_date datetime(6), priority varchar(255), related_entity_id varchar(255), status varchar(255), assigned_to_fk bigint not null, primary key (task_id)) engine=InnoDB
2026-06-06 12:55:01.288 [restartedMain] DEBUG org.hibernate.SQL - create table users (user_id bigint not null auto_increment, created_at datetime(6), email varchar(255) not null, name varchar(255), password varchar(255) not null, phone varchar(255) not null, role enum ('ADMIN','CLINICIAN','CLINIC_MANAGER','COMPLIANCE_OFFICER','FINANCE_OFFICER','LAB_TECHNICIAN','PATIENT','PHARMACIST','RECEPTION'), status varchar(255), updated_at datetime(6), primary key (user_id)) engine=InnoDB
2026-06-06 12:55:01.322 [restartedMain] DEBUG org.hibernate.SQL - alter table medication_master drop index UKsuf598rqm3xd0n3prdvrfcsg1
2026-06-06 12:55:01.790 [restartedMain] DEBUG org.hibernate.SQL - alter table medication_master add constraint UKsuf598rqm3xd0n3prdvrfcsg1 unique (code)
2026-06-06 12:55:01.845 [restartedMain] DEBUG org.hibernate.SQL - create index idx_patients_mrn on patients (mrn)
2026-06-06 12:55:01.874 [restartedMain] DEBUG org.hibernate.SQL - create index idx_patients_name_dob on patients (name, dob)
2026-06-06 12:55:01.891 [restartedMain] DEBUG org.hibernate.SQL - create index idx_patients_primary_contact on patients (primary_contact)
2026-06-06 12:55:01.919 [restartedMain] DEBUG org.hibernate.SQL - create index idx_patients_status on patients (status)
2026-06-06 12:55:01.941 [restartedMain] DEBUG org.hibernate.SQL - alter table patients drop index UKa8hrptt011ep19dudrbxvqe6m
2026-06-06 12:55:01.941 [restartedMain] DEBUG org.hibernate.SQL - alter table patients add constraint UKa8hrptt011ep19dudrbxvqe6m unique (mrn)
2026-06-06 12:55:01.974 [restartedMain] DEBUG org.hibernate.SQL - alter table users drop index UK6dotkott2kjsp8vw4d0m25fb7
2026-06-06 12:55:01.974 [restartedMain] DEBUG org.hibernate.SQL - alter table users add constraint UK6dotkott2kjsp8vw4d0m25fb7 unique (email)
2026-06-06 12:55:01.996 [restartedMain] DEBUG org.hibernate.SQL - alter table users drop index UKdu5v5sr43g5bfnji4vb8hg5s3
2026-06-06 12:55:02.006 [restartedMain] DEBUG org.hibernate.SQL - alter table users add constraint UKdu5v5sr43g5bfnji4vb8hg5s3 unique (phone)
2026-06-06 12:55:02.029 [restartedMain] DEBUG org.hibernate.SQL - alter table appointments add constraint FKjnqpxuwtxh0ls8h45wfiglnux foreign key (clinician_id) references users (user_id)
2026-06-06 12:55:02.130 [restartedMain] DEBUG org.hibernate.SQL - alter table appointments add constraint FKawwine5golv8dq2ltn2ih1kpj foreign key (created_by) references users (user_id)
2026-06-06 12:55:02.236 [restartedMain] DEBUG org.hibernate.SQL - alter table appointments add constraint FK8exap5wmg8kmb1g1rx3by21yt foreign key (patient_id) references patients (patient_id)
2026-06-06 12:55:02.346 [restartedMain] DEBUG org.hibernate.SQL - alter table dispense_record add constraint FK7p4odapofm7qg3pvh7kpqtrfp foreign key (dispensed_by_fk) references users (user_id)
2026-06-06 12:55:02.494 [restartedMain] DEBUG org.hibernate.SQL - alter table dispense_record add constraint FKph6pklx4j0ad96y6capk52or7 foreign key (inventory_id) references inventory_item (inventory_id)
2026-06-06 12:55:02.624 [restartedMain] DEBUG org.hibernate.SQL - alter table dispense_record add constraint FKe9m31k23bwty3maps9ud556mb foreign key (patient_id) references patients (patient_id)
2026-06-06 12:55:02.751 [restartedMain] DEBUG org.hibernate.SQL - alter table dispense_record add constraint FKrjhk7jolbq82k9nld20h0o8a foreign key (rx_id) references prescriptions (rx_id)
2026-06-06 12:55:02.874 [restartedMain] DEBUG org.hibernate.SQL - alter table encounters add constraint FKfgqg2o665aopx7ixjlnmvu06g foreign key (clinician_id) references users (user_id)
2026-06-06 12:55:03.002 [restartedMain] DEBUG org.hibernate.SQL - alter table encounters add constraint FKayk66ui4qce1mg069e4qfykg7 foreign key (patient_id) references patients (patient_id)
2026-06-06 12:55:03.100 [restartedMain] DEBUG org.hibernate.SQL - alter table encounters add constraint FKmr8fbme9tw1ebhmw3p0kpd6gd foreign key (signed_by) references users (user_id)
2026-06-06 12:55:03.214 [restartedMain] DEBUG org.hibernate.SQL - alter table inventory_item add constraint FKeg1vca2j5en64653j8kx9tfvp foreign key (med_id) references medication_master (med_id)
2026-06-06 12:55:03.314 [restartedMain] DEBUG org.hibernate.SQL - alter table invoice add constraint FKie1emixtypfndprsfo4ylr8v4 foreign key (encounter_id) references encounters (encounter_id)
2026-06-06 12:55:03.409 [restartedMain] DEBUG org.hibernate.SQL - alter table invoice add constraint FKlabke9o3jkxks913ts0nm10w6 foreign key (patient_id) references patients (patient_id)
2026-06-06 12:55:03.536 [restartedMain] DEBUG org.hibernate.SQL - alter table lab_order add constraint FKe5khql0jpr8bsto52rnldptx0 foreign key (encounter_id) references encounters (encounter_id)
2026-06-06 12:55:03.630 [restartedMain] DEBUG org.hibernate.SQL - alter table lab_order add constraint FKrbuvlmpgc6ytg355fp38wij1x foreign key (ordered_by_fk) references users (user_id)
2026-06-06 12:55:03.728 [restartedMain] DEBUG org.hibernate.SQL - alter table lab_order add constraint FKgpy6nb3klp6y1hi8v8tg9o10n foreign key (patient_id) references patients (patient_id)
2026-06-06 12:55:03.853 [restartedMain] DEBUG org.hibernate.SQL - alter table lab_result add constraint FK2h3vxksasx9uyvy4hl8o71o8 foreign key (lab_order_id) references lab_order (lab_order_id)
2026-06-06 12:55:03.953 [restartedMain] DEBUG org.hibernate.SQL - alter table lab_result add constraint FKgesu7bmc1m8u0fi8yaj30fw83 foreign key (reported_by) references users (user_id)
2026-06-06 12:55:04.053 [restartedMain] DEBUG org.hibernate.SQL - alter table payment add constraint FKsb24p8f52refbb80qwp4gem9n foreign key (invoice_id) references invoice (invoice_id)
2026-06-06 12:55:04.164 [restartedMain] DEBUG org.hibernate.SQL - alter table payment add constraint FK62whe2g62h9b6irlr8mde8oor foreign key (patient_id) references patients (patient_id)
2026-06-06 12:55:04.288 [restartedMain] DEBUG org.hibernate.SQL - alter table prescriptions add constraint FKixpdq2xcswfd0gxgrsi6brqsk foreign key (clinician_id) references users (user_id)
2026-06-06 12:55:04.402 [restartedMain] DEBUG org.hibernate.SQL - alter table prescriptions add constraint FK5brauc91c7omvqhemvtly1sop foreign key (encounter_id) references encounters (encounter_id)
2026-06-06 12:55:04.504 [restartedMain] DEBUG org.hibernate.SQL - alter table prescriptions add constraint FK918f5sqdmc57vimf4qut87q7x foreign key (med_id) references medication_master (med_id)
2026-06-06 12:55:04.610 [restartedMain] DEBUG org.hibernate.SQL - alter table prescriptions add constraint FKqydyol76jn1o37k1bdbkjgq74 foreign key (patient_id) references patients (patient_id)
2026-06-06 12:55:04.736 [restartedMain] DEBUG org.hibernate.SQL - alter table problem_list add constraint FKllynl1yuxmnk0vrqb7cc4i0rw foreign key (patient_id) references patients (patient_id)
2026-06-06 12:55:04.837 [restartedMain] DEBUG org.hibernate.SQL - alter table report add constraint FK7vntqh4btqpihalxiyr8q0349 foreign key (generated_by_fk) references users (user_id)
2026-06-06 12:55:04.934 [restartedMain] DEBUG org.hibernate.SQL - alter table task add constraint FK7biw9t4o0rug3ssud8cchh3u0 foreign key (assigned_to_fk) references users (user_id)
2026-06-06 12:55:05.505 [restartedMain] DEBUG c.H.config.AuthenticationFilter - Filter 'authenticationFilter' configured for use
2026-06-06 12:55:05.768 [restartedMain] INFO  o.s.s.c.a.a.c.InitializeAuthenticationProviderBeanManagerConfigurer$InitializeAuthenticationProviderManagerConfigurer - Global AuthenticationManager configured with AuthenticationProvider bean with name authenticationProvider
2026-06-06 12:55:05.768 [restartedMain] WARN  o.s.s.c.a.a.c.InitializeUserDetailsBeanManagerConfigurer$InitializeUserDetailsManagerConfigurer - Global AuthenticationManager configured with an AuthenticationProvider bean. UserDetailsService beans will not be used by Spring Security for automatically configuring username/password login. Consider removing the AuthenticationProvider bean. Alternatively, consider using the UserDetailsService in a manually instantiated DaoAuthenticationProvider. If the current configuration is intentional, to turn off this warning, increase the logging level of 'org.springframework.security.config.annotation.authentication.configuration.InitializeUserDetailsBeanManagerConfigurer' to ERROR
2026-06-06 12:55:06.373 [restartedMain] WARN  o.s.b.j.a.JpaBaseConfiguration$JpaWebConfiguration - spring.jpa.open-in-view is enabled by default. Therefore, database queries may be performed during view rendering. Explicitly configure spring.jpa.open-in-view to disable this warning
2026-06-06 12:55:07.106 [restartedMain] WARN  o.s.w.s.m.m.a.RequestMappingHandlerMapping - Multiple @RequestMapping annotations found on public com.HospitalManagement.responsedto.LabOrderResponseDto com.HospitalManagement.controller.LabController.cancelOrder(java.lang.Long), but only the first will be used: [@org.springframework.web.bind.annotation.DeleteMapping(consumes={}, headers={}, name="", params={}, path={"/orders/{labOrderId}"}, produces={}, value={"/orders/{labOrderId}"}, version=""), @org.springframework.web.bind.annotation.PatchMapping(consumes={}, headers={}, name="", params={}, path={"/lab-orders/{labOrderId}/cancel"}, produces={}, value={"/lab-orders/{labOrderId}/cancel"}, version="")]
2026-06-06 12:55:07.886 [restartedMain] INFO  o.a.coyote.http11.Http11NioProtocol - Starting ProtocolHandler ["http-nio-8081"]
2026-06-06 12:55:07.962 [restartedMain] INFO  c.H.HospitalManagementApplication - Started HospitalManagementApplication in 15.708 seconds (process running for 16.83)
2026-06-06 12:55:07.970 [restartedMain] WARN  o.s.c.events.SpringDocAppInitializer - SpringDoc /v3/api-docs endpoint is enabled by default. To disable it in production, set the property 'springdoc.api-docs.enabled=false'
2026-06-06 12:55:07.970 [restartedMain] WARN  o.s.c.events.SpringDocAppInitializer - SpringDoc /swagger-ui.html endpoint is enabled by default. To disable it in production, set the property 'springdoc.swagger-ui.enabled=false'
2026-06-06 12:55:43.482 [http-nio-8081-exec-1] INFO  o.a.c.c.C.[Tomcat].[localhost].[/] - Initializing Spring DispatcherServlet 'dispatcherServlet'
2026-06-06 12:55:43.482 [http-nio-8081-exec-1] INFO  o.s.web.servlet.DispatcherServlet - Initializing Servlet 'dispatcherServlet'
2026-06-06 12:55:43.488 [http-nio-8081-exec-1] INFO  o.s.web.servlet.DispatcherServlet - Completed initialization in 0 ms
2026-06-06 12:55:46.043 [http-nio-8081-exec-9] INFO  o.s.api.AbstractOpenApiResource - Init duration for springdoc-openapi is: 1780 ms
2026-06-06 12:59:55.106 [http-nio-8081-exec-4] INFO  c.H.service.AuthService - Attempting authentication for user with email: admin@gmail.com
2026-06-06 12:59:55.935 [http-nio-8081-exec-4] DEBUG org.hibernate.SQL - select u1_0.user_id,u1_0.created_at,u1_0.email,u1_0.name,u1_0.password,u1_0.phone,u1_0.role,u1_0.status,u1_0.updated_at from users u1_0 where u1_0.email=?
2026-06-06 12:59:56.081 [http-nio-8081-exec-4] WARN  c.H.service.AuthService - Authentication failed: Invalid credentials for email: admin@gmail.com
2026-06-06 12:59:56.098 [http-nio-8081-exec-4] WARN  o.s.w.s.m.m.a.ExceptionHandlerExceptionResolver - Resolved [org.springframework.web.server.ResponseStatusException: 401 UNAUTHORIZED "Invalid email or password"]
2026-06-06 13:00:11.463 [http-nio-8081-exec-8] INFO  c.H.service.AuthService - Attempting authentication for user with email: admin@clinic.com
2026-06-06 13:00:11.467 [http-nio-8081-exec-8] DEBUG org.hibernate.SQL - select u1_0.user_id,u1_0.created_at,u1_0.email,u1_0.name,u1_0.password,u1_0.phone,u1_0.role,u1_0.status,u1_0.updated_at from users u1_0 where u1_0.email=?
2026-06-06 13:00:11.588 [http-nio-8081-exec-8] WARN  c.H.service.AuthService - Authentication failed: Invalid credentials for email: admin@clinic.com
2026-06-06 13:00:11.606 [http-nio-8081-exec-8] WARN  o.s.w.s.m.m.a.ExceptionHandlerExceptionResolver - Resolved [org.springframework.web.server.ResponseStatusException: 401 UNAUTHORIZED "Invalid email or password"]
2026-06-06 13:00:33.895 [http-nio-8081-exec-6] INFO  c.H.service.AuthService - Attempting authentication for user with email: admin@clinic.com
2026-06-06 13:00:33.902 [http-nio-8081-exec-6] DEBUG org.hibernate.SQL - select u1_0.user_id,u1_0.created_at,u1_0.email,u1_0.name,u1_0.password,u1_0.phone,u1_0.role,u1_0.status,u1_0.updated_at from users u1_0 where u1_0.email=?
2026-06-06 13:00:33.973 [http-nio-8081-exec-6] WARN  c.H.service.AuthService - Authentication failed: Invalid credentials for email: admin@clinic.com
2026-06-06 13:00:33.973 [http-nio-8081-exec-6] WARN  o.s.w.s.m.m.a.ExceptionHandlerExceptionResolver - Resolved [org.springframework.web.server.ResponseStatusException: 401 UNAUTHORIZED "Invalid email or password"]
2026-06-06 13:01:38.479 [http-nio-8081-exec-9] INFO  c.H.service.AuthService - Attempting authentication for user with email: admin@clinic.com
2026-06-06 13:01:38.484 [http-nio-8081-exec-9] DEBUG org.hibernate.SQL - select u1_0.user_id,u1_0.created_at,u1_0.email,u1_0.name,u1_0.password,u1_0.phone,u1_0.role,u1_0.status,u1_0.updated_at from users u1_0 where u1_0.email=?
2026-06-06 13:01:38.609 [http-nio-8081-exec-9] WARN  c.H.service.AuthService - Authentication failed: Invalid credentials for email: admin@clinic.com
2026-06-06 13:01:38.613 [http-nio-8081-exec-9] WARN  o.s.w.s.m.m.a.ExceptionHandlerExceptionResolver - Resolved [org.springframework.web.server.ResponseStatusException: 401 UNAUTHORIZED "Invalid email or password"]
2026-06-06 13:01:55.519 [restartedMain] INFO  c.H.HospitalManagementApplication - Starting HospitalManagementApplication using Java 21.0.10 with PID 8792 (D:\Projects\Backend\Hospital\target\classes started by ELCOT in D:\Projects\Backend\Hospital)
2026-06-06 13:01:55.524 [restartedMain] DEBUG c.H.HospitalManagementApplication - Running with Spring Boot v4.0.5, Spring v7.0.6
2026-06-06 13:01:55.524 [restartedMain] INFO  c.H.HospitalManagementApplication - No active profile set, falling back to 1 default profile: "default"
2026-06-06 13:01:59.550 [restartedMain] INFO  o.a.coyote.http11.Http11NioProtocol - Initializing ProtocolHandler ["http-nio-8081"]
2026-06-06 13:01:59.552 [restartedMain] INFO  o.a.catalina.core.StandardService - Starting service [Tomcat]
2026-06-06 13:01:59.558 [restartedMain] INFO  o.a.catalina.core.StandardEngine - Starting Servlet engine: [Apache Tomcat/11.0.20]
2026-06-06 13:01:59.810 [restartedMain] INFO  com.zaxxer.hikari.HikariDataSource - HikariPool-1 - Starting...
2026-06-06 13:02:00.612 [restartedMain] INFO  com.zaxxer.hikari.pool.HikariPool - HikariPool-1 - Added connection com.mysql.cj.jdbc.ConnectionImpl@54ffd589
2026-06-06 13:02:00.615 [restartedMain] INFO  com.zaxxer.hikari.HikariDataSource - HikariPool-1 - Start completed.
2026-06-06 13:02:01.792 [restartedMain] WARN  org.hibernate.orm.deprecation - HHH90000025: MySQLDialect does not need to be specified explicitly using 'hibernate.dialect' (remove the property setting and it will be selected by default)
2026-06-06 13:02:04.574 [restartedMain] DEBUG c.H.config.AuthenticationFilter - Filter 'authenticationFilter' configured for use
2026-06-06 13:02:04.908 [restartedMain] INFO  o.s.s.c.a.a.c.InitializeAuthenticationProviderBeanManagerConfigurer$InitializeAuthenticationProviderManagerConfigurer - Global AuthenticationManager configured with AuthenticationProvider bean with name authenticationProvider
2026-06-06 13:02:04.908 [restartedMain] WARN  o.s.s.c.a.a.c.InitializeUserDetailsBeanManagerConfigurer$InitializeUserDetailsManagerConfigurer - Global AuthenticationManager configured with an AuthenticationProvider bean. UserDetailsService beans will not be used by Spring Security for automatically configuring username/password login. Consider removing the AuthenticationProvider bean. Alternatively, consider using the UserDetailsService in a manually instantiated DaoAuthenticationProvider. If the current configuration is intentional, to turn off this warning, increase the logging level of 'org.springframework.security.config.annotation.authentication.configuration.InitializeUserDetailsBeanManagerConfigurer' to ERROR
2026-06-06 13:02:05.615 [restartedMain] WARN  o.s.b.j.a.JpaBaseConfiguration$JpaWebConfiguration - spring.jpa.open-in-view is enabled by default. Therefore, database queries may be performed during view rendering. Explicitly configure spring.jpa.open-in-view to disable this warning
2026-06-06 13:02:06.235 [restartedMain] WARN  o.s.w.s.m.m.a.RequestMappingHandlerMapping - Multiple @RequestMapping annotations found on public com.HospitalManagement.responsedto.LabOrderResponseDto com.HospitalManagement.controller.LabController.cancelOrder(java.lang.Long), but only the first will be used: [@org.springframework.web.bind.annotation.DeleteMapping(consumes={}, headers={}, name="", params={}, path={"/orders/{labOrderId}"}, produces={}, value={"/orders/{labOrderId}"}, version=""), @org.springframework.web.bind.annotation.PatchMapping(consumes={}, headers={}, name="", params={}, path={"/lab-orders/{labOrderId}/cancel"}, produces={}, value={"/lab-orders/{labOrderId}/cancel"}, version="")]
2026-06-06 13:02:07.074 [restartedMain] INFO  o.a.coyote.http11.Http11NioProtocol - Starting ProtocolHandler ["http-nio-8081"]
2026-06-06 13:02:07.136 [restartedMain] INFO  c.H.HospitalManagementApplication - Started HospitalManagementApplication in 12.273 seconds (process running for 13.946)
2026-06-06 13:02:07.139 [restartedMain] WARN  o.s.c.events.SpringDocAppInitializer - SpringDoc /v3/api-docs endpoint is enabled by default. To disable it in production, set the property 'springdoc.api-docs.enabled=false'
2026-06-06 13:02:07.139 [restartedMain] WARN  o.s.c.events.SpringDocAppInitializer - SpringDoc /swagger-ui.html endpoint is enabled by default. To disable it in production, set the property 'springdoc.swagger-ui.enabled=false'
2026-06-06 13:02:12.310 [http-nio-8081-exec-4] INFO  o.a.c.c.C.[Tomcat].[localhost].[/] - Initializing Spring DispatcherServlet 'dispatcherServlet'
2026-06-06 13:02:12.310 [http-nio-8081-exec-4] INFO  o.s.web.servlet.DispatcherServlet - Initializing Servlet 'dispatcherServlet'
2026-06-06 13:02:12.314 [http-nio-8081-exec-4] INFO  o.s.web.servlet.DispatcherServlet - Completed initialization in 2 ms
2026-06-06 13:02:15.092 [http-nio-8081-exec-9] INFO  o.s.api.AbstractOpenApiResource - Init duration for springdoc-openapi is: 1839 ms
2026-06-06 13:02:23.290 [http-nio-8081-exec-10] INFO  c.H.service.AuthService - Attempting authentication for user with email: admin@clinic.com
2026-06-06 13:02:24.230 [http-nio-8081-exec-10] DEBUG org.hibernate.SQL - select u1_0.user_id,u1_0.created_at,u1_0.email,u1_0.name,u1_0.password,u1_0.phone,u1_0.role,u1_0.status,u1_0.updated_at from users u1_0 where u1_0.email=?
2026-06-06 13:02:24.334 [http-nio-8081-exec-10] WARN  c.H.service.AuthService - Authentication failed: Invalid credentials for email: admin@clinic.com
2026-06-06 13:02:24.342 [http-nio-8081-exec-10] WARN  o.s.w.s.m.m.a.ExceptionHandlerExceptionResolver - Resolved [org.springframework.web.server.ResponseStatusException: 401 UNAUTHORIZED "Invalid email or password"]
2026-06-06 13:04:28.951 [http-nio-8081-exec-3] INFO  c.H.service.AuthService - Attempting authentication for user with email: admin@clinic.com
2026-06-06 13:04:28.957 [http-nio-8081-exec-3] DEBUG org.hibernate.SQL - select u1_0.user_id,u1_0.created_at,u1_0.email,u1_0.name,u1_0.password,u1_0.phone,u1_0.role,u1_0.status,u1_0.updated_at from users u1_0 where u1_0.email=?
2026-06-06 13:04:29.047 [http-nio-8081-exec-3] WARN  c.H.service.AuthService - Authentication failed: Invalid credentials for email: admin@clinic.com
2026-06-06 13:04:29.063 [http-nio-8081-exec-3] WARN  o.s.w.s.m.m.a.ExceptionHandlerExceptionResolver - Resolved [org.springframework.web.server.ResponseStatusException: 401 UNAUTHORIZED "Invalid email or password"]
2026-06-06 14:24:52.816 [http-nio-8081-exec-9] INFO  c.H.service.AuthService - Attempting authentication for user with email: admin@clinicflow.com
2026-06-06 14:24:52.831 [http-nio-8081-exec-9] DEBUG org.hibernate.SQL - select u1_0.user_id,u1_0.created_at,u1_0.email,u1_0.name,u1_0.password,u1_0.phone,u1_0.role,u1_0.status,u1_0.updated_at from users u1_0 where u1_0.email=?
2026-06-06 14:24:52.960 [http-nio-8081-exec-9] WARN  c.H.service.AuthService - Authentication failed: Invalid credentials for email: admin@clinicflow.com
2026-06-06 14:24:52.970 [http-nio-8081-exec-9] WARN  o.s.w.s.m.m.a.ExceptionHandlerExceptionResolver - Resolved [org.springframework.web.server.ResponseStatusException: 401 UNAUTHORIZED "Invalid email or password"]
2026-06-06 14:25:33.219 [http-nio-8081-exec-10] INFO  c.H.service.AuthService - Attempting authentication for user with email: admin@clinicflow.com
2026-06-06 14:25:33.221 [http-nio-8081-exec-10] DEBUG org.hibernate.SQL - select u1_0.user_id,u1_0.created_at,u1_0.email,u1_0.name,u1_0.password,u1_0.phone,u1_0.role,u1_0.status,u1_0.updated_at from users u1_0 where u1_0.email=?
2026-06-06 14:25:33.283 [http-nio-8081-exec-10] WARN  c.H.service.AuthService - Authentication failed: Invalid credentials for email: admin@clinicflow.com
2026-06-06 14:25:33.283 [http-nio-8081-exec-10] WARN  o.s.w.s.m.m.a.ExceptionHandlerExceptionResolver - Resolved [org.springframework.web.server.ResponseStatusException: 401 UNAUTHORIZED "Invalid email or password"]
2026-06-06 14:27:30.564 [tomcat-shutdown] INFO  o.a.coyote.http11.Http11NioProtocol - Pausing ProtocolHandler ["http-nio-8081"]
2026-06-06 14:27:30.592 [Thread-1] INFO  o.a.coyote.http11.Http11NioProtocol - Stopping ProtocolHandler ["http-nio-8081"]
2026-06-06 14:27:30.718 [Thread-1] INFO  com.zaxxer.hikari.HikariDataSource - HikariPool-1 - Shutdown initiated...
2026-06-06 14:27:30.788 [Thread-1] INFO  com.zaxxer.hikari.HikariDataSource - HikariPool-1 - Shutdown completed.
2026-06-06 14:27:31.974 [restartedMain] INFO  c.H.HospitalManagementApplication - Starting HospitalManagementApplication using Java 21.0.10 with PID 8792 (D:\Projects\Backend\Hospital\target\classes started by ELCOT in D:\Projects\Backend\Hospital)
2026-06-06 14:27:31.992 [restartedMain] DEBUG c.H.HospitalManagementApplication - Running with Spring Boot v4.0.5, Spring v7.0.6
2026-06-06 14:27:32.012 [restartedMain] INFO  c.H.HospitalManagementApplication - No active profile set, falling back to 1 default profile: "default"
2026-06-06 14:27:33.681 [restartedMain] INFO  o.a.coyote.http11.Http11NioProtocol - Initializing ProtocolHandler ["http-nio-8081"]
2026-06-06 14:27:33.682 [restartedMain] INFO  o.a.catalina.core.StandardService - Starting service [Tomcat]
2026-06-06 14:27:33.683 [restartedMain] INFO  o.a.catalina.core.StandardEngine - Starting Servlet engine: [Apache Tomcat/11.0.20]
2026-06-06 14:27:33.925 [restartedMain] INFO  com.zaxxer.hikari.HikariDataSource - HikariPool-2 - Starting...
2026-06-06 14:27:33.955 [restartedMain] INFO  com.zaxxer.hikari.pool.HikariPool - HikariPool-2 - Added connection com.mysql.cj.jdbc.ConnectionImpl@1c03a4f
2026-06-06 14:27:33.956 [restartedMain] INFO  com.zaxxer.hikari.HikariDataSource - HikariPool-2 - Start completed.
2026-06-06 14:27:34.126 [restartedMain] WARN  org.hibernate.orm.deprecation - HHH90000025: MySQLDialect does not need to be specified explicitly using 'hibernate.dialect' (remove the property setting and it will be selected by default)
2026-06-06 14:27:35.177 [restartedMain] DEBUG c.H.config.AuthenticationFilter - Filter 'authenticationFilter' configured for use
2026-06-06 14:27:35.400 [restartedMain] INFO  o.s.s.c.a.a.c.InitializeAuthenticationProviderBeanManagerConfigurer$InitializeAuthenticationProviderManagerConfigurer - Global AuthenticationManager configured with AuthenticationProvider bean with name authenticationProvider
2026-06-06 14:27:35.405 [restartedMain] WARN  o.s.s.c.a.a.c.InitializeUserDetailsBeanManagerConfigurer$InitializeUserDetailsManagerConfigurer - Global AuthenticationManager configured with an AuthenticationProvider bean. UserDetailsService beans will not be used by Spring Security for automatically configuring username/password login. Consider removing the AuthenticationProvider bean. Alternatively, consider using the UserDetailsService in a manually instantiated DaoAuthenticationProvider. If the current configuration is intentional, to turn off this warning, increase the logging level of 'org.springframework.security.config.annotation.authentication.configuration.InitializeUserDetailsBeanManagerConfigurer' to ERROR
2026-06-06 14:27:36.081 [restartedMain] WARN  o.s.b.j.a.JpaBaseConfiguration$JpaWebConfiguration - spring.jpa.open-in-view is enabled by default. Therefore, database queries may be performed during view rendering. Explicitly configure spring.jpa.open-in-view to disable this warning
2026-06-06 14:27:36.517 [restartedMain] WARN  o.s.w.s.m.m.a.RequestMappingHandlerMapping - Multiple @RequestMapping annotations found on public com.HospitalManagement.responsedto.LabOrderResponseDto com.HospitalManagement.controller.LabController.cancelOrder(java.lang.Long), but only the first will be used: [@org.springframework.web.bind.annotation.DeleteMapping(consumes={}, headers={}, name="", params={}, path={"/orders/{labOrderId}"}, produces={}, value={"/orders/{labOrderId}"}, version=""), @org.springframework.web.bind.annotation.PatchMapping(consumes={}, headers={}, name="", params={}, path={"/lab-orders/{labOrderId}/cancel"}, produces={}, value={"/lab-orders/{labOrderId}/cancel"}, version="")]
2026-06-06 14:27:36.897 [restartedMain] INFO  o.a.coyote.http11.Http11NioProtocol - Starting ProtocolHandler ["http-nio-8081"]
2026-06-06 14:27:36.922 [restartedMain] INFO  c.H.HospitalManagementApplication - Started HospitalManagementApplication in 5.621 seconds (process running for 5143.731)
2026-06-06 14:27:36.926 [restartedMain] WARN  o.s.c.events.SpringDocAppInitializer - SpringDoc /v3/api-docs endpoint is enabled by default. To disable it in production, set the property 'springdoc.api-docs.enabled=false'
2026-06-06 14:27:36.926 [restartedMain] WARN  o.s.c.events.SpringDocAppInitializer - SpringDoc /swagger-ui.html endpoint is enabled by default. To disable it in production, set the property 'springdoc.swagger-ui.enabled=false'
2026-06-06 14:27:44.450 [tomcat-shutdown] INFO  o.a.coyote.http11.Http11NioProtocol - Pausing ProtocolHandler ["http-nio-8081"]
2026-06-06 14:27:44.450 [Thread-5] INFO  o.a.coyote.http11.Http11NioProtocol - Stopping ProtocolHandler ["http-nio-8081"]
2026-06-06 14:27:44.463 [Thread-5] INFO  com.zaxxer.hikari.HikariDataSource - HikariPool-2 - Shutdown initiated...
2026-06-06 14:27:44.474 [Thread-5] INFO  com.zaxxer.hikari.HikariDataSource - HikariPool-2 - Shutdown completed.
2026-06-06 14:27:44.655 [restartedMain] INFO  c.H.HospitalManagementApplication - Starting HospitalManagementApplication using Java 21.0.10 with PID 8792 (D:\Projects\Backend\Hospital\target\classes started by ELCOT in D:\Projects\Backend\Hospital)
2026-06-06 14:27:44.655 [restartedMain] DEBUG c.H.HospitalManagementApplication - Running with Spring Boot v4.0.5, Spring v7.0.6
2026-06-06 14:27:44.655 [restartedMain] INFO  c.H.HospitalManagementApplication - No active profile set, falling back to 1 default profile: "default"
2026-06-06 14:27:45.782 [restartedMain] INFO  o.a.coyote.http11.Http11NioProtocol - Initializing ProtocolHandler ["http-nio-8081"]
2026-06-06 14:27:45.783 [restartedMain] INFO  o.a.catalina.core.StandardService - Starting service [Tomcat]
2026-06-06 14:27:45.784 [restartedMain] INFO  o.a.catalina.core.StandardEngine - Starting Servlet engine: [Apache Tomcat/11.0.20]
2026-06-06 14:27:45.870 [restartedMain] INFO  com.zaxxer.hikari.HikariDataSource - HikariPool-3 - Starting...
2026-06-06 14:27:45.891 [restartedMain] INFO  com.zaxxer.hikari.pool.HikariPool - HikariPool-3 - Added connection com.mysql.cj.jdbc.ConnectionImpl@84a90c4
2026-06-06 14:27:45.891 [restartedMain] INFO  com.zaxxer.hikari.HikariDataSource - HikariPool-3 - Start completed.
2026-06-06 14:27:45.955 [restartedMain] WARN  org.hibernate.orm.deprecation - HHH90000025: MySQLDialect does not need to be specified explicitly using 'hibernate.dialect' (remove the property setting and it will be selected by default)
2026-06-06 14:27:46.627 [restartedMain] DEBUG c.H.config.AuthenticationFilter - Filter 'authenticationFilter' configured for use
2026-06-06 14:27:46.867 [restartedMain] INFO  o.s.s.c.a.a.c.InitializeAuthenticationProviderBeanManagerConfigurer$InitializeAuthenticationProviderManagerConfigurer - Global AuthenticationManager configured with AuthenticationProvider bean with name authenticationProvider
2026-06-06 14:27:46.867 [restartedMain] WARN  o.s.s.c.a.a.c.InitializeUserDetailsBeanManagerConfigurer$InitializeUserDetailsManagerConfigurer - Global AuthenticationManager configured with an AuthenticationProvider bean. UserDetailsService beans will not be used by Spring Security for automatically configuring username/password login. Consider removing the AuthenticationProvider bean. Alternatively, consider using the UserDetailsService in a manually instantiated DaoAuthenticationProvider. If the current configuration is intentional, to turn off this warning, increase the logging level of 'org.springframework.security.config.annotation.authentication.configuration.InitializeUserDetailsBeanManagerConfigurer' to ERROR
2026-06-06 14:27:47.374 [restartedMain] WARN  o.s.b.j.a.JpaBaseConfiguration$JpaWebConfiguration - spring.jpa.open-in-view is enabled by default. Therefore, database queries may be performed during view rendering. Explicitly configure spring.jpa.open-in-view to disable this warning
2026-06-06 14:27:47.593 [restartedMain] WARN  o.s.w.s.m.m.a.RequestMappingHandlerMapping - Multiple @RequestMapping annotations found on public com.HospitalManagement.responsedto.LabOrderResponseDto com.HospitalManagement.controller.LabController.cancelOrder(java.lang.Long), but only the first will be used: [@org.springframework.web.bind.annotation.DeleteMapping(consumes={}, headers={}, name="", params={}, path={"/orders/{labOrderId}"}, produces={}, value={"/orders/{labOrderId}"}, version=""), @org.springframework.web.bind.annotation.PatchMapping(consumes={}, headers={}, name="", params={}, path={"/lab-orders/{labOrderId}/cancel"}, produces={}, value={"/lab-orders/{labOrderId}/cancel"}, version="")]
2026-06-06 14:27:47.759 [restartedMain] INFO  o.a.coyote.http11.Http11NioProtocol - Starting ProtocolHandler ["http-nio-8081"]
2026-06-06 14:27:47.772 [restartedMain] INFO  c.H.HospitalManagementApplication - Started HospitalManagementApplication in 3.2 seconds (process running for 5154.581)
2026-06-06 14:27:47.774 [restartedMain] WARN  o.s.c.events.SpringDocAppInitializer - SpringDoc /v3/api-docs endpoint is enabled by default. To disable it in production, set the property 'springdoc.api-docs.enabled=false'
2026-06-06 14:27:47.775 [restartedMain] WARN  o.s.c.events.SpringDocAppInitializer - SpringDoc /swagger-ui.html endpoint is enabled by default. To disable it in production, set the property 'springdoc.swagger-ui.enabled=false'
2026-06-06 14:28:19.037 [restartedMain] INFO  c.H.HospitalManagementApplication - Starting HospitalManagementApplication using Java 21.0.10 with PID 3368 (D:\Projects\Backend\Hospital\target\classes started by ELCOT in D:\Projects\Backend\Hospital)
2026-06-06 14:28:19.042 [restartedMain] DEBUG c.H.HospitalManagementApplication - Running with Spring Boot v4.0.5, Spring v7.0.6
2026-06-06 14:28:19.044 [restartedMain] INFO  c.H.HospitalManagementApplication - No active profile set, falling back to 1 default profile: "default"
2026-06-06 14:28:22.462 [restartedMain] INFO  o.a.coyote.http11.Http11NioProtocol - Initializing ProtocolHandler ["http-nio-8081"]
2026-06-06 14:28:22.466 [restartedMain] INFO  o.a.catalina.core.StandardService - Starting service [Tomcat]
2026-06-06 14:28:22.468 [restartedMain] INFO  o.a.catalina.core.StandardEngine - Starting Servlet engine: [Apache Tomcat/11.0.20]
2026-06-06 14:28:22.696 [restartedMain] INFO  com.zaxxer.hikari.HikariDataSource - HikariPool-1 - Starting...
2026-06-06 14:28:23.365 [restartedMain] INFO  com.zaxxer.hikari.pool.HikariPool - HikariPool-1 - Added connection com.mysql.cj.jdbc.ConnectionImpl@7f0a20c8
2026-06-06 14:28:23.369 [restartedMain] INFO  com.zaxxer.hikari.HikariDataSource - HikariPool-1 - Start completed.
2026-06-06 14:28:24.427 [restartedMain] WARN  org.hibernate.orm.deprecation - HHH90000025: MySQLDialect does not need to be specified explicitly using 'hibernate.dialect' (remove the property setting and it will be selected by default)
2026-06-06 14:28:26.622 [restartedMain] DEBUG c.H.config.AuthenticationFilter - Filter 'authenticationFilter' configured for use
2026-06-06 14:28:26.903 [restartedMain] INFO  o.s.s.c.a.a.c.InitializeAuthenticationProviderBeanManagerConfigurer$InitializeAuthenticationProviderManagerConfigurer - Global AuthenticationManager configured with AuthenticationProvider bean with name authenticationProvider
2026-06-06 14:28:26.903 [restartedMain] WARN  o.s.s.c.a.a.c.InitializeUserDetailsBeanManagerConfigurer$InitializeUserDetailsManagerConfigurer - Global AuthenticationManager configured with an AuthenticationProvider bean. UserDetailsService beans will not be used by Spring Security for automatically configuring username/password login. Consider removing the AuthenticationProvider bean. Alternatively, consider using the UserDetailsService in a manually instantiated DaoAuthenticationProvider. If the current configuration is intentional, to turn off this warning, increase the logging level of 'org.springframework.security.config.annotation.authentication.configuration.InitializeUserDetailsBeanManagerConfigurer' to ERROR
2026-06-06 14:28:27.603 [restartedMain] WARN  o.s.b.j.a.JpaBaseConfiguration$JpaWebConfiguration - spring.jpa.open-in-view is enabled by default. Therefore, database queries may be performed during view rendering. Explicitly configure spring.jpa.open-in-view to disable this warning
2026-06-06 14:28:28.180 [restartedMain] WARN  o.s.w.s.m.m.a.RequestMappingHandlerMapping - Multiple @RequestMapping annotations found on public com.HospitalManagement.responsedto.LabOrderResponseDto com.HospitalManagement.controller.LabController.cancelOrder(java.lang.Long), but only the first will be used: [@org.springframework.web.bind.annotation.DeleteMapping(consumes={}, headers={}, name="", params={}, path={"/orders/{labOrderId}"}, produces={}, value={"/orders/{labOrderId}"}, version=""), @org.springframework.web.bind.annotation.PatchMapping(consumes={}, headers={}, name="", params={}, path={"/lab-orders/{labOrderId}/cancel"}, produces={}, value={"/lab-orders/{labOrderId}/cancel"}, version="")]
2026-06-06 14:28:28.799 [restartedMain] INFO  o.a.coyote.http11.Http11NioProtocol - Starting ProtocolHandler ["http-nio-8081"]
2026-06-06 14:28:28.852 [restartedMain] INFO  c.H.HospitalManagementApplication - Started HospitalManagementApplication in 10.593 seconds (process running for 12.104)
2026-06-06 14:28:28.852 [restartedMain] WARN  o.s.c.events.SpringDocAppInitializer - SpringDoc /v3/api-docs endpoint is enabled by default. To disable it in production, set the property 'springdoc.api-docs.enabled=false'
2026-06-06 14:28:28.852 [restartedMain] WARN  o.s.c.events.SpringDocAppInitializer - SpringDoc /swagger-ui.html endpoint is enabled by default. To disable it in production, set the property 'springdoc.swagger-ui.enabled=false'
2026-06-06 14:28:38.987 [http-nio-8081-exec-1] INFO  o.a.c.c.C.[Tomcat].[localhost].[/] - Initializing Spring DispatcherServlet 'dispatcherServlet'
2026-06-06 14:28:38.987 [http-nio-8081-exec-1] INFO  o.s.web.servlet.DispatcherServlet - Initializing Servlet 'dispatcherServlet'
2026-06-06 14:28:38.990 [http-nio-8081-exec-1] INFO  o.s.web.servlet.DispatcherServlet - Completed initialization in 0 ms
2026-06-06 14:28:41.174 [http-nio-8081-exec-9] INFO  o.s.api.AbstractOpenApiResource - Init duration for springdoc-openapi is: 1567 ms
2026-06-06 14:33:36.883 [http-nio-8081-exec-2] INFO  c.H.service.AuthService - Attempting authentication for user with email: admin@clinicflow.com
2026-06-06 14:33:37.604 [http-nio-8081-exec-2] DEBUG org.hibernate.SQL - select u1_0.user_id,u1_0.created_at,u1_0.email,u1_0.name,u1_0.password,u1_0.phone,u1_0.role,u1_0.status,u1_0.updated_at from users u1_0 where u1_0.email=?
2026-06-06 14:33:37.892 [http-nio-8081-exec-2] WARN  c.H.service.AuthService - Authentication failed: Invalid credentials for email: admin@clinicflow.com
2026-06-06 14:33:37.904 [http-nio-8081-exec-2] WARN  o.s.w.s.m.m.a.ExceptionHandlerExceptionResolver - Resolved [org.springframework.web.server.ResponseStatusException: 401 UNAUTHORIZED "Invalid email or password"]
2026-06-06 14:33:44.038 [http-nio-8081-exec-6] INFO  c.H.service.AuthService - Attempting authentication for user with email: admin@clinicflow.com
2026-06-06 14:33:44.040 [http-nio-8081-exec-6] DEBUG org.hibernate.SQL - select u1_0.user_id,u1_0.created_at,u1_0.email,u1_0.name,u1_0.password,u1_0.phone,u1_0.role,u1_0.status,u1_0.updated_at from users u1_0 where u1_0.email=?
2026-06-06 14:33:44.285 [http-nio-8081-exec-6] WARN  c.H.service.AuthService - Authentication failed: Invalid credentials for email: admin@clinicflow.com
2026-06-06 14:33:44.285 [http-nio-8081-exec-6] WARN  o.s.w.s.m.m.a.ExceptionHandlerExceptionResolver - Resolved [org.springframework.web.server.ResponseStatusException: 401 UNAUTHORIZED "Invalid email or password"]
2026-06-06 14:33:46.922 [http-nio-8081-exec-8] INFO  c.H.service.AuthService - Attempting authentication for user with email: admin@clinicflow.com
2026-06-06 14:33:46.923 [http-nio-8081-exec-8] DEBUG org.hibernate.SQL - select u1_0.user_id,u1_0.created_at,u1_0.email,u1_0.name,u1_0.password,u1_0.phone,u1_0.role,u1_0.status,u1_0.updated_at from users u1_0 where u1_0.email=?
2026-06-06 14:33:47.183 [http-nio-8081-exec-8] WARN  c.H.service.AuthService - Authentication failed: Invalid credentials for email: admin@clinicflow.com
2026-06-06 14:33:47.185 [http-nio-8081-exec-8] WARN  o.s.w.s.m.m.a.ExceptionHandlerExceptionResolver - Resolved [org.springframework.web.server.ResponseStatusException: 401 UNAUTHORIZED "Invalid email or password"]
2026-06-06 14:44:47.583 [http-nio-8081-exec-9] INFO  c.H.service.AuthService - Attempting authentication for user with email: admin@clinicflow.com
2026-06-06 14:44:47.601 [http-nio-8081-exec-9] DEBUG org.hibernate.SQL - select u1_0.user_id,u1_0.created_at,u1_0.email,u1_0.name,u1_0.password,u1_0.phone,u1_0.role,u1_0.status,u1_0.updated_at from users u1_0 where u1_0.email=?
2026-06-06 14:44:47.851 [http-nio-8081-exec-9] WARN  c.H.service.AuthService - Authentication failed: Invalid credentials for email: admin@clinicflow.com
2026-06-06 14:44:47.851 [http-nio-8081-exec-9] WARN  o.s.w.s.m.m.a.ExceptionHandlerExceptionResolver - Resolved [org.springframework.web.server.ResponseStatusException: 401 UNAUTHORIZED "Invalid email or password"]
2026-06-06 14:49:03.029 [restartedMain] INFO  c.H.HospitalManagementApplication - Starting HospitalManagementApplication using Java 21.0.10 with PID 19144 (D:\Projects\Backend\Hospital\target\classes started by ELCOT in D:\Projects\Backend\Hospital)
2026-06-06 14:49:03.034 [restartedMain] DEBUG c.H.HospitalManagementApplication - Running with Spring Boot v4.0.5, Spring v7.0.6
2026-06-06 14:49:03.034 [restartedMain] INFO  c.H.HospitalManagementApplication - No active profile set, falling back to 1 default profile: "default"
2026-06-06 14:49:08.753 [restartedMain] INFO  o.a.coyote.http11.Http11NioProtocol - Initializing ProtocolHandler ["http-nio-8081"]
2026-06-06 14:49:08.770 [restartedMain] INFO  o.a.catalina.core.StandardService - Starting service [Tomcat]
2026-06-06 14:49:08.772 [restartedMain] INFO  o.a.catalina.core.StandardEngine - Starting Servlet engine: [Apache Tomcat/11.0.20]
2026-06-06 14:49:09.108 [restartedMain] INFO  com.zaxxer.hikari.HikariDataSource - HikariPool-1 - Starting...
2026-06-06 14:49:11.275 [restartedMain] INFO  com.zaxxer.hikari.pool.HikariPool - HikariPool-1 - Added connection com.mysql.cj.jdbc.ConnectionImpl@191c34d3
2026-06-06 14:49:11.285 [restartedMain] INFO  com.zaxxer.hikari.HikariDataSource - HikariPool-1 - Start completed.
2026-06-06 14:49:13.788 [restartedMain] WARN  org.hibernate.orm.deprecation - HHH90000025: MySQLDialect does not need to be specified explicitly using 'hibernate.dialect' (remove the property setting and it will be selected by default)
2026-06-06 14:49:19.881 [restartedMain] DEBUG c.H.config.AuthenticationFilter - Filter 'authenticationFilter' configured for use
2026-06-06 14:49:20.542 [restartedMain] INFO  o.s.s.c.a.a.c.InitializeAuthenticationProviderBeanManagerConfigurer$InitializeAuthenticationProviderManagerConfigurer - Global AuthenticationManager configured with AuthenticationProvider bean with name authenticationProvider
2026-06-06 14:49:20.544 [restartedMain] WARN  o.s.s.c.a.a.c.InitializeUserDetailsBeanManagerConfigurer$InitializeUserDetailsManagerConfigurer - Global AuthenticationManager configured with an AuthenticationProvider bean. UserDetailsService beans will not be used by Spring Security for automatically configuring username/password login. Consider removing the AuthenticationProvider bean. Alternatively, consider using the UserDetailsService in a manually instantiated DaoAuthenticationProvider. If the current configuration is intentional, to turn off this warning, increase the logging level of 'org.springframework.security.config.annotation.authentication.configuration.InitializeUserDetailsBeanManagerConfigurer' to ERROR
2026-06-06 14:49:21.867 [restartedMain] WARN  o.s.b.j.a.JpaBaseConfiguration$JpaWebConfiguration - spring.jpa.open-in-view is enabled by default. Therefore, database queries may be performed during view rendering. Explicitly configure spring.jpa.open-in-view to disable this warning
2026-06-06 14:49:22.924 [restartedMain] WARN  o.s.w.s.m.m.a.RequestMappingHandlerMapping - Multiple @RequestMapping annotations found on public com.HospitalManagement.responsedto.LabOrderResponseDto com.HospitalManagement.controller.LabController.cancelOrder(java.lang.Long), but only the first will be used: [@org.springframework.web.bind.annotation.DeleteMapping(consumes={}, headers={}, name="", params={}, path={"/orders/{labOrderId}"}, produces={}, value={"/orders/{labOrderId}"}, version=""), @org.springframework.web.bind.annotation.PatchMapping(consumes={}, headers={}, name="", params={}, path={"/lab-orders/{labOrderId}/cancel"}, produces={}, value={"/lab-orders/{labOrderId}/cancel"}, version="")]
2026-06-06 14:49:23.940 [restartedMain] INFO  o.a.coyote.http11.Http11NioProtocol - Starting ProtocolHandler ["http-nio-8081"]
2026-06-06 14:49:24.024 [restartedMain] INFO  c.H.HospitalManagementApplication - Started HospitalManagementApplication in 21.874 seconds (process running for 23.573)
2026-06-06 14:49:24.033 [restartedMain] WARN  o.s.c.events.SpringDocAppInitializer - SpringDoc /v3/api-docs endpoint is enabled by default. To disable it in production, set the property 'springdoc.api-docs.enabled=false'
2026-06-06 14:49:24.034 [restartedMain] WARN  o.s.c.events.SpringDocAppInitializer - SpringDoc /swagger-ui.html endpoint is enabled by default. To disable it in production, set the property 'springdoc.swagger-ui.enabled=false'
2026-06-06 14:49:50.485 [http-nio-8081-exec-1] INFO  o.a.c.c.C.[Tomcat].[localhost].[/] - Initializing Spring DispatcherServlet 'dispatcherServlet'
2026-06-06 14:49:50.486 [http-nio-8081-exec-1] INFO  o.s.web.servlet.DispatcherServlet - Initializing Servlet 'dispatcherServlet'
2026-06-06 14:49:50.489 [http-nio-8081-exec-1] INFO  o.s.web.servlet.DispatcherServlet - Completed initialization in 3 ms
2026-06-06 14:49:53.210 [http-nio-8081-exec-9] INFO  o.s.api.AbstractOpenApiResource - Init duration for springdoc-openapi is: 1875 ms
2026-06-06 14:49:59.612 [http-nio-8081-exec-10] INFO  c.H.service.AuthService - Attempting authentication for user with email: admin@clinicflow.com
2026-06-06 14:50:00.451 [http-nio-8081-exec-10] DEBUG org.hibernate.SQL - select u1_0.user_id,u1_0.created_at,u1_0.email,u1_0.name,u1_0.password,u1_0.phone,u1_0.role,u1_0.status,u1_0.updated_at from users u1_0 where u1_0.email=?
2026-06-06 14:50:00.762 [http-nio-8081-exec-10] WARN  c.H.service.AuthService - Authentication failed: Invalid credentials for email: admin@clinicflow.com
2026-06-06 14:50:00.771 [http-nio-8081-exec-10] WARN  o.s.w.s.m.m.a.ExceptionHandlerExceptionResolver - Resolved [org.springframework.web.server.ResponseStatusException: 401 UNAUTHORIZED "Invalid email or password"]
2026-06-06 14:52:55.220 [http-nio-8081-exec-7] INFO  c.H.service.AuthService - Attempting authentication for user with email: admin@clinicflow.com
2026-06-06 14:52:55.223 [http-nio-8081-exec-7] DEBUG org.hibernate.SQL - select u1_0.user_id,u1_0.created_at,u1_0.email,u1_0.name,u1_0.password,u1_0.phone,u1_0.role,u1_0.status,u1_0.updated_at from users u1_0 where u1_0.email=?
2026-06-06 14:52:55.473 [http-nio-8081-exec-7] DEBUG org.hibernate.SQL - select u1_0.user_id,u1_0.created_at,u1_0.email,u1_0.name,u1_0.password,u1_0.phone,u1_0.role,u1_0.status,u1_0.updated_at from users u1_0 where u1_0.email=?
2026-06-06 14:52:55.518 [http-nio-8081-exec-7] INFO  c.H.service.AuthService - User authenticated successfully - Email: admin@clinicflow.com, Role: ADMIN
2026-06-06 14:54:14.335 [http-nio-8081-exec-9] INFO  c.H.service.AuthService - Attempting authentication for user with email: admin@clinicflow.com
2026-06-06 14:54:14.339 [http-nio-8081-exec-9] DEBUG org.hibernate.SQL - select u1_0.user_id,u1_0.created_at,u1_0.email,u1_0.name,u1_0.password,u1_0.phone,u1_0.role,u1_0.status,u1_0.updated_at from users u1_0 where u1_0.email=?
2026-06-06 14:54:14.600 [http-nio-8081-exec-9] DEBUG org.hibernate.SQL - select u1_0.user_id,u1_0.created_at,u1_0.email,u1_0.name,u1_0.password,u1_0.phone,u1_0.role,u1_0.status,u1_0.updated_at from users u1_0 where u1_0.email=?
2026-06-06 14:54:14.600 [http-nio-8081-exec-9] INFO  c.H.service.AuthService - User authenticated successfully - Email: admin@clinicflow.com, Role: ADMIN
2026-06-06 14:54:22.746 [http-nio-8081-exec-5] DEBUG org.hibernate.SQL - select u1_0.user_id,u1_0.created_at,u1_0.email,u1_0.name,u1_0.password,u1_0.phone,u1_0.role,u1_0.status,u1_0.updated_at from users u1_0 where u1_0.email=?
2026-06-06 14:54:22.819 [http-nio-8081-exec-1] DEBUG org.hibernate.SQL - select u1_0.user_id,u1_0.created_at,u1_0.email,u1_0.name,u1_0.password,u1_0.phone,u1_0.role,u1_0.status,u1_0.updated_at from users u1_0 where u1_0.email=?
2026-06-06 14:54:25.003 [http-nio-8081-exec-7] DEBUG org.hibernate.SQL - select u1_0.user_id,u1_0.created_at,u1_0.email,u1_0.name,u1_0.password,u1_0.phone,u1_0.role,u1_0.status,u1_0.updated_at from users u1_0 where u1_0.email=?
2026-06-06 14:54:25.068 [http-nio-8081-exec-7] WARN  o.s.w.s.m.m.a.ExceptionHandlerExceptionResolver - Resolved [org.springframework.security.authorization.AuthorizationDeniedException: Access Denied]
2026-06-06 14:54:25.075 [http-nio-8081-exec-8] DEBUG org.hibernate.SQL - select u1_0.user_id,u1_0.created_at,u1_0.email,u1_0.name,u1_0.password,u1_0.phone,u1_0.role,u1_0.status,u1_0.updated_at from users u1_0 where u1_0.email=?
2026-06-06 14:54:25.099 [http-nio-8081-exec-8] WARN  o.s.w.s.m.m.a.ExceptionHandlerExceptionResolver - Resolved [org.springframework.security.authorization.AuthorizationDeniedException: Access Denied]
2026-06-06 14:54:26.074 [http-nio-8081-exec-6] DEBUG org.hibernate.SQL - select u1_0.user_id,u1_0.created_at,u1_0.email,u1_0.name,u1_0.password,u1_0.phone,u1_0.role,u1_0.status,u1_0.updated_at from users u1_0 where u1_0.email=?
2026-06-06 14:54:26.124 [http-nio-8081-exec-9] DEBUG org.hibernate.SQL - select u1_0.user_id,u1_0.created_at,u1_0.email,u1_0.name,u1_0.password,u1_0.phone,u1_0.role,u1_0.status,u1_0.updated_at from users u1_0 where u1_0.email=?
2026-06-06 14:54:54.998 [http-nio-8081-exec-2] DEBUG org.hibernate.SQL - select u1_0.user_id,u1_0.created_at,u1_0.email,u1_0.name,u1_0.password,u1_0.phone,u1_0.role,u1_0.status,u1_0.updated_at from users u1_0 where u1_0.email=?
2026-06-06 15:00:03.740 [http-nio-8081-exec-6] DEBUG org.hibernate.SQL - select u1_0.user_id,u1_0.created_at,u1_0.email,u1_0.name,u1_0.password,u1_0.phone,u1_0.role,u1_0.status,u1_0.updated_at from users u1_0 where u1_0.email=?
2026-06-06 15:00:04.877 [http-nio-8081-exec-6] INFO  c.H.service.PatientService - Starting patient registration - Name: Oviya
2026-06-06 15:00:05.012 [http-nio-8081-exec-6] DEBUG org.hibernate.SQL - select p1_0.patient_id from patients p1_0 where p1_0.mrn=? limit ?
2026-06-06 15:00:05.270 [http-nio-8081-exec-6] DEBUG org.hibernate.SQL - insert into patients (address_json,contact_info_json,created_at,dob,gender,insurance_id,mrn,name,primary_contact,status,updated_at,version) values (cast(? as json),cast(? as json),?,?,?,?,?,?,?,?,?,?)
2026-06-06 15:00:05.355 [http-nio-8081-exec-6] INFO  c.H.service.PatientService - Successfully registered patient - ID: 1, MRN: MRN-DC7AD669
2026-06-06 15:00:28.979 [http-nio-8081-exec-2] DEBUG org.hibernate.SQL - select u1_0.user_id,u1_0.created_at,u1_0.email,u1_0.name,u1_0.password,u1_0.phone,u1_0.role,u1_0.status,u1_0.updated_at from users u1_0 where u1_0.email=?
2026-06-06 15:00:29.000 [http-nio-8081-exec-2] WARN  o.s.w.s.m.m.a.ExceptionHandlerExceptionResolver - Resolved [org.springframework.security.authorization.AuthorizationDeniedException: Access Denied]
2026-06-06 15:00:29.012 [http-nio-8081-exec-5] DEBUG org.hibernate.SQL - select u1_0.user_id,u1_0.created_at,u1_0.email,u1_0.name,u1_0.password,u1_0.phone,u1_0.role,u1_0.status,u1_0.updated_at from users u1_0 where u1_0.email=?
2026-06-06 15:00:29.034 [http-nio-8081-exec-5] WARN  o.s.w.s.m.m.a.ExceptionHandlerExceptionResolver - Resolved [org.springframework.security.authorization.AuthorizationDeniedException: Access Denied]
2026-06-06 15:00:29.788 [http-nio-8081-exec-4] DEBUG org.hibernate.SQL - select u1_0.user_id,u1_0.created_at,u1_0.email,u1_0.name,u1_0.password,u1_0.phone,u1_0.role,u1_0.status,u1_0.updated_at from users u1_0 where u1_0.email=?
2026-06-06 15:00:29.824 [http-nio-8081-exec-7] DEBUG org.hibernate.SQL - select u1_0.user_id,u1_0.created_at,u1_0.email,u1_0.name,u1_0.password,u1_0.phone,u1_0.role,u1_0.status,u1_0.updated_at from users u1_0 where u1_0.email=?
2026-06-06 15:00:56.529 [http-nio-8081-exec-8] DEBUG org.hibernate.SQL - select u1_0.user_id,u1_0.created_at,u1_0.email,u1_0.name,u1_0.password,u1_0.phone,u1_0.role,u1_0.status,u1_0.updated_at from users u1_0 where u1_0.email=?
2026-06-06 15:00:56.601 [http-nio-8081-exec-8] INFO  c.H.service.AdminUserService - Creating new user - Name: Preetha, Email: Preetha@clinicflow.com, Role: CLINICIAN
2026-06-06 15:00:56.610 [http-nio-8081-exec-8] DEBUG org.hibernate.SQL - select u1_0.user_id from users u1_0 where u1_0.email=? limit ?
2026-06-06 15:00:56.689 [http-nio-8081-exec-8] DEBUG org.hibernate.SQL - insert into users (created_at,email,name,password,phone,role,status,updated_at) values (?,?,?,?,?,?,?,?)
2026-06-06 15:01:29.049 [http-nio-8081-exec-6] DEBUG org.hibernate.SQL - select u1_0.user_id,u1_0.created_at,u1_0.email,u1_0.name,u1_0.password,u1_0.phone,u1_0.role,u1_0.status,u1_0.updated_at from users u1_0 where u1_0.email=?
2026-06-06 15:01:29.110 [http-nio-8081-exec-6] INFO  c.H.service.AuthService - Attempting authentication for user with email: Preetha@clinicflow.com
2026-06-06 15:01:29.117 [http-nio-8081-exec-6] DEBUG org.hibernate.SQL - select u1_0.user_id,u1_0.created_at,u1_0.email,u1_0.name,u1_0.password,u1_0.phone,u1_0.role,u1_0.status,u1_0.updated_at from users u1_0 where u1_0.email=?
2026-06-06 15:01:29.193 [http-nio-8081-exec-6] DEBUG org.hibernate.SQL - select u1_0.user_id,u1_0.created_at,u1_0.email,u1_0.name,u1_0.password,u1_0.phone,u1_0.role,u1_0.status,u1_0.updated_at from users u1_0 where u1_0.email=?
2026-06-06 15:01:29.200 [http-nio-8081-exec-6] INFO  c.H.service.AuthService - User authenticated successfully - Email: Preetha@clinicflow.com, Role: CLINICIAN
2026-06-06 15:03:05.109 [http-nio-8081-exec-5] DEBUG org.hibernate.SQL - select u1_0.user_id,u1_0.created_at,u1_0.email,u1_0.name,u1_0.password,u1_0.phone,u1_0.role,u1_0.status,u1_0.updated_at from users u1_0 where u1_0.email=?
2026-06-06 15:03:17.859 [http-nio-8081-exec-1] DEBUG org.hibernate.SQL - select u1_0.user_id,u1_0.created_at,u1_0.email,u1_0.name,u1_0.password,u1_0.phone,u1_0.role,u1_0.status,u1_0.updated_at from users u1_0 where u1_0.email=?
2026-06-06 15:03:17.909 [http-nio-8081-exec-1] INFO  c.H.service.EncounterService - Creating new encounter - PatientID: 1, VisitType: Outpatient
2026-06-06 15:03:17.910 [http-nio-8081-exec-1] DEBUG org.hibernate.SQL - select u1_0.user_id,u1_0.created_at,u1_0.email,u1_0.name,u1_0.password,u1_0.phone,u1_0.role,u1_0.status,u1_0.updated_at from users u1_0 where u1_0.email=?
2026-06-06 15:03:17.933 [http-nio-8081-exec-1] DEBUG org.hibernate.SQL - select p1_0.patient_id,p1_0.address_json,p1_0.contact_info_json,p1_0.created_at,p1_0.dob,p1_0.gender,p1_0.insurance_id,p1_0.mrn,p1_0.name,p1_0.primary_contact,p1_0.status,p1_0.updated_at,p1_0.version from patients p1_0 where p1_0.patient_id=?
2026-06-06 15:03:17.941 [http-nio-8081-exec-1] DEBUG org.hibernate.SQL - insert into encounters (chief_complaint,clinician_id,diagnoses_json,end_at,notes_json,orders_json,patient_id,prescriptions_json,signed_at,signed_by,start_at,status,visit_type,vitals_json) values (?,?,cast(? as json),?,cast(? as json),cast(? as json),?,cast(? as json),?,?,?,?,?,cast(? as json))
2026-06-06 15:03:17.958 [http-nio-8081-exec-1] INFO  c.H.service.EncounterService - Encounter created successfully - ID: 1
2026-06-06 15:03:25.028 [http-nio-8081-exec-7] DEBUG org.hibernate.SQL - select u1_0.user_id,u1_0.created_at,u1_0.email,u1_0.name,u1_0.password,u1_0.phone,u1_0.role,u1_0.status,u1_0.updated_at from users u1_0 where u1_0.email=?
2026-06-06 15:03:25.052 [http-nio-8081-exec-8] DEBUG org.hibernate.SQL - select u1_0.user_id,u1_0.created_at,u1_0.email,u1_0.name,u1_0.password,u1_0.phone,u1_0.role,u1_0.status,u1_0.updated_at from users u1_0 where u1_0.email=?
2026-06-06 15:03:30.885 [http-nio-8081-exec-9] DEBUG org.hibernate.SQL - select u1_0.user_id,u1_0.created_at,u1_0.email,u1_0.name,u1_0.password,u1_0.phone,u1_0.role,u1_0.status,u1_0.updated_at from users u1_0 where u1_0.email=?
2026-06-06 15:03:30.903 [http-nio-8081-exec-9] WARN  o.s.w.s.m.m.a.ExceptionHandlerExceptionResolver - Resolved [org.springframework.security.authorization.AuthorizationDeniedException: Access Denied]
2026-06-06 15:03:30.913 [http-nio-8081-exec-2] DEBUG org.hibernate.SQL - select u1_0.user_id,u1_0.created_at,u1_0.email,u1_0.name,u1_0.password,u1_0.phone,u1_0.role,u1_0.status,u1_0.updated_at from users u1_0 where u1_0.email=?
2026-06-06 15:03:30.932 [http-nio-8081-exec-2] WARN  o.s.w.s.m.m.a.ExceptionHandlerExceptionResolver - Resolved [org.springframework.security.authorization.AuthorizationDeniedException: Access Denied]
2026-06-06 15:03:31.922 [http-nio-8081-exec-3] DEBUG org.hibernate.SQL - select u1_0.user_id,u1_0.created_at,u1_0.email,u1_0.name,u1_0.password,u1_0.phone,u1_0.role,u1_0.status,u1_0.updated_at from users u1_0 where u1_0.email=?
2026-06-06 15:03:31.952 [http-nio-8081-exec-4] DEBUG org.hibernate.SQL - select u1_0.user_id,u1_0.created_at,u1_0.email,u1_0.name,u1_0.password,u1_0.phone,u1_0.role,u1_0.status,u1_0.updated_at from users u1_0 where u1_0.email=?
2026-06-06 15:05:29.628 [http-nio-8081-exec-9] INFO  c.H.service.AuthService - Attempting authentication for user with email: Preetha@clinicflow.com
2026-06-06 15:05:29.637 [http-nio-8081-exec-9] DEBUG org.hibernate.SQL - select u1_0.user_id,u1_0.created_at,u1_0.email,u1_0.name,u1_0.password,u1_0.phone,u1_0.role,u1_0.status,u1_0.updated_at from users u1_0 where u1_0.email=?
2026-06-06 15:05:29.711 [http-nio-8081-exec-9] DEBUG org.hibernate.SQL - select u1_0.user_id,u1_0.created_at,u1_0.email,u1_0.name,u1_0.password,u1_0.phone,u1_0.role,u1_0.status,u1_0.updated_at from users u1_0 where u1_0.email=?
2026-06-06 15:05:29.727 [http-nio-8081-exec-9] INFO  c.H.service.AuthService - User authenticated successfully - Email: Preetha@clinicflow.com, Role: CLINICIAN
2026-06-06 15:05:56.503 [http-nio-8081-exec-1] DEBUG org.hibernate.SQL - select u1_0.user_id,u1_0.created_at,u1_0.email,u1_0.name,u1_0.password,u1_0.phone,u1_0.role,u1_0.status,u1_0.updated_at from users u1_0 where u1_0.email=?
2026-06-06 15:05:56.571 [http-nio-8081-exec-1] DEBUG c.H.service.EncounterService - Fetching all encounters
2026-06-06 15:05:56.662 [http-nio-8081-exec-1] DEBUG org.hibernate.SQL - select e1_0.encounter_id,e1_0.chief_complaint,e1_0.clinician_id,e1_0.diagnoses_json,e1_0.end_at,e1_0.notes_json,e1_0.orders_json,e1_0.patient_id,e1_0.prescriptions_json,e1_0.signed_at,e1_0.signed_by,e1_0.start_at,e1_0.status,e1_0.visit_type,e1_0.vitals_json from encounters e1_0
2026-06-06 15:05:56.698 [http-nio-8081-exec-1] DEBUG org.hibernate.SQL - select p1_0.patient_id,p1_0.address_json,p1_0.contact_info_json,p1_0.created_at,p1_0.dob,p1_0.gender,p1_0.insurance_id,p1_0.mrn,p1_0.name,p1_0.primary_contact,p1_0.status,p1_0.updated_at,p1_0.version from patients p1_0 where p1_0.patient_id=?
2026-06-06 15:05:56.701 [http-nio-8081-exec-1] DEBUG org.hibernate.SQL - select u1_0.user_id,u1_0.created_at,u1_0.email,u1_0.name,u1_0.password,u1_0.phone,u1_0.role,u1_0.status,u1_0.updated_at from users u1_0 where u1_0.user_id=?
2026-06-06 15:05:56.709 [http-nio-8081-exec-1] INFO  c.H.service.EncounterService - Retrieved 1 encounters
2026-06-06 15:05:56.729 [http-nio-8081-exec-3] DEBUG org.hibernate.SQL - select u1_0.user_id,u1_0.created_at,u1_0.email,u1_0.name,u1_0.password,u1_0.phone,u1_0.role,u1_0.status,u1_0.updated_at from users u1_0 where u1_0.email=?
2026-06-06 15:05:56.771 [http-nio-8081-exec-3] DEBUG c.H.service.EncounterService - Fetching all encounters
2026-06-06 15:05:56.773 [http-nio-8081-exec-3] DEBUG org.hibernate.SQL - select e1_0.encounter_id,e1_0.chief_complaint,e1_0.clinician_id,e1_0.diagnoses_json,e1_0.end_at,e1_0.notes_json,e1_0.orders_json,e1_0.patient_id,e1_0.prescriptions_json,e1_0.signed_at,e1_0.signed_by,e1_0.start_at,e1_0.status,e1_0.visit_type,e1_0.vitals_json from encounters e1_0
2026-06-06 15:05:56.777 [http-nio-8081-exec-3] DEBUG org.hibernate.SQL - select p1_0.patient_id,p1_0.address_json,p1_0.contact_info_json,p1_0.created_at,p1_0.dob,p1_0.gender,p1_0.insurance_id,p1_0.mrn,p1_0.name,p1_0.primary_contact,p1_0.status,p1_0.updated_at,p1_0.version from patients p1_0 where p1_0.patient_id=?
2026-06-06 15:05:56.780 [http-nio-8081-exec-3] DEBUG org.hibernate.SQL - select u1_0.user_id,u1_0.created_at,u1_0.email,u1_0.name,u1_0.password,u1_0.phone,u1_0.role,u1_0.status,u1_0.updated_at from users u1_0 where u1_0.user_id=?
2026-06-06 15:05:56.783 [http-nio-8081-exec-3] INFO  c.H.service.EncounterService - Retrieved 1 encounters
2026-06-06 15:06:05.966 [http-nio-8081-exec-6] DEBUG org.hibernate.SQL - select u1_0.user_id,u1_0.created_at,u1_0.email,u1_0.name,u1_0.password,u1_0.phone,u1_0.role,u1_0.status,u1_0.updated_at from users u1_0 where u1_0.email=?
2026-06-06 15:06:06.000 [http-nio-8081-exec-6] DEBUG c.H.service.EncounterService - Fetching encounter with ID: 1
2026-06-06 15:06:06.005 [http-nio-8081-exec-6] DEBUG org.hibernate.SQL - select e1_0.encounter_id,e1_0.chief_complaint,e1_0.clinician_id,e1_0.diagnoses_json,e1_0.end_at,e1_0.notes_json,e1_0.orders_json,e1_0.patient_id,e1_0.prescriptions_json,e1_0.signed_at,e1_0.signed_by,e1_0.start_at,e1_0.status,e1_0.visit_type,e1_0.vitals_json from encounters e1_0 where e1_0.encounter_id=?
2026-06-06 15:06:06.013 [http-nio-8081-exec-6] DEBUG org.hibernate.SQL - select p1_0.patient_id,p1_0.address_json,p1_0.contact_info_json,p1_0.created_at,p1_0.dob,p1_0.gender,p1_0.insurance_id,p1_0.mrn,p1_0.name,p1_0.primary_contact,p1_0.status,p1_0.updated_at,p1_0.version from patients p1_0 where p1_0.patient_id=?
2026-06-06 15:06:06.014 [http-nio-8081-exec-6] DEBUG org.hibernate.SQL - select u1_0.user_id,u1_0.created_at,u1_0.email,u1_0.name,u1_0.password,u1_0.phone,u1_0.role,u1_0.status,u1_0.updated_at from users u1_0 where u1_0.user_id=?
2026-06-06 15:06:06.014 [http-nio-8081-exec-6] INFO  c.H.service.EncounterService - Retrieved encounter - ID: 1
2026-06-06 15:06:06.032 [http-nio-8081-exec-8] DEBUG org.hibernate.SQL - select u1_0.user_id,u1_0.created_at,u1_0.email,u1_0.name,u1_0.password,u1_0.phone,u1_0.role,u1_0.status,u1_0.updated_at from users u1_0 where u1_0.email=?
2026-06-06 15:06:06.050 [http-nio-8081-exec-8] DEBUG c.H.service.EncounterService - Fetching encounter with ID: 1
2026-06-06 15:06:06.051 [http-nio-8081-exec-8] DEBUG org.hibernate.SQL - select e1_0.encounter_id,e1_0.chief_complaint,e1_0.clinician_id,e1_0.diagnoses_json,e1_0.end_at,e1_0.notes_json,e1_0.orders_json,e1_0.patient_id,e1_0.prescriptions_json,e1_0.signed_at,e1_0.signed_by,e1_0.start_at,e1_0.status,e1_0.visit_type,e1_0.vitals_json from encounters e1_0 where e1_0.encounter_id=?
2026-06-06 15:06:06.053 [http-nio-8081-exec-8] DEBUG org.hibernate.SQL - select p1_0.patient_id,p1_0.address_json,p1_0.contact_info_json,p1_0.created_at,p1_0.dob,p1_0.gender,p1_0.insurance_id,p1_0.mrn,p1_0.name,p1_0.primary_contact,p1_0.status,p1_0.updated_at,p1_0.version from patients p1_0 where p1_0.patient_id=?
2026-06-06 15:06:06.056 [http-nio-8081-exec-8] DEBUG org.hibernate.SQL - select u1_0.user_id,u1_0.created_at,u1_0.email,u1_0.name,u1_0.password,u1_0.phone,u1_0.role,u1_0.status,u1_0.updated_at from users u1_0 where u1_0.user_id=?
2026-06-06 15:06:06.058 [http-nio-8081-exec-8] INFO  c.H.service.EncounterService - Retrieved encounter - ID: 1
2026-06-06 15:06:23.604 [http-nio-8081-exec-2] DEBUG org.hibernate.SQL - select u1_0.user_id,u1_0.created_at,u1_0.email,u1_0.name,u1_0.password,u1_0.phone,u1_0.role,u1_0.status,u1_0.updated_at from users u1_0 where u1_0.email=?
2026-06-06 15:06:23.622 [http-nio-8081-exec-2] DEBUG c.H.service.EncounterService - Fetching all encounters
2026-06-06 15:06:23.624 [http-nio-8081-exec-2] DEBUG org.hibernate.SQL - select e1_0.encounter_id,e1_0.chief_complaint,e1_0.clinician_id,e1_0.diagnoses_json,e1_0.end_at,e1_0.notes_json,e1_0.orders_json,e1_0.patient_id,e1_0.prescriptions_json,e1_0.signed_at,e1_0.signed_by,e1_0.start_at,e1_0.status,e1_0.visit_type,e1_0.vitals_json from encounters e1_0
2026-06-06 15:06:23.628 [http-nio-8081-exec-2] DEBUG org.hibernate.SQL - select p1_0.patient_id,p1_0.address_json,p1_0.contact_info_json,p1_0.created_at,p1_0.dob,p1_0.gender,p1_0.insurance_id,p1_0.mrn,p1_0.name,p1_0.primary_contact,p1_0.status,p1_0.updated_at,p1_0.version from patients p1_0 where p1_0.patient_id=?
2026-06-06 15:06:23.634 [http-nio-8081-exec-2] DEBUG org.hibernate.SQL - select u1_0.user_id,u1_0.created_at,u1_0.email,u1_0.name,u1_0.password,u1_0.phone,u1_0.role,u1_0.status,u1_0.updated_at from users u1_0 where u1_0.user_id=?
2026-06-06 15:06:23.634 [http-nio-8081-exec-2] INFO  c.H.service.EncounterService - Retrieved 1 encounters
2026-06-06 15:06:23.646 [http-nio-8081-exec-5] DEBUG org.hibernate.SQL - select u1_0.user_id,u1_0.created_at,u1_0.email,u1_0.name,u1_0.password,u1_0.phone,u1_0.role,u1_0.status,u1_0.updated_at from users u1_0 where u1_0.email=?
2026-06-06 15:06:23.656 [http-nio-8081-exec-5] DEBUG c.H.service.EncounterService - Fetching all encounters
2026-06-06 15:06:23.656 [http-nio-8081-exec-5] DEBUG org.hibernate.SQL - select e1_0.encounter_id,e1_0.chief_complaint,e1_0.clinician_id,e1_0.diagnoses_json,e1_0.end_at,e1_0.notes_json,e1_0.orders_json,e1_0.patient_id,e1_0.prescriptions_json,e1_0.signed_at,e1_0.signed_by,e1_0.start_at,e1_0.status,e1_0.visit_type,e1_0.vitals_json from encounters e1_0
2026-06-06 15:06:23.664 [http-nio-8081-exec-5] DEBUG org.hibernate.SQL - select p1_0.patient_id,p1_0.address_json,p1_0.contact_info_json,p1_0.created_at,p1_0.dob,p1_0.gender,p1_0.insurance_id,p1_0.mrn,p1_0.name,p1_0.primary_contact,p1_0.status,p1_0.updated_at,p1_0.version from patients p1_0 where p1_0.patient_id=?
2026-06-06 15:06:23.668 [http-nio-8081-exec-5] DEBUG org.hibernate.SQL - select u1_0.user_id,u1_0.created_at,u1_0.email,u1_0.name,u1_0.password,u1_0.phone,u1_0.role,u1_0.status,u1_0.updated_at from users u1_0 where u1_0.user_id=?
2026-06-06 15:06:23.671 [http-nio-8081-exec-5] INFO  c.H.service.EncounterService - Retrieved 1 encounters
2026-06-06 15:06:29.058 [http-nio-8081-exec-4] DEBUG org.hibernate.SQL - select u1_0.user_id,u1_0.created_at,u1_0.email,u1_0.name,u1_0.password,u1_0.phone,u1_0.role,u1_0.status,u1_0.updated_at from users u1_0 where u1_0.email=?
2026-06-06 15:06:29.075 [http-nio-8081-exec-4] DEBUG c.H.service.EncounterService - Fetching encounter with ID: 1
2026-06-06 15:06:29.076 [http-nio-8081-exec-4] DEBUG org.hibernate.SQL - select e1_0.encounter_id,e1_0.chief_complaint,e1_0.clinician_id,e1_0.diagnoses_json,e1_0.end_at,e1_0.notes_json,e1_0.orders_json,e1_0.patient_id,e1_0.prescriptions_json,e1_0.signed_at,e1_0.signed_by,e1_0.start_at,e1_0.status,e1_0.visit_type,e1_0.vitals_json from encounters e1_0 where e1_0.encounter_id=?
2026-06-06 15:06:29.079 [http-nio-8081-exec-4] DEBUG org.hibernate.SQL - select p1_0.patient_id,p1_0.address_json,p1_0.contact_info_json,p1_0.created_at,p1_0.dob,p1_0.gender,p1_0.insurance_id,p1_0.mrn,p1_0.name,p1_0.primary_contact,p1_0.status,p1_0.updated_at,p1_0.version from patients p1_0 where p1_0.patient_id=?
2026-06-06 15:06:29.088 [http-nio-8081-exec-4] DEBUG org.hibernate.SQL - select u1_0.user_id,u1_0.created_at,u1_0.email,u1_0.name,u1_0.password,u1_0.phone,u1_0.role,u1_0.status,u1_0.updated_at from users u1_0 where u1_0.user_id=?
2026-06-06 15:06:29.092 [http-nio-8081-exec-4] INFO  c.H.service.EncounterService - Retrieved encounter - ID: 1
2026-06-06 15:06:29.103 [http-nio-8081-exec-7] DEBUG org.hibernate.SQL - select u1_0.user_id,u1_0.created_at,u1_0.email,u1_0.name,u1_0.password,u1_0.phone,u1_0.role,u1_0.status,u1_0.updated_at from users u1_0 where u1_0.email=?
2026-06-06 15:06:29.117 [http-nio-8081-exec-7] DEBUG c.H.service.EncounterService - Fetching encounter with ID: 1
2026-06-06 15:06:29.117 [http-nio-8081-exec-7] DEBUG org.hibernate.SQL - select e1_0.encounter_id,e1_0.chief_complaint,e1_0.clinician_id,e1_0.diagnoses_json,e1_0.end_at,e1_0.notes_json,e1_0.orders_json,e1_0.patient_id,e1_0.prescriptions_json,e1_0.signed_at,e1_0.signed_by,e1_0.start_at,e1_0.status,e1_0.visit_type,e1_0.vitals_json from encounters e1_0 where e1_0.encounter_id=?
2026-06-06 15:06:29.123 [http-nio-8081-exec-7] DEBUG org.hibernate.SQL - select p1_0.patient_id,p1_0.address_json,p1_0.contact_info_json,p1_0.created_at,p1_0.dob,p1_0.gender,p1_0.insurance_id,p1_0.mrn,p1_0.name,p1_0.primary_contact,p1_0.status,p1_0.updated_at,p1_0.version from patients p1_0 where p1_0.patient_id=?
2026-06-06 15:06:29.125 [http-nio-8081-exec-7] DEBUG org.hibernate.SQL - select u1_0.user_id,u1_0.created_at,u1_0.email,u1_0.name,u1_0.password,u1_0.phone,u1_0.role,u1_0.status,u1_0.updated_at from users u1_0 where u1_0.user_id=?
2026-06-06 15:06:29.133 [http-nio-8081-exec-7] INFO  c.H.service.EncounterService - Retrieved encounter - ID: 1
2026-06-06 15:06:46.749 [http-nio-8081-exec-8] DEBUG org.hibernate.SQL - select u1_0.user_id,u1_0.created_at,u1_0.email,u1_0.name,u1_0.password,u1_0.phone,u1_0.role,u1_0.status,u1_0.updated_at from users u1_0 where u1_0.email=?
2026-06-06 15:06:46.762 [http-nio-8081-exec-8] INFO  c.H.service.EncounterService - Updating encounter - ID: 1
2026-06-06 15:06:46.763 [http-nio-8081-exec-8] DEBUG org.hibernate.SQL - select e1_0.encounter_id,e1_0.chief_complaint,e1_0.clinician_id,e1_0.diagnoses_json,e1_0.end_at,e1_0.notes_json,e1_0.orders_json,e1_0.patient_id,e1_0.prescriptions_json,e1_0.signed_at,e1_0.signed_by,e1_0.start_at,e1_0.status,e1_0.visit_type,e1_0.vitals_json from encounters e1_0 where e1_0.encounter_id=?
2026-06-06 15:06:46.767 [http-nio-8081-exec-8] DEBUG org.hibernate.SQL - select u1_0.user_id,u1_0.created_at,u1_0.email,u1_0.name,u1_0.password,u1_0.phone,u1_0.role,u1_0.status,u1_0.updated_at from users u1_0 where u1_0.email=?
2026-06-06 15:06:46.777 [http-nio-8081-exec-8] INFO  c.H.service.EncounterService - Encounter updated successfully - ID: 1
2026-06-06 15:06:46.778 [http-nio-8081-exec-8] DEBUG org.hibernate.SQL - select p1_0.patient_id,p1_0.address_json,p1_0.contact_info_json,p1_0.created_at,p1_0.dob,p1_0.gender,p1_0.insurance_id,p1_0.mrn,p1_0.name,p1_0.primary_contact,p1_0.status,p1_0.updated_at,p1_0.version from patients p1_0 where p1_0.patient_id=?
2026-06-06 15:06:46.801 [http-nio-8081-exec-8] DEBUG org.hibernate.SQL - update encounters set chief_complaint=?,clinician_id=?,diagnoses_json=cast(? as json),end_at=?,notes_json=cast(? as json),orders_json=cast(? as json),patient_id=?,prescriptions_json=cast(? as json),signed_at=?,signed_by=?,start_at=?,status=?,visit_type=?,vitals_json=cast(? as json) where encounter_id=?
2026-06-06 15:06:55.882 [http-nio-8081-exec-9] DEBUG org.hibernate.SQL - select u1_0.user_id,u1_0.created_at,u1_0.email,u1_0.name,u1_0.password,u1_0.phone,u1_0.role,u1_0.status,u1_0.updated_at from users u1_0 where u1_0.email=?
2026-06-06 15:06:55.894 [http-nio-8081-exec-9] INFO  c.H.service.EncounterService - Updating encounter - ID: 1
2026-06-06 15:06:55.895 [http-nio-8081-exec-9] DEBUG org.hibernate.SQL - select e1_0.encounter_id,e1_0.chief_complaint,e1_0.clinician_id,e1_0.diagnoses_json,e1_0.end_at,e1_0.notes_json,e1_0.orders_json,e1_0.patient_id,e1_0.prescriptions_json,e1_0.signed_at,e1_0.signed_by,e1_0.start_at,e1_0.status,e1_0.visit_type,e1_0.vitals_json from encounters e1_0 where e1_0.encounter_id=?
2026-06-06 15:06:55.899 [http-nio-8081-exec-9] DEBUG org.hibernate.SQL - select u1_0.user_id,u1_0.created_at,u1_0.email,u1_0.name,u1_0.password,u1_0.phone,u1_0.role,u1_0.status,u1_0.updated_at from users u1_0 where u1_0.email=?
2026-06-06 15:06:55.903 [http-nio-8081-exec-9] INFO  c.H.service.EncounterService - Encounter updated successfully - ID: 1
2026-06-06 15:06:55.904 [http-nio-8081-exec-9] DEBUG org.hibernate.SQL - select p1_0.patient_id,p1_0.address_json,p1_0.contact_info_json,p1_0.created_at,p1_0.dob,p1_0.gender,p1_0.insurance_id,p1_0.mrn,p1_0.name,p1_0.primary_contact,p1_0.status,p1_0.updated_at,p1_0.version from patients p1_0 where p1_0.patient_id=?
2026-06-06 15:06:55.908 [http-nio-8081-exec-9] DEBUG org.hibernate.SQL - update encounters set chief_complaint=?,clinician_id=?,diagnoses_json=cast(? as json),end_at=?,notes_json=cast(? as json),orders_json=cast(? as json),patient_id=?,prescriptions_json=cast(? as json),signed_at=?,signed_by=?,start_at=?,status=?,visit_type=?,vitals_json=cast(? as json) where encounter_id=?
2026-06-06 15:06:59.656 [http-nio-8081-exec-2] DEBUG org.hibernate.SQL - select u1_0.user_id,u1_0.created_at,u1_0.email,u1_0.name,u1_0.password,u1_0.phone,u1_0.role,u1_0.status,u1_0.updated_at from users u1_0 where u1_0.email=?
2026-06-06 15:06:59.664 [http-nio-8081-exec-2] INFO  c.H.service.EncounterService - Updating encounter - ID: 1
2026-06-06 15:06:59.666 [http-nio-8081-exec-2] DEBUG org.hibernate.SQL - select e1_0.encounter_id,e1_0.chief_complaint,e1_0.clinician_id,e1_0.diagnoses_json,e1_0.end_at,e1_0.notes_json,e1_0.orders_json,e1_0.patient_id,e1_0.prescriptions_json,e1_0.signed_at,e1_0.signed_by,e1_0.start_at,e1_0.status,e1_0.visit_type,e1_0.vitals_json from encounters e1_0 where e1_0.encounter_id=?
2026-06-06 15:06:59.670 [http-nio-8081-exec-2] DEBUG org.hibernate.SQL - select u1_0.user_id,u1_0.created_at,u1_0.email,u1_0.name,u1_0.password,u1_0.phone,u1_0.role,u1_0.status,u1_0.updated_at from users u1_0 where u1_0.email=?
2026-06-06 15:06:59.672 [http-nio-8081-exec-2] INFO  c.H.service.EncounterService - Encounter updated successfully - ID: 1
2026-06-06 15:06:59.673 [http-nio-8081-exec-2] DEBUG org.hibernate.SQL - select p1_0.patient_id,p1_0.address_json,p1_0.contact_info_json,p1_0.created_at,p1_0.dob,p1_0.gender,p1_0.insurance_id,p1_0.mrn,p1_0.name,p1_0.primary_contact,p1_0.status,p1_0.updated_at,p1_0.version from patients p1_0 where p1_0.patient_id=?
2026-06-06 15:06:59.677 [http-nio-8081-exec-2] DEBUG org.hibernate.SQL - update encounters set chief_complaint=?,clinician_id=?,diagnoses_json=cast(? as json),end_at=?,notes_json=cast(? as json),orders_json=cast(? as json),patient_id=?,prescriptions_json=cast(? as json),signed_at=?,signed_by=?,start_at=?,status=?,visit_type=?,vitals_json=cast(? as json) where encounter_id=?
2026-06-06 15:07:03.794 [http-nio-8081-exec-1] DEBUG org.hibernate.SQL - select u1_0.user_id,u1_0.created_at,u1_0.email,u1_0.name,u1_0.password,u1_0.phone,u1_0.role,u1_0.status,u1_0.updated_at from users u1_0 where u1_0.email=?
2026-06-06 15:07:03.808 [http-nio-8081-exec-1] INFO  c.H.service.EncounterService - Updating encounter - ID: 1
2026-06-06 15:07:03.809 [http-nio-8081-exec-1] DEBUG org.hibernate.SQL - select e1_0.encounter_id,e1_0.chief_complaint,e1_0.clinician_id,e1_0.diagnoses_json,e1_0.end_at,e1_0.notes_json,e1_0.orders_json,e1_0.patient_id,e1_0.prescriptions_json,e1_0.signed_at,e1_0.signed_by,e1_0.start_at,e1_0.status,e1_0.visit_type,e1_0.vitals_json from encounters e1_0 where e1_0.encounter_id=?
2026-06-06 15:07:03.813 [http-nio-8081-exec-1] DEBUG org.hibernate.SQL - select u1_0.user_id,u1_0.created_at,u1_0.email,u1_0.name,u1_0.password,u1_0.phone,u1_0.role,u1_0.status,u1_0.updated_at from users u1_0 where u1_0.email=?
2026-06-06 15:07:03.816 [http-nio-8081-exec-1] INFO  c.H.service.EncounterService - Encounter updated successfully - ID: 1
2026-06-06 15:07:03.817 [http-nio-8081-exec-1] DEBUG org.hibernate.SQL - select p1_0.patient_id,p1_0.address_json,p1_0.contact_info_json,p1_0.created_at,p1_0.dob,p1_0.gender,p1_0.insurance_id,p1_0.mrn,p1_0.name,p1_0.primary_contact,p1_0.status,p1_0.updated_at,p1_0.version from patients p1_0 where p1_0.patient_id=?
2026-06-06 15:07:03.822 [http-nio-8081-exec-1] DEBUG org.hibernate.SQL - update encounters set chief_complaint=?,clinician_id=?,diagnoses_json=cast(? as json),end_at=?,notes_json=cast(? as json),orders_json=cast(? as json),patient_id=?,prescriptions_json=cast(? as json),signed_at=?,signed_by=?,start_at=?,status=?,visit_type=?,vitals_json=cast(? as json) where encounter_id=?
2026-06-06 15:07:09.164 [http-nio-8081-exec-4] DEBUG org.hibernate.SQL - select u1_0.user_id,u1_0.created_at,u1_0.email,u1_0.name,u1_0.password,u1_0.phone,u1_0.role,u1_0.status,u1_0.updated_at from users u1_0 where u1_0.email=?
2026-06-06 15:07:09.175 [http-nio-8081-exec-4] INFO  c.H.service.EncounterService - Updating encounter - ID: 1
2026-06-06 15:07:09.176 [http-nio-8081-exec-4] DEBUG org.hibernate.SQL - select e1_0.encounter_id,e1_0.chief_complaint,e1_0.clinician_id,e1_0.diagnoses_json,e1_0.end_at,e1_0.notes_json,e1_0.orders_json,e1_0.patient_id,e1_0.prescriptions_json,e1_0.signed_at,e1_0.signed_by,e1_0.start_at,e1_0.status,e1_0.visit_type,e1_0.vitals_json from encounters e1_0 where e1_0.encounter_id=?
2026-06-06 15:07:09.183 [http-nio-8081-exec-4] DEBUG org.hibernate.SQL - select u1_0.user_id,u1_0.created_at,u1_0.email,u1_0.name,u1_0.password,u1_0.phone,u1_0.role,u1_0.status,u1_0.updated_at from users u1_0 where u1_0.email=?
2026-06-06 15:07:09.189 [http-nio-8081-exec-4] INFO  c.H.service.EncounterService - Encounter updated successfully - ID: 1
2026-06-06 15:07:09.190 [http-nio-8081-exec-4] DEBUG org.hibernate.SQL - select p1_0.patient_id,p1_0.address_json,p1_0.contact_info_json,p1_0.created_at,p1_0.dob,p1_0.gender,p1_0.insurance_id,p1_0.mrn,p1_0.name,p1_0.primary_contact,p1_0.status,p1_0.updated_at,p1_0.version from patients p1_0 where p1_0.patient_id=?
2026-06-06 15:07:09.194 [http-nio-8081-exec-4] DEBUG org.hibernate.SQL - update encounters set chief_complaint=?,clinician_id=?,diagnoses_json=cast(? as json),end_at=?,notes_json=cast(? as json),orders_json=cast(? as json),patient_id=?,prescriptions_json=cast(? as json),signed_at=?,signed_by=?,start_at=?,status=?,visit_type=?,vitals_json=cast(? as json) where encounter_id=?
2026-06-06 15:08:01.111 [http-nio-8081-exec-10] DEBUG org.hibernate.SQL - select u1_0.user_id,u1_0.created_at,u1_0.email,u1_0.name,u1_0.password,u1_0.phone,u1_0.role,u1_0.status,u1_0.updated_at from users u1_0 where u1_0.email=?
2026-06-06 15:08:01.125 [http-nio-8081-exec-10] DEBUG c.H.service.EncounterService - Fetching encounter with ID: 1
2026-06-06 15:08:01.127 [http-nio-8081-exec-10] DEBUG org.hibernate.SQL - select e1_0.encounter_id,e1_0.chief_complaint,e1_0.clinician_id,e1_0.diagnoses_json,e1_0.end_at,e1_0.notes_json,e1_0.orders_json,e1_0.patient_id,e1_0.prescriptions_json,e1_0.signed_at,e1_0.signed_by,e1_0.start_at,e1_0.status,e1_0.visit_type,e1_0.vitals_json from encounters e1_0 where e1_0.encounter_id=?
2026-06-06 15:08:01.134 [http-nio-8081-exec-10] DEBUG org.hibernate.SQL - select p1_0.patient_id,p1_0.address_json,p1_0.contact_info_json,p1_0.created_at,p1_0.dob,p1_0.gender,p1_0.insurance_id,p1_0.mrn,p1_0.name,p1_0.primary_contact,p1_0.status,p1_0.updated_at,p1_0.version from patients p1_0 where p1_0.patient_id=?
2026-06-06 15:08:01.137 [http-nio-8081-exec-10] DEBUG org.hibernate.SQL - select u1_0.user_id,u1_0.created_at,u1_0.email,u1_0.name,u1_0.password,u1_0.phone,u1_0.role,u1_0.status,u1_0.updated_at from users u1_0 where u1_0.user_id=?
2026-06-06 15:08:01.143 [http-nio-8081-exec-10] INFO  c.H.service.EncounterService - Retrieved encounter - ID: 1
2026-06-06 15:08:01.158 [http-nio-8081-exec-9] DEBUG org.hibernate.SQL - select u1_0.user_id,u1_0.created_at,u1_0.email,u1_0.name,u1_0.password,u1_0.phone,u1_0.role,u1_0.status,u1_0.updated_at from users u1_0 where u1_0.email=?
2026-06-06 15:08:01.180 [http-nio-8081-exec-9] DEBUG c.H.service.EncounterService - Fetching encounter with ID: 1
2026-06-06 15:08:01.182 [http-nio-8081-exec-9] DEBUG org.hibernate.SQL - select e1_0.encounter_id,e1_0.chief_complaint,e1_0.clinician_id,e1_0.diagnoses_json,e1_0.end_at,e1_0.notes_json,e1_0.orders_json,e1_0.patient_id,e1_0.prescriptions_json,e1_0.signed_at,e1_0.signed_by,e1_0.start_at,e1_0.status,e1_0.visit_type,e1_0.vitals_json from encounters e1_0 where e1_0.encounter_id=?
2026-06-06 15:08:01.186 [http-nio-8081-exec-9] DEBUG org.hibernate.SQL - select p1_0.patient_id,p1_0.address_json,p1_0.contact_info_json,p1_0.created_at,p1_0.dob,p1_0.gender,p1_0.insurance_id,p1_0.mrn,p1_0.name,p1_0.primary_contact,p1_0.status,p1_0.updated_at,p1_0.version from patients p1_0 where p1_0.patient_id=?
2026-06-06 15:08:01.190 [http-nio-8081-exec-9] DEBUG org.hibernate.SQL - select u1_0.user_id,u1_0.created_at,u1_0.email,u1_0.name,u1_0.password,u1_0.phone,u1_0.role,u1_0.status,u1_0.updated_at from users u1_0 where u1_0.user_id=?
2026-06-06 15:08:01.201 [http-nio-8081-exec-9] INFO  c.H.service.EncounterService - Retrieved encounter - ID: 1
2026-06-06 15:08:14.517 [http-nio-8081-exec-1] DEBUG org.hibernate.SQL - select u1_0.user_id,u1_0.created_at,u1_0.email,u1_0.name,u1_0.password,u1_0.phone,u1_0.role,u1_0.status,u1_0.updated_at from users u1_0 where u1_0.email=?
2026-06-06 15:08:14.530 [http-nio-8081-exec-1] DEBUG c.H.service.EncounterService - Fetching encounter with ID: 1
2026-06-06 15:08:14.530 [http-nio-8081-exec-1] DEBUG org.hibernate.SQL - select e1_0.encounter_id,e1_0.chief_complaint,e1_0.clinician_id,e1_0.diagnoses_json,e1_0.end_at,e1_0.notes_json,e1_0.orders_json,e1_0.patient_id,e1_0.prescriptions_json,e1_0.signed_at,e1_0.signed_by,e1_0.start_at,e1_0.status,e1_0.visit_type,e1_0.vitals_json from encounters e1_0 where e1_0.encounter_id=?
2026-06-06 15:08:14.539 [http-nio-8081-exec-1] DEBUG org.hibernate.SQL - select p1_0.patient_id,p1_0.address_json,p1_0.contact_info_json,p1_0.created_at,p1_0.dob,p1_0.gender,p1_0.insurance_id,p1_0.mrn,p1_0.name,p1_0.primary_contact,p1_0.status,p1_0.updated_at,p1_0.version from patients p1_0 where p1_0.patient_id=?
2026-06-06 15:08:14.544 [http-nio-8081-exec-1] DEBUG org.hibernate.SQL - select u1_0.user_id,u1_0.created_at,u1_0.email,u1_0.name,u1_0.password,u1_0.phone,u1_0.role,u1_0.status,u1_0.updated_at from users u1_0 where u1_0.user_id=?
2026-06-06 15:08:14.547 [http-nio-8081-exec-1] INFO  c.H.service.EncounterService - Retrieved encounter - ID: 1
2026-06-06 15:08:14.560 [http-nio-8081-exec-3] DEBUG org.hibernate.SQL - select u1_0.user_id,u1_0.created_at,u1_0.email,u1_0.name,u1_0.password,u1_0.phone,u1_0.role,u1_0.status,u1_0.updated_at from users u1_0 where u1_0.email=?
2026-06-06 15:08:14.574 [http-nio-8081-exec-3] DEBUG c.H.service.EncounterService - Fetching encounter with ID: 1
2026-06-06 15:08:14.575 [http-nio-8081-exec-3] DEBUG org.hibernate.SQL - select e1_0.encounter_id,e1_0.chief_complaint,e1_0.clinician_id,e1_0.diagnoses_json,e1_0.end_at,e1_0.notes_json,e1_0.orders_json,e1_0.patient_id,e1_0.prescriptions_json,e1_0.signed_at,e1_0.signed_by,e1_0.start_at,e1_0.status,e1_0.visit_type,e1_0.vitals_json from encounters e1_0 where e1_0.encounter_id=?
2026-06-06 15:08:14.596 [http-nio-8081-exec-3] DEBUG org.hibernate.SQL - select p1_0.patient_id,p1_0.address_json,p1_0.contact_info_json,p1_0.created_at,p1_0.dob,p1_0.gender,p1_0.insurance_id,p1_0.mrn,p1_0.name,p1_0.primary_contact,p1_0.status,p1_0.updated_at,p1_0.version from patients p1_0 where p1_0.patient_id=?
2026-06-06 15:08:14.603 [http-nio-8081-exec-3] DEBUG org.hibernate.SQL - select u1_0.user_id,u1_0.created_at,u1_0.email,u1_0.name,u1_0.password,u1_0.phone,u1_0.role,u1_0.status,u1_0.updated_at from users u1_0 where u1_0.user_id=?
2026-06-06 15:08:14.603 [http-nio-8081-exec-3] INFO  c.H.service.EncounterService - Retrieved encounter - ID: 1
2026-06-06 15:08:16.727 [http-nio-8081-exec-7] DEBUG org.hibernate.SQL - select u1_0.user_id,u1_0.created_at,u1_0.email,u1_0.name,u1_0.password,u1_0.phone,u1_0.role,u1_0.status,u1_0.updated_at from users u1_0 where u1_0.email=?
2026-06-06 15:08:16.736 [http-nio-8081-exec-7] INFO  c.H.service.EncounterService - Completing encounter - ID: 1
2026-06-06 15:08:16.738 [http-nio-8081-exec-7] DEBUG org.hibernate.SQL - select e1_0.encounter_id,e1_0.chief_complaint,e1_0.clinician_id,e1_0.diagnoses_json,e1_0.end_at,e1_0.notes_json,e1_0.orders_json,e1_0.patient_id,e1_0.prescriptions_json,e1_0.signed_at,e1_0.signed_by,e1_0.start_at,e1_0.status,e1_0.visit_type,e1_0.vitals_json from encounters e1_0 where e1_0.encounter_id=?
2026-06-06 15:08:16.743 [http-nio-8081-exec-7] DEBUG org.hibernate.SQL - select u1_0.user_id,u1_0.created_at,u1_0.email,u1_0.name,u1_0.password,u1_0.phone,u1_0.role,u1_0.status,u1_0.updated_at from users u1_0 where u1_0.email=?
2026-06-06 15:08:16.746 [http-nio-8081-exec-7] INFO  c.H.service.EncounterService - Encounter completed successfully - ID: 1
2026-06-06 15:08:16.746 [http-nio-8081-exec-7] DEBUG org.hibernate.SQL - select p1_0.patient_id,p1_0.address_json,p1_0.contact_info_json,p1_0.created_at,p1_0.dob,p1_0.gender,p1_0.insurance_id,p1_0.mrn,p1_0.name,p1_0.primary_contact,p1_0.status,p1_0.updated_at,p1_0.version from patients p1_0 where p1_0.patient_id=?
2026-06-06 15:08:16.750 [http-nio-8081-exec-7] DEBUG org.hibernate.SQL - update encounters set chief_complaint=?,clinician_id=?,diagnoses_json=cast(? as json),end_at=?,notes_json=cast(? as json),orders_json=cast(? as json),patient_id=?,prescriptions_json=cast(? as json),signed_at=?,signed_by=?,start_at=?,status=?,visit_type=?,vitals_json=cast(? as json) where encounter_id=?
2026-06-06 15:08:19.531 [http-nio-8081-exec-10] DEBUG org.hibernate.SQL - select u1_0.user_id,u1_0.created_at,u1_0.email,u1_0.name,u1_0.password,u1_0.phone,u1_0.role,u1_0.status,u1_0.updated_at from users u1_0 where u1_0.email=?
2026-06-06 15:08:19.547 [http-nio-8081-exec-10] DEBUG c.H.service.EncounterService - Fetching all encounters
2026-06-06 15:08:19.552 [http-nio-8081-exec-10] DEBUG org.hibernate.SQL - select e1_0.encounter_id,e1_0.chief_complaint,e1_0.clinician_id,e1_0.diagnoses_json,e1_0.end_at,e1_0.notes_json,e1_0.orders_json,e1_0.patient_id,e1_0.prescriptions_json,e1_0.signed_at,e1_0.signed_by,e1_0.start_at,e1_0.status,e1_0.visit_type,e1_0.vitals_json from encounters e1_0
2026-06-06 15:08:19.557 [http-nio-8081-exec-10] DEBUG org.hibernate.SQL - select p1_0.patient_id,p1_0.address_json,p1_0.contact_info_json,p1_0.created_at,p1_0.dob,p1_0.gender,p1_0.insurance_id,p1_0.mrn,p1_0.name,p1_0.primary_contact,p1_0.status,p1_0.updated_at,p1_0.version from patients p1_0 where p1_0.patient_id=?
2026-06-06 15:08:19.561 [http-nio-8081-exec-10] DEBUG org.hibernate.SQL - select u1_0.user_id,u1_0.created_at,u1_0.email,u1_0.name,u1_0.password,u1_0.phone,u1_0.role,u1_0.status,u1_0.updated_at from users u1_0 where u1_0.user_id=?
2026-06-06 15:08:19.562 [http-nio-8081-exec-10] INFO  c.H.service.EncounterService - Retrieved 1 encounters
2026-06-06 15:08:19.574 [http-nio-8081-exec-9] DEBUG org.hibernate.SQL - select u1_0.user_id,u1_0.created_at,u1_0.email,u1_0.name,u1_0.password,u1_0.phone,u1_0.role,u1_0.status,u1_0.updated_at from users u1_0 where u1_0.email=?
2026-06-06 15:08:19.586 [http-nio-8081-exec-9] DEBUG c.H.service.EncounterService - Fetching all encounters
2026-06-06 15:08:19.586 [http-nio-8081-exec-9] DEBUG org.hibernate.SQL - select e1_0.encounter_id,e1_0.chief_complaint,e1_0.clinician_id,e1_0.diagnoses_json,e1_0.end_at,e1_0.notes_json,e1_0.orders_json,e1_0.patient_id,e1_0.prescriptions_json,e1_0.signed_at,e1_0.signed_by,e1_0.start_at,e1_0.status,e1_0.visit_type,e1_0.vitals_json from encounters e1_0
2026-06-06 15:08:19.598 [http-nio-8081-exec-9] DEBUG org.hibernate.SQL - select p1_0.patient_id,p1_0.address_json,p1_0.contact_info_json,p1_0.created_at,p1_0.dob,p1_0.gender,p1_0.insurance_id,p1_0.mrn,p1_0.name,p1_0.primary_contact,p1_0.status,p1_0.updated_at,p1_0.version from patients p1_0 where p1_0.patient_id=?
2026-06-06 15:08:19.603 [http-nio-8081-exec-9] DEBUG org.hibernate.SQL - select u1_0.user_id,u1_0.created_at,u1_0.email,u1_0.name,u1_0.password,u1_0.phone,u1_0.role,u1_0.status,u1_0.updated_at from users u1_0 where u1_0.user_id=?
2026-06-06 15:08:19.607 [http-nio-8081-exec-9] INFO  c.H.service.EncounterService - Retrieved 1 encounters
2026-06-06 15:08:22.746 [http-nio-8081-exec-2] DEBUG org.hibernate.SQL - select u1_0.user_id,u1_0.created_at,u1_0.email,u1_0.name,u1_0.password,u1_0.phone,u1_0.role,u1_0.status,u1_0.updated_at from users u1_0 where u1_0.email=?
2026-06-06 15:08:22.768 [http-nio-8081-exec-2] DEBUG c.H.service.EncounterService - Fetching all encounters
2026-06-06 15:08:22.771 [http-nio-8081-exec-2] DEBUG org.hibernate.SQL - select e1_0.encounter_id,e1_0.chief_complaint,e1_0.clinician_id,e1_0.diagnoses_json,e1_0.end_at,e1_0.notes_json,e1_0.orders_json,e1_0.patient_id,e1_0.prescriptions_json,e1_0.signed_at,e1_0.signed_by,e1_0.start_at,e1_0.status,e1_0.visit_type,e1_0.vitals_json from encounters e1_0
2026-06-06 15:08:22.777 [http-nio-8081-exec-2] DEBUG org.hibernate.SQL - select p1_0.patient_id,p1_0.address_json,p1_0.contact_info_json,p1_0.created_at,p1_0.dob,p1_0.gender,p1_0.insurance_id,p1_0.mrn,p1_0.name,p1_0.primary_contact,p1_0.status,p1_0.updated_at,p1_0.version from patients p1_0 where p1_0.patient_id=?
2026-06-06 15:08:22.779 [http-nio-8081-exec-2] DEBUG org.hibernate.SQL - select u1_0.user_id,u1_0.created_at,u1_0.email,u1_0.name,u1_0.password,u1_0.phone,u1_0.role,u1_0.status,u1_0.updated_at from users u1_0 where u1_0.user_id=?
2026-06-06 15:08:22.783 [http-nio-8081-exec-2] INFO  c.H.service.EncounterService - Retrieved 1 encounters
2026-06-06 15:08:22.797 [http-nio-8081-exec-5] DEBUG org.hibernate.SQL - select u1_0.user_id,u1_0.created_at,u1_0.email,u1_0.name,u1_0.password,u1_0.phone,u1_0.role,u1_0.status,u1_0.updated_at from users u1_0 where u1_0.email=?
2026-06-06 15:08:22.806 [http-nio-8081-exec-5] DEBUG c.H.service.EncounterService - Fetching all encounters
2026-06-06 15:08:22.809 [http-nio-8081-exec-5] DEBUG org.hibernate.SQL - select e1_0.encounter_id,e1_0.chief_complaint,e1_0.clinician_id,e1_0.diagnoses_json,e1_0.end_at,e1_0.notes_json,e1_0.orders_json,e1_0.patient_id,e1_0.prescriptions_json,e1_0.signed_at,e1_0.signed_by,e1_0.start_at,e1_0.status,e1_0.visit_type,e1_0.vitals_json from encounters e1_0
2026-06-06 15:08:22.814 [http-nio-8081-exec-5] DEBUG org.hibernate.SQL - select p1_0.patient_id,p1_0.address_json,p1_0.contact_info_json,p1_0.created_at,p1_0.dob,p1_0.gender,p1_0.insurance_id,p1_0.mrn,p1_0.name,p1_0.primary_contact,p1_0.status,p1_0.updated_at,p1_0.version from patients p1_0 where p1_0.patient_id=?
2026-06-06 15:08:22.818 [http-nio-8081-exec-5] DEBUG org.hibernate.SQL - select u1_0.user_id,u1_0.created_at,u1_0.email,u1_0.name,u1_0.password,u1_0.phone,u1_0.role,u1_0.status,u1_0.updated_at from users u1_0 where u1_0.user_id=?
2026-06-06 15:08:22.822 [http-nio-8081-exec-5] INFO  c.H.service.EncounterService - Retrieved 1 encounters
2026-06-06 15:08:59.044 [http-nio-8081-exec-4] DEBUG org.hibernate.SQL - select u1_0.user_id,u1_0.created_at,u1_0.email,u1_0.name,u1_0.password,u1_0.phone,u1_0.role,u1_0.status,u1_0.updated_at from users u1_0 where u1_0.email=?
2026-06-06 15:08:59.063 [http-nio-8081-exec-4] DEBUG c.H.service.EncounterService - Fetching encounter with ID: 1
2026-06-06 15:08:59.063 [http-nio-8081-exec-4] DEBUG org.hibernate.SQL - select e1_0.encounter_id,e1_0.chief_complaint,e1_0.clinician_id,e1_0.diagnoses_json,e1_0.end_at,e1_0.notes_json,e1_0.orders_json,e1_0.patient_id,e1_0.prescriptions_json,e1_0.signed_at,e1_0.signed_by,e1_0.start_at,e1_0.status,e1_0.visit_type,e1_0.vitals_json from encounters e1_0 where e1_0.encounter_id=?
2026-06-06 15:08:59.068 [http-nio-8081-exec-4] DEBUG org.hibernate.SQL - select p1_0.patient_id,p1_0.address_json,p1_0.contact_info_json,p1_0.created_at,p1_0.dob,p1_0.gender,p1_0.insurance_id,p1_0.mrn,p1_0.name,p1_0.primary_contact,p1_0.status,p1_0.updated_at,p1_0.version from patients p1_0 where p1_0.patient_id=?
2026-06-06 15:08:59.074 [http-nio-8081-exec-4] DEBUG org.hibernate.SQL - select u1_0.user_id,u1_0.created_at,u1_0.email,u1_0.name,u1_0.password,u1_0.phone,u1_0.role,u1_0.status,u1_0.updated_at from users u1_0 where u1_0.user_id=?
2026-06-06 15:08:59.074 [http-nio-8081-exec-4] INFO  c.H.service.EncounterService - Retrieved encounter - ID: 1
2026-06-06 15:08:59.090 [http-nio-8081-exec-7] DEBUG org.hibernate.SQL - select u1_0.user_id,u1_0.created_at,u1_0.email,u1_0.name,u1_0.password,u1_0.phone,u1_0.role,u1_0.status,u1_0.updated_at from users u1_0 where u1_0.email=?
2026-06-06 15:08:59.105 [http-nio-8081-exec-7] DEBUG c.H.service.EncounterService - Fetching encounter with ID: 1
2026-06-06 15:08:59.106 [http-nio-8081-exec-7] DEBUG org.hibernate.SQL - select e1_0.encounter_id,e1_0.chief_complaint,e1_0.clinician_id,e1_0.diagnoses_json,e1_0.end_at,e1_0.notes_json,e1_0.orders_json,e1_0.patient_id,e1_0.prescriptions_json,e1_0.signed_at,e1_0.signed_by,e1_0.start_at,e1_0.status,e1_0.visit_type,e1_0.vitals_json from encounters e1_0 where e1_0.encounter_id=?
2026-06-06 15:08:59.110 [http-nio-8081-exec-7] DEBUG org.hibernate.SQL - select p1_0.patient_id,p1_0.address_json,p1_0.contact_info_json,p1_0.created_at,p1_0.dob,p1_0.gender,p1_0.insurance_id,p1_0.mrn,p1_0.name,p1_0.primary_contact,p1_0.status,p1_0.updated_at,p1_0.version from patients p1_0 where p1_0.patient_id=?
2026-06-06 15:08:59.114 [http-nio-8081-exec-7] DEBUG org.hibernate.SQL - select u1_0.user_id,u1_0.created_at,u1_0.email,u1_0.name,u1_0.password,u1_0.phone,u1_0.role,u1_0.status,u1_0.updated_at from users u1_0 where u1_0.user_id=?
2026-06-06 15:08:59.118 [http-nio-8081-exec-7] INFO  c.H.service.EncounterService - Retrieved encounter - ID: 1
2026-06-06 15:09:01.828 [http-nio-8081-exec-6] DEBUG org.hibernate.SQL - select u1_0.user_id,u1_0.created_at,u1_0.email,u1_0.name,u1_0.password,u1_0.phone,u1_0.role,u1_0.status,u1_0.updated_at from users u1_0 where u1_0.email=?
2026-06-06 15:09:01.838 [http-nio-8081-exec-6] INFO  c.H.service.EncounterService - Deleting encounter - ID: 1
2026-06-06 15:09:01.839 [http-nio-8081-exec-6] DEBUG org.hibernate.SQL - select e1_0.encounter_id,e1_0.chief_complaint,e1_0.clinician_id,e1_0.diagnoses_json,e1_0.end_at,e1_0.notes_json,e1_0.orders_json,e1_0.patient_id,e1_0.prescriptions_json,e1_0.signed_at,e1_0.signed_by,e1_0.start_at,e1_0.status,e1_0.visit_type,e1_0.vitals_json from encounters e1_0 where e1_0.encounter_id=?
2026-06-06 15:09:01.855 [http-nio-8081-exec-6] INFO  c.H.service.EncounterService - Encounter deleted successfully - ID: 1
2026-06-06 15:09:01.855 [http-nio-8081-exec-6] DEBUG org.hibernate.SQL - delete from encounters where encounter_id=?
2026-06-06 15:09:01.992 [http-nio-8081-exec-9] DEBUG org.hibernate.SQL - select u1_0.user_id,u1_0.created_at,u1_0.email,u1_0.name,u1_0.password,u1_0.phone,u1_0.role,u1_0.status,u1_0.updated_at from users u1_0 where u1_0.email=?
2026-06-06 15:09:02.003 [http-nio-8081-exec-9] DEBUG c.H.service.EncounterService - Fetching all encounters
2026-06-06 15:09:02.006 [http-nio-8081-exec-9] DEBUG org.hibernate.SQL - select e1_0.encounter_id,e1_0.chief_complaint,e1_0.clinician_id,e1_0.diagnoses_json,e1_0.end_at,e1_0.notes_json,e1_0.orders_json,e1_0.patient_id,e1_0.prescriptions_json,e1_0.signed_at,e1_0.signed_by,e1_0.start_at,e1_0.status,e1_0.visit_type,e1_0.vitals_json from encounters e1_0
2026-06-06 15:09:02.009 [http-nio-8081-exec-9] INFO  c.H.service.EncounterService - Retrieved 0 encounters
2026-06-06 15:09:02.019 [http-nio-8081-exec-2] DEBUG org.hibernate.SQL - select u1_0.user_id,u1_0.created_at,u1_0.email,u1_0.name,u1_0.password,u1_0.phone,u1_0.role,u1_0.status,u1_0.updated_at from users u1_0 where u1_0.email=?
2026-06-06 15:09:02.027 [http-nio-8081-exec-2] DEBUG c.H.service.EncounterService - Fetching all encounters
2026-06-06 15:09:02.029 [http-nio-8081-exec-2] DEBUG org.hibernate.SQL - select e1_0.encounter_id,e1_0.chief_complaint,e1_0.clinician_id,e1_0.diagnoses_json,e1_0.end_at,e1_0.notes_json,e1_0.orders_json,e1_0.patient_id,e1_0.prescriptions_json,e1_0.signed_at,e1_0.signed_by,e1_0.start_at,e1_0.status,e1_0.visit_type,e1_0.vitals_json from encounters e1_0
2026-06-06 15:09:02.031 [http-nio-8081-exec-2] INFO  c.H.service.EncounterService - Retrieved 0 encounters
2026-06-06 15:12:08.221 [http-nio-8081-exec-7] DEBUG org.hibernate.SQL - select u1_0.user_id,u1_0.created_at,u1_0.email,u1_0.name,u1_0.password,u1_0.phone,u1_0.role,u1_0.status,u1_0.updated_at from users u1_0 where u1_0.email=?
2026-06-06 15:12:08.239 [http-nio-8081-exec-7] DEBUG c.H.service.PrescriptionService - Fetching all prescriptions
2026-06-06 15:12:08.244 [http-nio-8081-exec-7] DEBUG org.hibernate.SQL - select p1_0.rx_id,p1_0.clinician_id,p1_0.dosage,p1_0.duration_days,p1_0.encounter_id,p1_0.frequency,p1_0.issued_at,p1_0.med_id,p1_0.notes,p1_0.patient_id,p1_0.quantity,p1_0.repeats,p1_0.route,p1_0.status from prescriptions p1_0
2026-06-06 15:12:08.284 [http-nio-8081-exec-6] DEBUG org.hibernate.SQL - select u1_0.user_id,u1_0.created_at,u1_0.email,u1_0.name,u1_0.password,u1_0.phone,u1_0.role,u1_0.status,u1_0.updated_at from users u1_0 where u1_0.email=?
2026-06-06 15:12:08.292 [http-nio-8081-exec-6] DEBUG c.H.service.PrescriptionService - Fetching all prescriptions
2026-06-06 15:12:08.292 [http-nio-8081-exec-6] DEBUG org.hibernate.SQL - select p1_0.rx_id,p1_0.clinician_id,p1_0.dosage,p1_0.duration_days,p1_0.encounter_id,p1_0.frequency,p1_0.issued_at,p1_0.med_id,p1_0.notes,p1_0.patient_id,p1_0.quantity,p1_0.repeats,p1_0.route,p1_0.status from prescriptions p1_0
2026-06-06 15:12:11.126 [http-nio-8081-exec-9] DEBUG org.hibernate.SQL - select u1_0.user_id,u1_0.created_at,u1_0.email,u1_0.name,u1_0.password,u1_0.phone,u1_0.role,u1_0.status,u1_0.updated_at from users u1_0 where u1_0.email=?
2026-06-06 15:12:11.142 [http-nio-8081-exec-9] DEBUG c.H.service.EncounterService - Fetching all encounters
2026-06-06 15:12:11.145 [http-nio-8081-exec-9] DEBUG org.hibernate.SQL - select e1_0.encounter_id,e1_0.chief_complaint,e1_0.clinician_id,e1_0.diagnoses_json,e1_0.end_at,e1_0.notes_json,e1_0.orders_json,e1_0.patient_id,e1_0.prescriptions_json,e1_0.signed_at,e1_0.signed_by,e1_0.start_at,e1_0.status,e1_0.visit_type,e1_0.vitals_json from encounters e1_0
2026-06-06 15:12:11.148 [http-nio-8081-exec-9] INFO  c.H.service.EncounterService - Retrieved 0 encounters
2026-06-06 15:12:11.164 [http-nio-8081-exec-2] DEBUG org.hibernate.SQL - select u1_0.user_id,u1_0.created_at,u1_0.email,u1_0.name,u1_0.password,u1_0.phone,u1_0.role,u1_0.status,u1_0.updated_at from users u1_0 where u1_0.email=?
2026-06-06 15:12:11.178 [http-nio-8081-exec-2] DEBUG c.H.service.EncounterService - Fetching all encounters
2026-06-06 15:12:11.181 [http-nio-8081-exec-2] DEBUG org.hibernate.SQL - select e1_0.encounter_id,e1_0.chief_complaint,e1_0.clinician_id,e1_0.diagnoses_json,e1_0.end_at,e1_0.notes_json,e1_0.orders_json,e1_0.patient_id,e1_0.prescriptions_json,e1_0.signed_at,e1_0.signed_by,e1_0.start_at,e1_0.status,e1_0.visit_type,e1_0.vitals_json from encounters e1_0
2026-06-06 15:12:11.184 [http-nio-8081-exec-2] INFO  c.H.service.EncounterService - Retrieved 0 encounters
2026-06-06 15:13:58.361 [http-nio-8081-exec-3] DEBUG org.hibernate.SQL - select u1_0.user_id,u1_0.created_at,u1_0.email,u1_0.name,u1_0.password,u1_0.phone,u1_0.role,u1_0.status,u1_0.updated_at from users u1_0 where u1_0.email=?
2026-06-06 15:13:58.390 [http-nio-8081-exec-3] DEBUG c.H.service.PatientService - Fetching all patients from registry
2026-06-06 15:13:58.396 [http-nio-8081-exec-3] DEBUG org.hibernate.SQL - select p1_0.patient_id,p1_0.address_json,p1_0.contact_info_json,p1_0.created_at,p1_0.dob,p1_0.gender,p1_0.insurance_id,p1_0.mrn,p1_0.name,p1_0.primary_contact,p1_0.status,p1_0.updated_at,p1_0.version from patients p1_0
2026-06-06 15:13:58.413 [http-nio-8081-exec-3] INFO  c.H.service.PatientService - Retrieved 1 patients from registry
2026-06-06 15:17:00.675 [http-nio-8081-exec-6] DEBUG org.hibernate.SQL - select u1_0.user_id,u1_0.created_at,u1_0.email,u1_0.name,u1_0.password,u1_0.phone,u1_0.role,u1_0.status,u1_0.updated_at from users u1_0 where u1_0.email=?
2026-06-06 15:17:00.718 [http-nio-8081-exec-6] DEBUG c.H.service.PatientService - Fetching all patients from registry
2026-06-06 15:17:00.726 [http-nio-8081-exec-6] DEBUG org.hibernate.SQL - select p1_0.patient_id,p1_0.address_json,p1_0.contact_info_json,p1_0.created_at,p1_0.dob,p1_0.gender,p1_0.insurance_id,p1_0.mrn,p1_0.name,p1_0.primary_contact,p1_0.status,p1_0.updated_at,p1_0.version from patients p1_0
2026-06-06 15:17:00.733 [http-nio-8081-exec-6] INFO  c.H.service.PatientService - Retrieved 1 patients from registry
2026-06-06 15:17:02.903 [http-nio-8081-exec-8] DEBUG org.hibernate.SQL - select u1_0.user_id,u1_0.created_at,u1_0.email,u1_0.name,u1_0.password,u1_0.phone,u1_0.role,u1_0.status,u1_0.updated_at from users u1_0 where u1_0.email=?
2026-06-06 15:17:02.915 [http-nio-8081-exec-8] DEBUG c.H.service.PatientService - Fetching all patients from registry
2026-06-06 15:17:02.924 [http-nio-8081-exec-8] DEBUG org.hibernate.SQL - select p1_0.patient_id,p1_0.address_json,p1_0.contact_info_json,p1_0.created_at,p1_0.dob,p1_0.gender,p1_0.insurance_id,p1_0.mrn,p1_0.name,p1_0.primary_contact,p1_0.status,p1_0.updated_at,p1_0.version from patients p1_0
2026-06-06 15:17:02.925 [http-nio-8081-exec-8] INFO  c.H.service.PatientService - Retrieved 1 patients from registry
2026-06-06 15:17:10.203 [http-nio-8081-exec-9] DEBUG org.hibernate.SQL - select u1_0.user_id,u1_0.created_at,u1_0.email,u1_0.name,u1_0.password,u1_0.phone,u1_0.role,u1_0.status,u1_0.updated_at from users u1_0 where u1_0.email=?
2026-06-06 15:17:10.219 [http-nio-8081-exec-9] DEBUG c.H.service.PatientService - Fetching all patients from registry
2026-06-06 15:17:10.225 [http-nio-8081-exec-9] DEBUG org.hibernate.SQL - select p1_0.patient_id,p1_0.address_json,p1_0.contact_info_json,p1_0.created_at,p1_0.dob,p1_0.gender,p1_0.insurance_id,p1_0.mrn,p1_0.name,p1_0.primary_contact,p1_0.status,p1_0.updated_at,p1_0.version from patients p1_0
2026-06-06 15:17:10.228 [http-nio-8081-exec-9] INFO  c.H.service.PatientService - Retrieved 1 patients from registry
2026-06-06 15:17:22.449 [http-nio-8081-exec-1] DEBUG org.hibernate.SQL - select u1_0.user_id,u1_0.created_at,u1_0.email,u1_0.name,u1_0.password,u1_0.phone,u1_0.role,u1_0.status,u1_0.updated_at from users u1_0 where u1_0.email=?
2026-06-06 15:17:22.481 [http-nio-8081-exec-1] INFO  c.H.service.EncounterService - Creating new encounter - PatientID: 1, VisitType: Consultation
2026-06-06 15:17:22.486 [http-nio-8081-exec-1] DEBUG org.hibernate.SQL - select u1_0.user_id,u1_0.created_at,u1_0.email,u1_0.name,u1_0.password,u1_0.phone,u1_0.role,u1_0.status,u1_0.updated_at from users u1_0 where u1_0.email=?
2026-06-06 15:17:22.491 [http-nio-8081-exec-1] DEBUG org.hibernate.SQL - select p1_0.patient_id,p1_0.address_json,p1_0.contact_info_json,p1_0.created_at,p1_0.dob,p1_0.gender,p1_0.insurance_id,p1_0.mrn,p1_0.name,p1_0.primary_contact,p1_0.status,p1_0.updated_at,p1_0.version from patients p1_0 where p1_0.patient_id=?
2026-06-06 15:17:22.501 [http-nio-8081-exec-1] DEBUG org.hibernate.SQL - insert into encounters (chief_complaint,clinician_id,diagnoses_json,end_at,notes_json,orders_json,patient_id,prescriptions_json,signed_at,signed_by,start_at,status,visit_type,vitals_json) values (?,?,cast(? as json),?,cast(? as json),cast(? as json),?,cast(? as json),?,?,?,?,?,cast(? as json))
2026-06-06 15:17:22.520 [http-nio-8081-exec-1] INFO  c.H.service.EncounterService - Encounter created successfully - ID: 2
2026-06-06 15:17:22.682 [http-nio-8081-exec-3] DEBUG org.hibernate.SQL - select u1_0.user_id,u1_0.created_at,u1_0.email,u1_0.name,u1_0.password,u1_0.phone,u1_0.role,u1_0.status,u1_0.updated_at from users u1_0 where u1_0.email=?
2026-06-06 15:17:22.716 [http-nio-8081-exec-3] DEBUG c.H.service.EncounterService - Fetching encounter with ID: 2
2026-06-06 15:17:22.720 [http-nio-8081-exec-3] DEBUG org.hibernate.SQL - select e1_0.encounter_id,e1_0.chief_complaint,e1_0.clinician_id,e1_0.diagnoses_json,e1_0.end_at,e1_0.notes_json,e1_0.orders_json,e1_0.patient_id,e1_0.prescriptions_json,e1_0.signed_at,e1_0.signed_by,e1_0.start_at,e1_0.status,e1_0.visit_type,e1_0.vitals_json from encounters e1_0 where e1_0.encounter_id=?
2026-06-06 15:17:22.726 [http-nio-8081-exec-3] DEBUG org.hibernate.SQL - select p1_0.patient_id,p1_0.address_json,p1_0.contact_info_json,p1_0.created_at,p1_0.dob,p1_0.gender,p1_0.insurance_id,p1_0.mrn,p1_0.name,p1_0.primary_contact,p1_0.status,p1_0.updated_at,p1_0.version from patients p1_0 where p1_0.patient_id=?
2026-06-06 15:17:22.726 [http-nio-8081-exec-3] DEBUG org.hibernate.SQL - select u1_0.user_id,u1_0.created_at,u1_0.email,u1_0.name,u1_0.password,u1_0.phone,u1_0.role,u1_0.status,u1_0.updated_at from users u1_0 where u1_0.user_id=?
2026-06-06 15:17:22.732 [http-nio-8081-exec-3] INFO  c.H.service.EncounterService - Retrieved encounter - ID: 2
2026-06-06 15:17:22.753 [http-nio-8081-exec-4] DEBUG org.hibernate.SQL - select u1_0.user_id,u1_0.created_at,u1_0.email,u1_0.name,u1_0.password,u1_0.phone,u1_0.role,u1_0.status,u1_0.updated_at from users u1_0 where u1_0.email=?
2026-06-06 15:17:22.774 [http-nio-8081-exec-6] DEBUG org.hibernate.SQL - select u1_0.user_id,u1_0.created_at,u1_0.email,u1_0.name,u1_0.password,u1_0.phone,u1_0.role,u1_0.status,u1_0.updated_at from users u1_0 where u1_0.email=?
2026-06-06 15:17:22.776 [http-nio-8081-exec-4] DEBUG c.H.service.EncounterService - Fetching encounter with ID: 2
2026-06-06 15:17:22.776 [http-nio-8081-exec-4] DEBUG org.hibernate.SQL - select e1_0.encounter_id,e1_0.chief_complaint,e1_0.clinician_id,e1_0.diagnoses_json,e1_0.end_at,e1_0.notes_json,e1_0.orders_json,e1_0.patient_id,e1_0.prescriptions_json,e1_0.signed_at,e1_0.signed_by,e1_0.start_at,e1_0.status,e1_0.visit_type,e1_0.vitals_json from encounters e1_0 where e1_0.encounter_id=?
2026-06-06 15:17:22.786 [http-nio-8081-exec-4] DEBUG org.hibernate.SQL - select p1_0.patient_id,p1_0.address_json,p1_0.contact_info_json,p1_0.created_at,p1_0.dob,p1_0.gender,p1_0.insurance_id,p1_0.mrn,p1_0.name,p1_0.primary_contact,p1_0.status,p1_0.updated_at,p1_0.version from patients p1_0 where p1_0.patient_id=?
2026-06-06 15:17:22.786 [http-nio-8081-exec-4] DEBUG org.hibernate.SQL - select u1_0.user_id,u1_0.created_at,u1_0.email,u1_0.name,u1_0.password,u1_0.phone,u1_0.role,u1_0.status,u1_0.updated_at from users u1_0 where u1_0.user_id=?
2026-06-06 15:17:22.794 [http-nio-8081-exec-4] INFO  c.H.service.EncounterService - Retrieved encounter - ID: 2
2026-06-06 15:17:22.803 [http-nio-8081-exec-6] DEBUG c.H.service.PatientService - Fetching patient with ID: 1
2026-06-06 15:17:22.803 [http-nio-8081-exec-6] DEBUG c.H.service.PatientService - Looking up patient by ID: 1
2026-06-06 15:17:22.803 [http-nio-8081-exec-6] DEBUG org.hibernate.SQL - select p1_0.patient_id,p1_0.address_json,p1_0.contact_info_json,p1_0.created_at,p1_0.dob,p1_0.gender,p1_0.insurance_id,p1_0.mrn,p1_0.name,p1_0.primary_contact,p1_0.status,p1_0.updated_at,p1_0.version from patients p1_0 where p1_0.patient_id=?
2026-06-06 15:17:22.816 [http-nio-8081-exec-6] DEBUG c.H.service.PatientService - Found patient - ID: 1, MRN: MRN-DC7AD669
2026-06-06 15:17:22.819 [http-nio-8081-exec-6] INFO  c.H.service.PatientService - Retrieved patient - ID: 1, MRN: MRN-DC7AD669
2026-06-06 15:17:22.836 [http-nio-8081-exec-8] DEBUG org.hibernate.SQL - select u1_0.user_id,u1_0.created_at,u1_0.email,u1_0.name,u1_0.password,u1_0.phone,u1_0.role,u1_0.status,u1_0.updated_at from users u1_0 where u1_0.email=?
2026-06-06 15:17:22.844 [http-nio-8081-exec-8] DEBUG c.H.service.PatientService - Fetching patient with ID: 1
2026-06-06 15:17:22.844 [http-nio-8081-exec-8] DEBUG c.H.service.PatientService - Looking up patient by ID: 1
2026-06-06 15:17:22.849 [http-nio-8081-exec-8] DEBUG org.hibernate.SQL - select p1_0.patient_id,p1_0.address_json,p1_0.contact_info_json,p1_0.created_at,p1_0.dob,p1_0.gender,p1_0.insurance_id,p1_0.mrn,p1_0.name,p1_0.primary_contact,p1_0.status,p1_0.updated_at,p1_0.version from patients p1_0 where p1_0.patient_id=?
2026-06-06 15:17:22.855 [http-nio-8081-exec-8] DEBUG c.H.service.PatientService - Found patient - ID: 1, MRN: MRN-DC7AD669
2026-06-06 15:17:22.855 [http-nio-8081-exec-8] INFO  c.H.service.PatientService - Retrieved patient - ID: 1, MRN: MRN-DC7AD669
2026-06-06 15:17:44.724 [http-nio-8081-exec-9] DEBUG org.hibernate.SQL - select u1_0.user_id,u1_0.created_at,u1_0.email,u1_0.name,u1_0.password,u1_0.phone,u1_0.role,u1_0.status,u1_0.updated_at from users u1_0 where u1_0.email=?
2026-06-06 15:17:44.759 [http-nio-8081-exec-9] INFO  c.H.service.EncounterService - Updating encounter - ID: 2
2026-06-06 15:17:44.762 [http-nio-8081-exec-9] DEBUG org.hibernate.SQL - select e1_0.encounter_id,e1_0.chief_complaint,e1_0.clinician_id,e1_0.diagnoses_json,e1_0.end_at,e1_0.notes_json,e1_0.orders_json,e1_0.patient_id,e1_0.prescriptions_json,e1_0.signed_at,e1_0.signed_by,e1_0.start_at,e1_0.status,e1_0.visit_type,e1_0.vitals_json from encounters e1_0 where e1_0.encounter_id=?
2026-06-06 15:17:44.774 [http-nio-8081-exec-9] DEBUG org.hibernate.SQL - select u1_0.user_id,u1_0.created_at,u1_0.email,u1_0.name,u1_0.password,u1_0.phone,u1_0.role,u1_0.status,u1_0.updated_at from users u1_0 where u1_0.email=?
2026-06-06 15:17:44.780 [http-nio-8081-exec-9] INFO  c.H.service.EncounterService - Encounter updated successfully - ID: 2
2026-06-06 15:17:44.780 [http-nio-8081-exec-9] DEBUG org.hibernate.SQL - select p1_0.patient_id,p1_0.address_json,p1_0.contact_info_json,p1_0.created_at,p1_0.dob,p1_0.gender,p1_0.insurance_id,p1_0.mrn,p1_0.name,p1_0.primary_contact,p1_0.status,p1_0.updated_at,p1_0.version from patients p1_0 where p1_0.patient_id=?
2026-06-06 15:17:44.787 [http-nio-8081-exec-9] DEBUG org.hibernate.SQL - update encounters set chief_complaint=?,clinician_id=?,diagnoses_json=cast(? as json),end_at=?,notes_json=cast(? as json),orders_json=cast(? as json),patient_id=?,prescriptions_json=cast(? as json),signed_at=?,signed_by=?,start_at=?,status=?,visit_type=?,vitals_json=cast(? as json) where encounter_id=?
2026-06-06 15:18:03.208 [http-nio-8081-exec-1] DEBUG org.hibernate.SQL - select u1_0.user_id,u1_0.created_at,u1_0.email,u1_0.name,u1_0.password,u1_0.phone,u1_0.role,u1_0.status,u1_0.updated_at from users u1_0 where u1_0.email=?
2026-06-06 15:18:03.224 [http-nio-8081-exec-1] INFO  c.H.service.EncounterService - Updating encounter - ID: 2
2026-06-06 15:18:03.225 [http-nio-8081-exec-1] DEBUG org.hibernate.SQL - select e1_0.encounter_id,e1_0.chief_complaint,e1_0.clinician_id,e1_0.diagnoses_json,e1_0.end_at,e1_0.notes_json,e1_0.orders_json,e1_0.patient_id,e1_0.prescriptions_json,e1_0.signed_at,e1_0.signed_by,e1_0.start_at,e1_0.status,e1_0.visit_type,e1_0.vitals_json from encounters e1_0 where e1_0.encounter_id=?
2026-06-06 15:18:03.231 [http-nio-8081-exec-1] DEBUG org.hibernate.SQL - select u1_0.user_id,u1_0.created_at,u1_0.email,u1_0.name,u1_0.password,u1_0.phone,u1_0.role,u1_0.status,u1_0.updated_at from users u1_0 where u1_0.email=?
2026-06-06 15:18:03.237 [http-nio-8081-exec-1] INFO  c.H.service.EncounterService - Encounter updated successfully - ID: 2
2026-06-06 15:18:03.237 [http-nio-8081-exec-1] DEBUG org.hibernate.SQL - select p1_0.patient_id,p1_0.address_json,p1_0.contact_info_json,p1_0.created_at,p1_0.dob,p1_0.gender,p1_0.insurance_id,p1_0.mrn,p1_0.name,p1_0.primary_contact,p1_0.status,p1_0.updated_at,p1_0.version from patients p1_0 where p1_0.patient_id=?
2026-06-06 15:18:03.243 [http-nio-8081-exec-1] DEBUG org.hibernate.SQL - update encounters set chief_complaint=?,clinician_id=?,diagnoses_json=cast(? as json),end_at=?,notes_json=cast(? as json),orders_json=cast(? as json),patient_id=?,prescriptions_json=cast(? as json),signed_at=?,signed_by=?,start_at=?,status=?,visit_type=?,vitals_json=cast(? as json) where encounter_id=?
2026-06-06 15:18:06.987 [http-nio-8081-exec-5] DEBUG org.hibernate.SQL - select u1_0.user_id,u1_0.created_at,u1_0.email,u1_0.name,u1_0.password,u1_0.phone,u1_0.role,u1_0.status,u1_0.updated_at from users u1_0 where u1_0.email=?
2026-06-06 15:18:06.995 [http-nio-8081-exec-5] INFO  c.H.service.EncounterService - Updating encounter - ID: 2
2026-06-06 15:18:07.001 [http-nio-8081-exec-5] DEBUG org.hibernate.SQL - select e1_0.encounter_id,e1_0.chief_complaint,e1_0.clinician_id,e1_0.diagnoses_json,e1_0.end_at,e1_0.notes_json,e1_0.orders_json,e1_0.patient_id,e1_0.prescriptions_json,e1_0.signed_at,e1_0.signed_by,e1_0.start_at,e1_0.status,e1_0.visit_type,e1_0.vitals_json from encounters e1_0 where e1_0.encounter_id=?
2026-06-06 15:18:07.004 [http-nio-8081-exec-5] DEBUG org.hibernate.SQL - select u1_0.user_id,u1_0.created_at,u1_0.email,u1_0.name,u1_0.password,u1_0.phone,u1_0.role,u1_0.status,u1_0.updated_at from users u1_0 where u1_0.email=?
2026-06-06 15:18:07.010 [http-nio-8081-exec-5] INFO  c.H.service.EncounterService - Encounter updated successfully - ID: 2
2026-06-06 15:18:07.010 [http-nio-8081-exec-5] DEBUG org.hibernate.SQL - select p1_0.patient_id,p1_0.address_json,p1_0.contact_info_json,p1_0.created_at,p1_0.dob,p1_0.gender,p1_0.insurance_id,p1_0.mrn,p1_0.name,p1_0.primary_contact,p1_0.status,p1_0.updated_at,p1_0.version from patients p1_0 where p1_0.patient_id=?
2026-06-06 15:18:07.020 [http-nio-8081-exec-5] DEBUG org.hibernate.SQL - update encounters set chief_complaint=?,clinician_id=?,diagnoses_json=cast(? as json),end_at=?,notes_json=cast(? as json),orders_json=cast(? as json),patient_id=?,prescriptions_json=cast(? as json),signed_at=?,signed_by=?,start_at=?,status=?,visit_type=?,vitals_json=cast(? as json) where encounter_id=?
2026-06-06 15:18:10.445 [http-nio-8081-exec-7] DEBUG org.hibernate.SQL - select u1_0.user_id,u1_0.created_at,u1_0.email,u1_0.name,u1_0.password,u1_0.phone,u1_0.role,u1_0.status,u1_0.updated_at from users u1_0 where u1_0.email=?
2026-06-06 15:18:10.461 [http-nio-8081-exec-7] INFO  c.H.service.EncounterService - Updating encounter - ID: 2
2026-06-06 15:18:10.461 [http-nio-8081-exec-7] DEBUG org.hibernate.SQL - select e1_0.encounter_id,e1_0.chief_complaint,e1_0.clinician_id,e1_0.diagnoses_json,e1_0.end_at,e1_0.notes_json,e1_0.orders_json,e1_0.patient_id,e1_0.prescriptions_json,e1_0.signed_at,e1_0.signed_by,e1_0.start_at,e1_0.status,e1_0.visit_type,e1_0.vitals_json from encounters e1_0 where e1_0.encounter_id=?
2026-06-06 15:18:10.461 [http-nio-8081-exec-7] DEBUG org.hibernate.SQL - select u1_0.user_id,u1_0.created_at,u1_0.email,u1_0.name,u1_0.password,u1_0.phone,u1_0.role,u1_0.status,u1_0.updated_at from users u1_0 where u1_0.email=?
2026-06-06 15:18:10.470 [http-nio-8081-exec-7] INFO  c.H.service.EncounterService - Encounter updated successfully - ID: 2
2026-06-06 15:18:10.474 [http-nio-8081-exec-7] DEBUG org.hibernate.SQL - select p1_0.patient_id,p1_0.address_json,p1_0.contact_info_json,p1_0.created_at,p1_0.dob,p1_0.gender,p1_0.insurance_id,p1_0.mrn,p1_0.name,p1_0.primary_contact,p1_0.status,p1_0.updated_at,p1_0.version from patients p1_0 where p1_0.patient_id=?
2026-06-06 15:18:10.481 [http-nio-8081-exec-7] DEBUG org.hibernate.SQL - update encounters set chief_complaint=?,clinician_id=?,diagnoses_json=cast(? as json),end_at=?,notes_json=cast(? as json),orders_json=cast(? as json),patient_id=?,prescriptions_json=cast(? as json),signed_at=?,signed_by=?,start_at=?,status=?,visit_type=?,vitals_json=cast(? as json) where encounter_id=?
2026-06-06 15:18:14.880 [http-nio-8081-exec-4] DEBUG org.hibernate.SQL - select u1_0.user_id,u1_0.created_at,u1_0.email,u1_0.name,u1_0.password,u1_0.phone,u1_0.role,u1_0.status,u1_0.updated_at from users u1_0 where u1_0.email=?
2026-06-06 15:18:14.895 [http-nio-8081-exec-4] INFO  c.H.service.EncounterService - Updating encounter - ID: 2
2026-06-06 15:18:14.895 [http-nio-8081-exec-4] DEBUG org.hibernate.SQL - select e1_0.encounter_id,e1_0.chief_complaint,e1_0.clinician_id,e1_0.diagnoses_json,e1_0.end_at,e1_0.notes_json,e1_0.orders_json,e1_0.patient_id,e1_0.prescriptions_json,e1_0.signed_at,e1_0.signed_by,e1_0.start_at,e1_0.status,e1_0.visit_type,e1_0.vitals_json from encounters e1_0 where e1_0.encounter_id=?
2026-06-06 15:18:14.903 [http-nio-8081-exec-4] DEBUG org.hibernate.SQL - select u1_0.user_id,u1_0.created_at,u1_0.email,u1_0.name,u1_0.password,u1_0.phone,u1_0.role,u1_0.status,u1_0.updated_at from users u1_0 where u1_0.email=?
2026-06-06 15:18:14.911 [http-nio-8081-exec-4] INFO  c.H.service.EncounterService - Encounter updated successfully - ID: 2
2026-06-06 15:18:14.911 [http-nio-8081-exec-4] DEBUG org.hibernate.SQL - select p1_0.patient_id,p1_0.address_json,p1_0.contact_info_json,p1_0.created_at,p1_0.dob,p1_0.gender,p1_0.insurance_id,p1_0.mrn,p1_0.name,p1_0.primary_contact,p1_0.status,p1_0.updated_at,p1_0.version from patients p1_0 where p1_0.patient_id=?
2026-06-06 15:18:14.921 [http-nio-8081-exec-4] DEBUG org.hibernate.SQL - update encounters set chief_complaint=?,clinician_id=?,diagnoses_json=cast(? as json),end_at=?,notes_json=cast(? as json),orders_json=cast(? as json),patient_id=?,prescriptions_json=cast(? as json),signed_at=?,signed_by=?,start_at=?,status=?,visit_type=?,vitals_json=cast(? as json) where encounter_id=?
2026-06-06 15:18:21.996 [http-nio-8081-exec-10] DEBUG org.hibernate.SQL - select u1_0.user_id,u1_0.created_at,u1_0.email,u1_0.name,u1_0.password,u1_0.phone,u1_0.role,u1_0.status,u1_0.updated_at from users u1_0 where u1_0.email=?
2026-06-06 15:18:22.023 [http-nio-8081-exec-10] DEBUG c.H.service.PatientService - Fetching patient with ID: 1
2026-06-06 15:18:22.023 [http-nio-8081-exec-10] DEBUG c.H.service.PatientService - Looking up patient by ID: 1
2026-06-06 15:18:22.025 [http-nio-8081-exec-10] DEBUG org.hibernate.SQL - select p1_0.patient_id,p1_0.address_json,p1_0.contact_info_json,p1_0.created_at,p1_0.dob,p1_0.gender,p1_0.insurance_id,p1_0.mrn,p1_0.name,p1_0.primary_contact,p1_0.status,p1_0.updated_at,p1_0.version from patients p1_0 where p1_0.patient_id=?
2026-06-06 15:18:22.031 [http-nio-8081-exec-10] DEBUG c.H.service.PatientService - Found patient - ID: 1, MRN: MRN-DC7AD669
2026-06-06 15:18:22.033 [http-nio-8081-exec-10] INFO  c.H.service.PatientService - Retrieved patient - ID: 1, MRN: MRN-DC7AD669
2026-06-06 15:18:22.055 [http-nio-8081-exec-9] DEBUG org.hibernate.SQL - select u1_0.user_id,u1_0.created_at,u1_0.email,u1_0.name,u1_0.password,u1_0.phone,u1_0.role,u1_0.status,u1_0.updated_at from users u1_0 where u1_0.email=?
2026-06-06 15:18:22.078 [http-nio-8081-exec-9] DEBUG c.H.service.PatientService - Fetching patient with ID: 1
2026-06-06 15:18:22.078 [http-nio-8081-exec-9] DEBUG c.H.service.PatientService - Looking up patient by ID: 1
2026-06-06 15:18:22.081 [http-nio-8081-exec-9] DEBUG org.hibernate.SQL - select p1_0.patient_id,p1_0.address_json,p1_0.contact_info_json,p1_0.created_at,p1_0.dob,p1_0.gender,p1_0.insurance_id,p1_0.mrn,p1_0.name,p1_0.primary_contact,p1_0.status,p1_0.updated_at,p1_0.version from patients p1_0 where p1_0.patient_id=?
2026-06-06 15:18:22.089 [http-nio-8081-exec-9] DEBUG c.H.service.PatientService - Found patient - ID: 1, MRN: MRN-DC7AD669
2026-06-06 15:18:22.089 [http-nio-8081-exec-9] INFO  c.H.service.PatientService - Retrieved patient - ID: 1, MRN: MRN-DC7AD669
2026-06-06 15:18:29.014 [http-nio-8081-exec-1] DEBUG org.hibernate.SQL - select u1_0.user_id,u1_0.created_at,u1_0.email,u1_0.name,u1_0.password,u1_0.phone,u1_0.role,u1_0.status,u1_0.updated_at from users u1_0 where u1_0.email=?
2026-06-06 15:18:29.039 [http-nio-8081-exec-1] DEBUG c.H.service.MedicationMasterService - Fetching medications - Search: 1
2026-06-06 15:18:29.222 [http-nio-8081-exec-1] DEBUG org.hibernate.SQL - select mm1_0.med_id,mm1_0.atc_code,mm1_0.code,mm1_0.controlled_flag,mm1_0.formulation,mm1_0.name,mm1_0.status,mm1_0.strength from medication_master mm1_0 where upper(mm1_0.name) like upper(?) escape '\\' or upper(mm1_0.code) like upper(?) escape '\\'
2026-06-06 15:18:29.240 [http-nio-8081-exec-1] INFO  c.H.service.MedicationMasterService - Retrieved 0 medications
2026-06-06 15:18:31.212 [http-nio-8081-exec-3] DEBUG org.hibernate.SQL - select u1_0.user_id,u1_0.created_at,u1_0.email,u1_0.name,u1_0.password,u1_0.phone,u1_0.role,u1_0.status,u1_0.updated_at from users u1_0 where u1_0.email=?
2026-06-06 15:18:31.224 [http-nio-8081-exec-3] DEBUG c.H.service.MedicationMasterService - Fetching medications - Search: a
2026-06-06 15:18:31.225 [http-nio-8081-exec-3] DEBUG org.hibernate.SQL - select mm1_0.med_id,mm1_0.atc_code,mm1_0.code,mm1_0.controlled_flag,mm1_0.formulation,mm1_0.name,mm1_0.status,mm1_0.strength from medication_master mm1_0 where upper(mm1_0.name) like upper(?) escape '\\' or upper(mm1_0.code) like upper(?) escape '\\'
2026-06-06 15:18:31.229 [http-nio-8081-exec-3] INFO  c.H.service.MedicationMasterService - Retrieved 0 medications
2026-06-06 15:18:31.974 [http-nio-8081-exec-7] DEBUG org.hibernate.SQL - select u1_0.user_id,u1_0.created_at,u1_0.email,u1_0.name,u1_0.password,u1_0.phone,u1_0.role,u1_0.status,u1_0.updated_at from users u1_0 where u1_0.email=?
2026-06-06 15:18:31.990 [http-nio-8081-exec-7] DEBUG c.H.service.MedicationMasterService - Fetching medications - Search: a
2026-06-06 15:18:31.990 [http-nio-8081-exec-7] DEBUG org.hibernate.SQL - select mm1_0.med_id,mm1_0.atc_code,mm1_0.code,mm1_0.controlled_flag,mm1_0.formulation,mm1_0.name,mm1_0.status,mm1_0.strength from medication_master mm1_0 where upper(mm1_0.name) like upper(?) escape '\\' or upper(mm1_0.code) like upper(?) escape '\\'
2026-06-06 15:18:31.998 [http-nio-8081-exec-7] INFO  c.H.service.MedicationMasterService - Retrieved 0 medications
2026-06-06 15:18:32.234 [http-nio-8081-exec-6] DEBUG org.hibernate.SQL - select u1_0.user_id,u1_0.created_at,u1_0.email,u1_0.name,u1_0.password,u1_0.phone,u1_0.role,u1_0.status,u1_0.updated_at from users u1_0 where u1_0.email=?
2026-06-06 15:18:32.242 [http-nio-8081-exec-6] DEBUG c.H.service.MedicationMasterService - Fetching medications - Search: aa
2026-06-06 15:18:32.250 [http-nio-8081-exec-6] DEBUG org.hibernate.SQL - select mm1_0.med_id,mm1_0.atc_code,mm1_0.code,mm1_0.controlled_flag,mm1_0.formulation,mm1_0.name,mm1_0.status,mm1_0.strength from medication_master mm1_0 where upper(mm1_0.name) like upper(?) escape '\\' or upper(mm1_0.code) like upper(?) escape '\\'
2026-06-06 15:18:32.250 [http-nio-8081-exec-6] INFO  c.H.service.MedicationMasterService - Retrieved 0 medications
2026-06-06 15:18:32.545 [http-nio-8081-exec-8] DEBUG org.hibernate.SQL - select u1_0.user_id,u1_0.created_at,u1_0.email,u1_0.name,u1_0.password,u1_0.phone,u1_0.role,u1_0.status,u1_0.updated_at from users u1_0 where u1_0.email=?
2026-06-06 15:18:32.556 [http-nio-8081-exec-8] DEBUG c.H.service.MedicationMasterService - Fetching medications - Search: a
2026-06-06 15:18:32.564 [http-nio-8081-exec-8] DEBUG org.hibernate.SQL - select mm1_0.med_id,mm1_0.atc_code,mm1_0.code,mm1_0.controlled_flag,mm1_0.formulation,mm1_0.name,mm1_0.status,mm1_0.strength from medication_master mm1_0 where upper(mm1_0.name) like upper(?) escape '\\' or upper(mm1_0.code) like upper(?) escape '\\'
2026-06-06 15:18:32.564 [http-nio-8081-exec-8] INFO  c.H.service.MedicationMasterService - Retrieved 0 medications
2026-06-06 15:21:31.942 [http-nio-8081-exec-1] DEBUG org.hibernate.SQL - select u1_0.user_id,u1_0.created_at,u1_0.email,u1_0.name,u1_0.password,u1_0.phone,u1_0.role,u1_0.status,u1_0.updated_at from users u1_0 where u1_0.email=?
2026-06-06 15:21:31.970 [http-nio-8081-exec-1] DEBUG c.H.service.PatientService - Fetching all patients from registry
2026-06-06 15:21:31.977 [http-nio-8081-exec-1] DEBUG org.hibernate.SQL - select p1_0.patient_id,p1_0.address_json,p1_0.contact_info_json,p1_0.created_at,p1_0.dob,p1_0.gender,p1_0.insurance_id,p1_0.mrn,p1_0.name,p1_0.primary_contact,p1_0.status,p1_0.updated_at,p1_0.version from patients p1_0
2026-06-06 15:21:31.983 [http-nio-8081-exec-1] INFO  c.H.service.PatientService - Retrieved 1 patients from registry
2026-06-06 15:21:32.266 [http-nio-8081-exec-7] DEBUG org.hibernate.SQL - select u1_0.user_id,u1_0.created_at,u1_0.email,u1_0.name,u1_0.password,u1_0.phone,u1_0.role,u1_0.status,u1_0.updated_at from users u1_0 where u1_0.email=?
2026-06-06 15:21:32.299 [http-nio-8081-exec-7] DEBUG c.H.service.PatientService - Fetching patient with ID: 1
2026-06-06 15:21:32.301 [http-nio-8081-exec-7] DEBUG c.H.service.PatientService - Looking up patient by ID: 1
2026-06-06 15:21:32.303 [http-nio-8081-exec-7] DEBUG org.hibernate.SQL - select p1_0.patient_id,p1_0.address_json,p1_0.contact_info_json,p1_0.created_at,p1_0.dob,p1_0.gender,p1_0.insurance_id,p1_0.mrn,p1_0.name,p1_0.primary_contact,p1_0.status,p1_0.updated_at,p1_0.version from patients p1_0 where p1_0.patient_id=?
2026-06-06 15:21:32.318 [http-nio-8081-exec-7] DEBUG c.H.service.PatientService - Found patient - ID: 1, MRN: MRN-DC7AD669
2026-06-06 15:21:32.318 [http-nio-8081-exec-7] INFO  c.H.service.PatientService - Retrieved patient - ID: 1, MRN: MRN-DC7AD669
2026-06-06 15:21:32.328 [http-nio-8081-exec-4] DEBUG org.hibernate.SQL - select u1_0.user_id,u1_0.created_at,u1_0.email,u1_0.name,u1_0.password,u1_0.phone,u1_0.role,u1_0.status,u1_0.updated_at from users u1_0 where u1_0.email=?
2026-06-06 15:21:32.360 [http-nio-8081-exec-4] DEBUG c.H.service.PatientService - Fetching patient with ID: 1
2026-06-06 15:21:32.360 [http-nio-8081-exec-4] DEBUG c.H.service.PatientService - Looking up patient by ID: 1
2026-06-06 15:21:32.363 [http-nio-8081-exec-4] DEBUG org.hibernate.SQL - select p1_0.patient_id,p1_0.address_json,p1_0.contact_info_json,p1_0.created_at,p1_0.dob,p1_0.gender,p1_0.insurance_id,p1_0.mrn,p1_0.name,p1_0.primary_contact,p1_0.status,p1_0.updated_at,p1_0.version from patients p1_0 where p1_0.patient_id=?
2026-06-06 15:21:32.368 [http-nio-8081-exec-4] DEBUG c.H.service.PatientService - Found patient - ID: 1, MRN: MRN-DC7AD669
2026-06-06 15:21:32.368 [http-nio-8081-exec-4] INFO  c.H.service.PatientService - Retrieved patient - ID: 1, MRN: MRN-DC7AD669
2026-06-06 15:21:35.369 [http-nio-8081-exec-9] DEBUG org.hibernate.SQL - select u1_0.user_id,u1_0.created_at,u1_0.email,u1_0.name,u1_0.password,u1_0.phone,u1_0.role,u1_0.status,u1_0.updated_at from users u1_0 where u1_0.email=?
2026-06-06 15:21:35.389 [http-nio-8081-exec-9] DEBUG c.H.service.MedicationMasterService - Fetching medications - Search: 1
2026-06-06 15:21:35.393 [http-nio-8081-exec-9] DEBUG org.hibernate.SQL - select mm1_0.med_id,mm1_0.atc_code,mm1_0.code,mm1_0.controlled_flag,mm1_0.formulation,mm1_0.name,mm1_0.status,mm1_0.strength from medication_master mm1_0 where upper(mm1_0.name) like upper(?) escape '\\' or upper(mm1_0.code) like upper(?) escape '\\'
2026-06-06 15:21:35.416 [http-nio-8081-exec-9] INFO  c.H.service.MedicationMasterService - Retrieved 2 medications
2026-06-06 15:22:07.204 [http-nio-8081-exec-1] DEBUG org.hibernate.SQL - select u1_0.user_id,u1_0.created_at,u1_0.email,u1_0.name,u1_0.password,u1_0.phone,u1_0.role,u1_0.status,u1_0.updated_at from users u1_0 where u1_0.email=?
2026-06-06 15:22:07.376 [http-nio-8081-exec-1] INFO  c.H.service.PrescriptionService - Creating prescription for PatientID=1, EncounterID=2
2026-06-06 15:22:07.379 [http-nio-8081-exec-1] DEBUG org.hibernate.SQL - select e1_0.encounter_id,e1_0.chief_complaint,e1_0.clinician_id,e1_0.diagnoses_json,e1_0.end_at,e1_0.notes_json,e1_0.orders_json,e1_0.patient_id,e1_0.prescriptions_json,e1_0.signed_at,e1_0.signed_by,e1_0.start_at,e1_0.status,e1_0.visit_type,e1_0.vitals_json from encounters e1_0 where e1_0.encounter_id=?
2026-06-06 15:22:07.386 [http-nio-8081-exec-1] DEBUG org.hibernate.SQL - select p1_0.patient_id,p1_0.address_json,p1_0.contact_info_json,p1_0.created_at,p1_0.dob,p1_0.gender,p1_0.insurance_id,p1_0.mrn,p1_0.name,p1_0.primary_contact,p1_0.status,p1_0.updated_at,p1_0.version from patients p1_0 where p1_0.patient_id=?
2026-06-06 15:22:07.393 [http-nio-8081-exec-1] DEBUG org.hibernate.SQL - select mm1_0.med_id,mm1_0.atc_code,mm1_0.code,mm1_0.controlled_flag,mm1_0.formulation,mm1_0.name,mm1_0.status,mm1_0.strength from medication_master mm1_0 where mm1_0.med_id=?
2026-06-06 15:22:07.393 [http-nio-8081-exec-1] DEBUG org.hibernate.SQL - select u1_0.user_id,u1_0.created_at,u1_0.email,u1_0.name,u1_0.password,u1_0.phone,u1_0.role,u1_0.status,u1_0.updated_at from users u1_0 where u1_0.email=?
2026-06-06 15:22:07.404 [http-nio-8081-exec-1] DEBUG org.hibernate.SQL - insert into prescriptions (clinician_id,dosage,duration_days,encounter_id,frequency,issued_at,med_id,notes,patient_id,quantity,repeats,route,status) values (?,?,?,?,?,?,?,?,?,?,?,?,?)
2026-06-06 15:22:07.950 [http-nio-8081-exec-1] WARN  org.hibernate.orm.jdbc.error - HHH000247: ErrorCode: 1048, SQLState: 23000
2026-06-06 15:22:07.950 [http-nio-8081-exec-1] WARN  org.hibernate.orm.jdbc.error - Column 'status' cannot be null
2026-06-06 15:22:07.990 [http-nio-8081-exec-1] WARN  o.s.w.s.m.m.a.ExceptionHandlerExceptionResolver - Resolved [org.springframework.dao.DataIntegrityViolationException: could not execute statement [Column 'status' cannot be null] [insert into prescriptions (clinician_id,dosage,duration_days,encounter_id,frequency,issued_at,med_id,notes,patient_id,quantity,repeats,route,status) values (?,?,?,?,?,?,?,?,?,?,?,?,?)]; SQL [insert into prescriptions (clinician_id,dosage,duration_days,encounter_id,frequency,issued_at,med_id,notes,patient_id,quantity,repeats,route,status) values (?,?,?,?,?,?,?,?,?,?,?,?,?)]; constraint [status]]
2026-06-06 15:22:12.283 [http-nio-8081-exec-5] DEBUG org.hibernate.SQL - select u1_0.user_id,u1_0.created_at,u1_0.email,u1_0.name,u1_0.password,u1_0.phone,u1_0.role,u1_0.status,u1_0.updated_at from users u1_0 where u1_0.email=?
2026-06-06 15:22:12.296 [http-nio-8081-exec-5] INFO  c.H.service.PrescriptionService - Creating prescription for PatientID=1, EncounterID=2
2026-06-06 15:22:12.296 [http-nio-8081-exec-5] DEBUG org.hibernate.SQL - select e1_0.encounter_id,e1_0.chief_complaint,e1_0.clinician_id,e1_0.diagnoses_json,e1_0.end_at,e1_0.notes_json,e1_0.orders_json,e1_0.patient_id,e1_0.prescriptions_json,e1_0.signed_at,e1_0.signed_by,e1_0.start_at,e1_0.status,e1_0.visit_type,e1_0.vitals_json from encounters e1_0 where e1_0.encounter_id=?
2026-06-06 15:22:12.296 [http-nio-8081-exec-5] DEBUG org.hibernate.SQL - select p1_0.patient_id,p1_0.address_json,p1_0.contact_info_json,p1_0.created_at,p1_0.dob,p1_0.gender,p1_0.insurance_id,p1_0.mrn,p1_0.name,p1_0.primary_contact,p1_0.status,p1_0.updated_at,p1_0.version from patients p1_0 where p1_0.patient_id=?
2026-06-06 15:22:12.311 [http-nio-8081-exec-5] DEBUG org.hibernate.SQL - select mm1_0.med_id,mm1_0.atc_code,mm1_0.code,mm1_0.controlled_flag,mm1_0.formulation,mm1_0.name,mm1_0.status,mm1_0.strength from medication_master mm1_0 where mm1_0.med_id=?
2026-06-06 15:22:12.320 [http-nio-8081-exec-5] DEBUG org.hibernate.SQL - select u1_0.user_id,u1_0.created_at,u1_0.email,u1_0.name,u1_0.password,u1_0.phone,u1_0.role,u1_0.status,u1_0.updated_at from users u1_0 where u1_0.email=?
2026-06-06 15:22:12.324 [http-nio-8081-exec-5] DEBUG org.hibernate.SQL - insert into prescriptions (clinician_id,dosage,duration_days,encounter_id,frequency,issued_at,med_id,notes,patient_id,quantity,repeats,route,status) values (?,?,?,?,?,?,?,?,?,?,?,?,?)
2026-06-06 15:22:12.329 [http-nio-8081-exec-5] WARN  org.hibernate.orm.jdbc.error - HHH000247: ErrorCode: 1048, SQLState: 23000
2026-06-06 15:22:12.329 [http-nio-8081-exec-5] WARN  org.hibernate.orm.jdbc.error - Column 'status' cannot be null
2026-06-06 15:22:12.329 [http-nio-8081-exec-5] WARN  o.s.w.s.m.m.a.ExceptionHandlerExceptionResolver - Resolved [org.springframework.dao.DataIntegrityViolationException: could not execute statement [Column 'status' cannot be null] [insert into prescriptions (clinician_id,dosage,duration_days,encounter_id,frequency,issued_at,med_id,notes,patient_id,quantity,repeats,route,status) values (?,?,?,?,?,?,?,?,?,?,?,?,?)]; SQL [insert into prescriptions (clinician_id,dosage,duration_days,encounter_id,frequency,issued_at,med_id,notes,patient_id,quantity,repeats,route,status) values (?,?,?,?,?,?,?,?,?,?,?,?,?)]; constraint [status]]
2026-06-06 15:26:08.067 [http-nio-8081-exec-7] DEBUG org.hibernate.SQL - select u1_0.user_id,u1_0.created_at,u1_0.email,u1_0.name,u1_0.password,u1_0.phone,u1_0.role,u1_0.status,u1_0.updated_at from users u1_0 where u1_0.email=?
2026-06-06 15:26:08.091 [http-nio-8081-exec-7] DEBUG c.H.service.PatientService - Fetching patient with ID: 1
2026-06-06 15:26:08.091 [http-nio-8081-exec-7] DEBUG c.H.service.PatientService - Looking up patient by ID: 1
2026-06-06 15:26:08.093 [http-nio-8081-exec-7] DEBUG org.hibernate.SQL - select p1_0.patient_id,p1_0.address_json,p1_0.contact_info_json,p1_0.created_at,p1_0.dob,p1_0.gender,p1_0.insurance_id,p1_0.mrn,p1_0.name,p1_0.primary_contact,p1_0.status,p1_0.updated_at,p1_0.version from patients p1_0 where p1_0.patient_id=?
2026-06-06 15:26:08.099 [http-nio-8081-exec-7] DEBUG c.H.service.PatientService - Found patient - ID: 1, MRN: MRN-DC7AD669
2026-06-06 15:26:08.099 [http-nio-8081-exec-7] INFO  c.H.service.PatientService - Retrieved patient - ID: 1, MRN: MRN-DC7AD669
2026-06-06 15:31:27.949 [http-nio-8081-exec-8] DEBUG org.hibernate.SQL - select u1_0.user_id,u1_0.created_at,u1_0.email,u1_0.name,u1_0.password,u1_0.phone,u1_0.role,u1_0.status,u1_0.updated_at from users u1_0 where u1_0.email=?
2026-06-06 15:31:27.963 [http-nio-8081-exec-8] DEBUG c.H.service.MedicationMasterService - Fetching medications - Search: 1
2026-06-06 15:31:28.002 [http-nio-8081-exec-8] DEBUG org.hibernate.SQL - select mm1_0.med_id,mm1_0.atc_code,mm1_0.code,mm1_0.controlled_flag,mm1_0.formulation,mm1_0.name,mm1_0.status,mm1_0.strength from medication_master mm1_0 where upper(mm1_0.name) like upper(?) escape '\\' or upper(mm1_0.code) like upper(?) escape '\\'
2026-06-06 15:31:28.004 [http-nio-8081-exec-8] INFO  c.H.service.MedicationMasterService - Retrieved 2 medications
2026-06-06 15:31:50.925 [http-nio-8081-exec-9] DEBUG org.hibernate.SQL - select u1_0.user_id,u1_0.created_at,u1_0.email,u1_0.name,u1_0.password,u1_0.phone,u1_0.role,u1_0.status,u1_0.updated_at from users u1_0 where u1_0.email=?
2026-06-06 15:31:50.985 [http-nio-8081-exec-9] WARN  o.s.w.s.m.m.a.ExceptionHandlerExceptionResolver - Resolved [org.springframework.http.converter.HttpMessageNotReadableException: JSON parse error: Cannot deserialize value of type `com.HospitalManagement.enums.PrescriptionStatus` from String "ACTIVE": not one of the values accepted for Enum class: [CANCELLED, ISSUED, DISPENSED, DRAFT]]
2026-06-06 15:34:22.918 [http-nio-8081-exec-1] DEBUG org.hibernate.SQL - select u1_0.user_id,u1_0.created_at,u1_0.email,u1_0.name,u1_0.password,u1_0.phone,u1_0.role,u1_0.status,u1_0.updated_at from users u1_0 where u1_0.email=?
2026-06-06 15:34:22.998 [http-nio-8081-exec-1] INFO  c.H.service.PrescriptionService - Creating prescription for PatientID=1, EncounterID=2
2026-06-06 15:34:23.004 [http-nio-8081-exec-1] DEBUG org.hibernate.SQL - select e1_0.encounter_id,e1_0.chief_complaint,e1_0.clinician_id,e1_0.diagnoses_json,e1_0.end_at,e1_0.notes_json,e1_0.orders_json,e1_0.patient_id,e1_0.prescriptions_json,e1_0.signed_at,e1_0.signed_by,e1_0.start_at,e1_0.status,e1_0.visit_type,e1_0.vitals_json from encounters e1_0 where e1_0.encounter_id=?
2026-06-06 15:34:23.022 [http-nio-8081-exec-1] DEBUG org.hibernate.SQL - select p1_0.patient_id,p1_0.address_json,p1_0.contact_info_json,p1_0.created_at,p1_0.dob,p1_0.gender,p1_0.insurance_id,p1_0.mrn,p1_0.name,p1_0.primary_contact,p1_0.status,p1_0.updated_at,p1_0.version from patients p1_0 where p1_0.patient_id=?
2026-06-06 15:34:23.024 [http-nio-8081-exec-1] DEBUG org.hibernate.SQL - select mm1_0.med_id,mm1_0.atc_code,mm1_0.code,mm1_0.controlled_flag,mm1_0.formulation,mm1_0.name,mm1_0.status,mm1_0.strength from medication_master mm1_0 where mm1_0.med_id=?
2026-06-06 15:34:23.042 [http-nio-8081-exec-1] DEBUG org.hibernate.SQL - select u1_0.user_id,u1_0.created_at,u1_0.email,u1_0.name,u1_0.password,u1_0.phone,u1_0.role,u1_0.status,u1_0.updated_at from users u1_0 where u1_0.email=?
2026-06-06 15:34:23.058 [http-nio-8081-exec-1] DEBUG org.hibernate.SQL - insert into prescriptions (clinician_id,dosage,duration_days,encounter_id,frequency,issued_at,med_id,notes,patient_id,quantity,repeats,route,status) values (?,?,?,?,?,?,?,?,?,?,?,?,?)
2026-06-06 15:34:23.458 [http-nio-8081-exec-7] DEBUG org.hibernate.SQL - select u1_0.user_id,u1_0.created_at,u1_0.email,u1_0.name,u1_0.password,u1_0.phone,u1_0.role,u1_0.status,u1_0.updated_at from users u1_0 where u1_0.email=?
2026-06-06 15:34:23.502 [http-nio-8081-exec-7] DEBUG c.H.service.EncounterService - Fetching encounter with ID: 2
2026-06-06 15:34:23.502 [http-nio-8081-exec-7] DEBUG org.hibernate.SQL - select e1_0.encounter_id,e1_0.chief_complaint,e1_0.clinician_id,e1_0.diagnoses_json,e1_0.end_at,e1_0.notes_json,e1_0.orders_json,e1_0.patient_id,e1_0.prescriptions_json,e1_0.signed_at,e1_0.signed_by,e1_0.start_at,e1_0.status,e1_0.visit_type,e1_0.vitals_json from encounters e1_0 where e1_0.encounter_id=?
2026-06-06 15:34:23.513 [http-nio-8081-exec-7] DEBUG org.hibernate.SQL - select p1_0.patient_id,p1_0.address_json,p1_0.contact_info_json,p1_0.created_at,p1_0.dob,p1_0.gender,p1_0.insurance_id,p1_0.mrn,p1_0.name,p1_0.primary_contact,p1_0.status,p1_0.updated_at,p1_0.version from patients p1_0 where p1_0.patient_id=?
2026-06-06 15:34:23.520 [http-nio-8081-exec-7] DEBUG org.hibernate.SQL - select u1_0.user_id,u1_0.created_at,u1_0.email,u1_0.name,u1_0.password,u1_0.phone,u1_0.role,u1_0.status,u1_0.updated_at from users u1_0 where u1_0.user_id=?
2026-06-06 15:34:23.532 [http-nio-8081-exec-7] INFO  c.H.service.EncounterService - Retrieved encounter - ID: 2
2026-06-06 15:34:23.564 [http-nio-8081-exec-4] DEBUG org.hibernate.SQL - select u1_0.user_id,u1_0.created_at,u1_0.email,u1_0.name,u1_0.password,u1_0.phone,u1_0.role,u1_0.status,u1_0.updated_at from users u1_0 where u1_0.email=?
2026-06-06 15:34:23.577 [http-nio-8081-exec-8] DEBUG org.hibernate.SQL - select u1_0.user_id,u1_0.created_at,u1_0.email,u1_0.name,u1_0.password,u1_0.phone,u1_0.role,u1_0.status,u1_0.updated_at from users u1_0 where u1_0.email=?
2026-06-06 15:34:23.620 [http-nio-8081-exec-4] DEBUG c.H.service.EncounterService - Fetching encounter with ID: 2
2026-06-06 15:34:23.626 [http-nio-8081-exec-4] DEBUG org.hibernate.SQL - select e1_0.encounter_id,e1_0.chief_complaint,e1_0.clinician_id,e1_0.diagnoses_json,e1_0.end_at,e1_0.notes_json,e1_0.orders_json,e1_0.patient_id,e1_0.prescriptions_json,e1_0.signed_at,e1_0.signed_by,e1_0.start_at,e1_0.status,e1_0.visit_type,e1_0.vitals_json from encounters e1_0 where e1_0.encounter_id=?
2026-06-06 15:34:23.633 [http-nio-8081-exec-8] DEBUG c.H.service.PatientService - Fetching patient with ID: 1
2026-06-06 15:34:23.633 [http-nio-8081-exec-8] DEBUG c.H.service.PatientService - Looking up patient by ID: 1
2026-06-06 15:34:23.636 [http-nio-8081-exec-4] DEBUG org.hibernate.SQL - select p1_0.patient_id,p1_0.address_json,p1_0.contact_info_json,p1_0.created_at,p1_0.dob,p1_0.gender,p1_0.insurance_id,p1_0.mrn,p1_0.name,p1_0.primary_contact,p1_0.status,p1_0.updated_at,p1_0.version from patients p1_0 where p1_0.patient_id=?
2026-06-06 15:34:23.636 [http-nio-8081-exec-8] DEBUG org.hibernate.SQL - select p1_0.patient_id,p1_0.address_json,p1_0.contact_info_json,p1_0.created_at,p1_0.dob,p1_0.gender,p1_0.insurance_id,p1_0.mrn,p1_0.name,p1_0.primary_contact,p1_0.status,p1_0.updated_at,p1_0.version from patients p1_0 where p1_0.patient_id=?
2026-06-06 15:34:23.650 [http-nio-8081-exec-4] DEBUG org.hibernate.SQL - select u1_0.user_id,u1_0.created_at,u1_0.email,u1_0.name,u1_0.password,u1_0.phone,u1_0.role,u1_0.status,u1_0.updated_at from users u1_0 where u1_0.user_id=?
2026-06-06 15:34:23.662 [http-nio-8081-exec-4] INFO  c.H.service.EncounterService - Retrieved encounter - ID: 2
2026-06-06 15:34:23.672 [http-nio-8081-exec-8] DEBUG c.H.service.PatientService - Found patient - ID: 1, MRN: MRN-DC7AD669
2026-06-06 15:34:23.674 [http-nio-8081-exec-8] INFO  c.H.service.PatientService - Retrieved patient - ID: 1, MRN: MRN-DC7AD669
2026-06-06 15:34:23.699 [http-nio-8081-exec-10] DEBUG org.hibernate.SQL - select u1_0.user_id,u1_0.created_at,u1_0.email,u1_0.name,u1_0.password,u1_0.phone,u1_0.role,u1_0.status,u1_0.updated_at from users u1_0 where u1_0.email=?
2026-06-06 15:34:23.750 [http-nio-8081-exec-10] DEBUG c.H.service.PatientService - Fetching patient with ID: 1
2026-06-06 15:34:23.750 [http-nio-8081-exec-10] DEBUG c.H.service.PatientService - Looking up patient by ID: 1
2026-06-06 15:34:23.750 [http-nio-8081-exec-10] DEBUG org.hibernate.SQL - select p1_0.patient_id,p1_0.address_json,p1_0.contact_info_json,p1_0.created_at,p1_0.dob,p1_0.gender,p1_0.insurance_id,p1_0.mrn,p1_0.name,p1_0.primary_contact,p1_0.status,p1_0.updated_at,p1_0.version from patients p1_0 where p1_0.patient_id=?
2026-06-06 15:34:23.758 [http-nio-8081-exec-10] DEBUG c.H.service.PatientService - Found patient - ID: 1, MRN: MRN-DC7AD669
2026-06-06 15:34:23.758 [http-nio-8081-exec-10] INFO  c.H.service.PatientService - Retrieved patient - ID: 1, MRN: MRN-DC7AD669
2026-06-06 15:34:54.380 [http-nio-8081-exec-2] DEBUG org.hibernate.SQL - select u1_0.user_id,u1_0.created_at,u1_0.email,u1_0.name,u1_0.password,u1_0.phone,u1_0.role,u1_0.status,u1_0.updated_at from users u1_0 where u1_0.email=?
2026-06-06 15:34:54.425 [http-nio-8081-exec-2] INFO  c.H.service.EncounterService - Completing encounter - ID: 2
2026-06-06 15:34:54.427 [http-nio-8081-exec-2] DEBUG org.hibernate.SQL - select e1_0.encounter_id,e1_0.chief_complaint,e1_0.clinician_id,e1_0.diagnoses_json,e1_0.end_at,e1_0.notes_json,e1_0.orders_json,e1_0.patient_id,e1_0.prescriptions_json,e1_0.signed_at,e1_0.signed_by,e1_0.start_at,e1_0.status,e1_0.visit_type,e1_0.vitals_json from encounters e1_0 where e1_0.encounter_id=?
2026-06-06 15:34:54.436 [http-nio-8081-exec-2] DEBUG org.hibernate.SQL - select u1_0.user_id,u1_0.created_at,u1_0.email,u1_0.name,u1_0.password,u1_0.phone,u1_0.role,u1_0.status,u1_0.updated_at from users u1_0 where u1_0.email=?
2026-06-06 15:34:54.447 [http-nio-8081-exec-2] INFO  c.H.service.EncounterService - Encounter completed successfully - ID: 2
2026-06-06 15:34:54.447 [http-nio-8081-exec-2] DEBUG org.hibernate.SQL - select p1_0.patient_id,p1_0.address_json,p1_0.contact_info_json,p1_0.created_at,p1_0.dob,p1_0.gender,p1_0.insurance_id,p1_0.mrn,p1_0.name,p1_0.primary_contact,p1_0.status,p1_0.updated_at,p1_0.version from patients p1_0 where p1_0.patient_id=?
2026-06-06 15:34:54.464 [http-nio-8081-exec-2] DEBUG org.hibernate.SQL - update encounters set chief_complaint=?,clinician_id=?,diagnoses_json=cast(? as json),end_at=?,notes_json=cast(? as json),orders_json=cast(? as json),patient_id=?,prescriptions_json=cast(? as json),signed_at=?,signed_by=?,start_at=?,status=?,visit_type=?,vitals_json=cast(? as json) where encounter_id=?
2026-06-06 15:35:04.015 [http-nio-8081-exec-3] DEBUG org.hibernate.SQL - select u1_0.user_id,u1_0.created_at,u1_0.email,u1_0.name,u1_0.password,u1_0.phone,u1_0.role,u1_0.status,u1_0.updated_at from users u1_0 where u1_0.email=?
2026-06-06 15:35:04.048 [http-nio-8081-exec-3] DEBUG c.H.service.PrescriptionService - Fetching all prescriptions
2026-06-06 15:35:04.067 [http-nio-8081-exec-3] DEBUG org.hibernate.SQL - select p1_0.rx_id,p1_0.clinician_id,p1_0.dosage,p1_0.duration_days,p1_0.encounter_id,p1_0.frequency,p1_0.issued_at,p1_0.med_id,p1_0.notes,p1_0.patient_id,p1_0.quantity,p1_0.repeats,p1_0.route,p1_0.status from prescriptions p1_0
2026-06-06 15:35:04.085 [http-nio-8081-exec-3] DEBUG org.hibernate.SQL - select p1_0.patient_id,p1_0.address_json,p1_0.contact_info_json,p1_0.created_at,p1_0.dob,p1_0.gender,p1_0.insurance_id,p1_0.mrn,p1_0.name,p1_0.primary_contact,p1_0.status,p1_0.updated_at,p1_0.version from patients p1_0 where p1_0.patient_id=?
2026-06-06 15:35:04.095 [http-nio-8081-exec-3] DEBUG org.hibernate.SQL - select u1_0.user_id,u1_0.created_at,u1_0.email,u1_0.name,u1_0.password,u1_0.phone,u1_0.role,u1_0.status,u1_0.updated_at from users u1_0 where u1_0.user_id=?
2026-06-06 15:35:04.112 [http-nio-8081-exec-3] DEBUG org.hibernate.SQL - select mm1_0.med_id,mm1_0.atc_code,mm1_0.code,mm1_0.controlled_flag,mm1_0.formulation,mm1_0.name,mm1_0.status,mm1_0.strength from medication_master mm1_0 where mm1_0.med_id=?
2026-06-06 15:35:04.154 [http-nio-8081-exec-7] DEBUG org.hibernate.SQL - select u1_0.user_id,u1_0.created_at,u1_0.email,u1_0.name,u1_0.password,u1_0.phone,u1_0.role,u1_0.status,u1_0.updated_at from users u1_0 where u1_0.email=?
2026-06-06 15:35:04.177 [http-nio-8081-exec-7] DEBUG c.H.service.PrescriptionService - Fetching all prescriptions
2026-06-06 15:35:04.186 [http-nio-8081-exec-7] DEBUG org.hibernate.SQL - select p1_0.rx_id,p1_0.clinician_id,p1_0.dosage,p1_0.duration_days,p1_0.encounter_id,p1_0.frequency,p1_0.issued_at,p1_0.med_id,p1_0.notes,p1_0.patient_id,p1_0.quantity,p1_0.repeats,p1_0.route,p1_0.status from prescriptions p1_0
2026-06-06 15:35:04.191 [http-nio-8081-exec-7] DEBUG org.hibernate.SQL - select p1_0.patient_id,p1_0.address_json,p1_0.contact_info_json,p1_0.created_at,p1_0.dob,p1_0.gender,p1_0.insurance_id,p1_0.mrn,p1_0.name,p1_0.primary_contact,p1_0.status,p1_0.updated_at,p1_0.version from patients p1_0 where p1_0.patient_id=?
2026-06-06 15:35:04.200 [http-nio-8081-exec-7] DEBUG org.hibernate.SQL - select u1_0.user_id,u1_0.created_at,u1_0.email,u1_0.name,u1_0.password,u1_0.phone,u1_0.role,u1_0.status,u1_0.updated_at from users u1_0 where u1_0.user_id=?
2026-06-06 15:35:04.211 [http-nio-8081-exec-7] DEBUG org.hibernate.SQL - select mm1_0.med_id,mm1_0.atc_code,mm1_0.code,mm1_0.controlled_flag,mm1_0.formulation,mm1_0.name,mm1_0.status,mm1_0.strength from medication_master mm1_0 where mm1_0.med_id=?
2026-06-06 15:35:06.125 [http-nio-8081-exec-8] DEBUG org.hibernate.SQL - select u1_0.user_id,u1_0.created_at,u1_0.email,u1_0.name,u1_0.password,u1_0.phone,u1_0.role,u1_0.status,u1_0.updated_at from users u1_0 where u1_0.email=?
2026-06-06 15:35:06.172 [http-nio-8081-exec-8] DEBUG c.H.service.PrescriptionService - Fetching prescription with ID: 1
2026-06-06 15:35:06.185 [http-nio-8081-exec-8] DEBUG org.hibernate.SQL - select p1_0.rx_id,p1_0.clinician_id,p1_0.dosage,p1_0.duration_days,p1_0.encounter_id,p1_0.frequency,p1_0.issued_at,p1_0.med_id,p1_0.notes,p1_0.patient_id,p1_0.quantity,p1_0.repeats,p1_0.route,p1_0.status from prescriptions p1_0 where p1_0.rx_id=?
2026-06-06 15:35:06.199 [http-nio-8081-exec-8] DEBUG org.hibernate.SQL - select p1_0.patient_id,p1_0.address_json,p1_0.contact_info_json,p1_0.created_at,p1_0.dob,p1_0.gender,p1_0.insurance_id,p1_0.mrn,p1_0.name,p1_0.primary_contact,p1_0.status,p1_0.updated_at,p1_0.version from patients p1_0 where p1_0.patient_id=?
2026-06-06 15:35:06.207 [http-nio-8081-exec-8] DEBUG org.hibernate.SQL - select u1_0.user_id,u1_0.created_at,u1_0.email,u1_0.name,u1_0.password,u1_0.phone,u1_0.role,u1_0.status,u1_0.updated_at from users u1_0 where u1_0.user_id=?
2026-06-06 15:35:06.212 [http-nio-8081-exec-8] DEBUG org.hibernate.SQL - select mm1_0.med_id,mm1_0.atc_code,mm1_0.code,mm1_0.controlled_flag,mm1_0.formulation,mm1_0.name,mm1_0.status,mm1_0.strength from medication_master mm1_0 where mm1_0.med_id=?
2026-06-06 15:35:06.238 [http-nio-8081-exec-10] DEBUG org.hibernate.SQL - select u1_0.user_id,u1_0.created_at,u1_0.email,u1_0.name,u1_0.password,u1_0.phone,u1_0.role,u1_0.status,u1_0.updated_at from users u1_0 where u1_0.email=?
2026-06-06 15:35:06.263 [http-nio-8081-exec-10] DEBUG c.H.service.PrescriptionService - Fetching prescription with ID: 1
2026-06-06 15:35:06.265 [http-nio-8081-exec-10] DEBUG org.hibernate.SQL - select p1_0.rx_id,p1_0.clinician_id,p1_0.dosage,p1_0.duration_days,p1_0.encounter_id,p1_0.frequency,p1_0.issued_at,p1_0.med_id,p1_0.notes,p1_0.patient_id,p1_0.quantity,p1_0.repeats,p1_0.route,p1_0.status from prescriptions p1_0 where p1_0.rx_id=?
2026-06-06 15:35:06.265 [http-nio-8081-exec-10] DEBUG org.hibernate.SQL - select p1_0.patient_id,p1_0.address_json,p1_0.contact_info_json,p1_0.created_at,p1_0.dob,p1_0.gender,p1_0.insurance_id,p1_0.mrn,p1_0.name,p1_0.primary_contact,p1_0.status,p1_0.updated_at,p1_0.version from patients p1_0 where p1_0.patient_id=?
2026-06-06 15:35:06.275 [http-nio-8081-exec-10] DEBUG org.hibernate.SQL - select u1_0.user_id,u1_0.created_at,u1_0.email,u1_0.name,u1_0.password,u1_0.phone,u1_0.role,u1_0.status,u1_0.updated_at from users u1_0 where u1_0.user_id=?
2026-06-06 15:35:06.282 [http-nio-8081-exec-10] DEBUG org.hibernate.SQL - select mm1_0.med_id,mm1_0.atc_code,mm1_0.code,mm1_0.controlled_flag,mm1_0.formulation,mm1_0.name,mm1_0.status,mm1_0.strength from medication_master mm1_0 where mm1_0.med_id=?
2026-06-06 15:37:57.851 [http-nio-8081-exec-1] INFO  c.H.service.AuthService - Attempting authentication for user with email: admin@clinicflow.com
2026-06-06 15:37:57.855 [http-nio-8081-exec-1] DEBUG org.hibernate.SQL - select u1_0.user_id,u1_0.created_at,u1_0.email,u1_0.name,u1_0.password,u1_0.phone,u1_0.role,u1_0.status,u1_0.updated_at from users u1_0 where u1_0.email=?
2026-06-06 15:37:58.160 [http-nio-8081-exec-1] DEBUG org.hibernate.SQL - select u1_0.user_id,u1_0.created_at,u1_0.email,u1_0.name,u1_0.password,u1_0.phone,u1_0.role,u1_0.status,u1_0.updated_at from users u1_0 where u1_0.email=?
2026-06-06 15:37:58.177 [http-nio-8081-exec-1] INFO  c.H.service.AuthService - User authenticated successfully - Email: admin@clinicflow.com, Role: ADMIN
2026-06-06 15:38:03.638 [http-nio-8081-exec-4] DEBUG org.hibernate.SQL - select u1_0.user_id,u1_0.created_at,u1_0.email,u1_0.name,u1_0.password,u1_0.phone,u1_0.role,u1_0.status,u1_0.updated_at from users u1_0 where u1_0.email=?
2026-06-06 15:38:03.736 [http-nio-8081-exec-6] DEBUG org.hibernate.SQL - select u1_0.user_id,u1_0.created_at,u1_0.email,u1_0.name,u1_0.password,u1_0.phone,u1_0.role,u1_0.status,u1_0.updated_at from users u1_0 where u1_0.email=?
2026-06-06 15:38:04.887 [http-nio-8081-exec-9] DEBUG org.hibernate.SQL - select u1_0.user_id,u1_0.created_at,u1_0.email,u1_0.name,u1_0.password,u1_0.phone,u1_0.role,u1_0.status,u1_0.updated_at from users u1_0 where u1_0.email=?
2026-06-06 15:38:04.924 [http-nio-8081-exec-9] WARN  o.s.w.s.m.m.a.ExceptionHandlerExceptionResolver - Resolved [org.springframework.security.authorization.AuthorizationDeniedException: Access Denied]
2026-06-06 15:38:04.941 [http-nio-8081-exec-2] DEBUG org.hibernate.SQL - select u1_0.user_id,u1_0.created_at,u1_0.email,u1_0.name,u1_0.password,u1_0.phone,u1_0.role,u1_0.status,u1_0.updated_at from users u1_0 where u1_0.email=?
2026-06-06 15:38:04.970 [http-nio-8081-exec-2] WARN  o.s.w.s.m.m.a.ExceptionHandlerExceptionResolver - Resolved [org.springframework.security.authorization.AuthorizationDeniedException: Access Denied]
2026-06-06 15:46:26.970 [http-nio-8081-exec-3] DEBUG org.hibernate.SQL - select u1_0.user_id,u1_0.created_at,u1_0.email,u1_0.name,u1_0.password,u1_0.phone,u1_0.role,u1_0.status,u1_0.updated_at from users u1_0 where u1_0.email=?
2026-06-06 15:46:27.052 [http-nio-8081-exec-7] DEBUG org.hibernate.SQL - select u1_0.user_id,u1_0.created_at,u1_0.email,u1_0.name,u1_0.password,u1_0.phone,u1_0.role,u1_0.status,u1_0.updated_at from users u1_0 where u1_0.email=?
2026-06-06 15:50:13.609 [http-nio-8081-exec-8] INFO  c.H.service.AuthService - Attempting authentication for user with email: Preetha@clinicflow.com
2026-06-06 15:50:13.621 [http-nio-8081-exec-8] DEBUG org.hibernate.SQL - select u1_0.user_id,u1_0.created_at,u1_0.email,u1_0.name,u1_0.password,u1_0.phone,u1_0.role,u1_0.status,u1_0.updated_at from users u1_0 where u1_0.email=?
2026-06-06 15:50:13.697 [http-nio-8081-exec-8] DEBUG org.hibernate.SQL - select u1_0.user_id,u1_0.created_at,u1_0.email,u1_0.name,u1_0.password,u1_0.phone,u1_0.role,u1_0.status,u1_0.updated_at from users u1_0 where u1_0.email=?
2026-06-06 15:50:13.708 [http-nio-8081-exec-8] INFO  c.H.service.AuthService - User authenticated successfully - Email: Preetha@clinicflow.com, Role: CLINICIAN
2026-06-06 15:50:25.505 [http-nio-8081-exec-5] DEBUG org.hibernate.SQL - select u1_0.user_id,u1_0.created_at,u1_0.email,u1_0.name,u1_0.password,u1_0.phone,u1_0.role,u1_0.status,u1_0.updated_at from users u1_0 where u1_0.email=?
2026-06-06 15:50:25.539 [http-nio-8081-exec-5] DEBUG c.H.service.EncounterService - Fetching all encounters
2026-06-06 15:50:25.547 [http-nio-8081-exec-5] DEBUG org.hibernate.SQL - select e1_0.encounter_id,e1_0.chief_complaint,e1_0.clinician_id,e1_0.diagnoses_json,e1_0.end_at,e1_0.notes_json,e1_0.orders_json,e1_0.patient_id,e1_0.prescriptions_json,e1_0.signed_at,e1_0.signed_by,e1_0.start_at,e1_0.status,e1_0.visit_type,e1_0.vitals_json from encounters e1_0
2026-06-06 15:50:25.555 [http-nio-8081-exec-5] DEBUG org.hibernate.SQL - select p1_0.patient_id,p1_0.address_json,p1_0.contact_info_json,p1_0.created_at,p1_0.dob,p1_0.gender,p1_0.insurance_id,p1_0.mrn,p1_0.name,p1_0.primary_contact,p1_0.status,p1_0.updated_at,p1_0.version from patients p1_0 where p1_0.patient_id=?
2026-06-06 15:50:25.560 [http-nio-8081-exec-5] DEBUG org.hibernate.SQL - select u1_0.user_id,u1_0.created_at,u1_0.email,u1_0.name,u1_0.password,u1_0.phone,u1_0.role,u1_0.status,u1_0.updated_at from users u1_0 where u1_0.user_id=?
2026-06-06 15:50:25.567 [http-nio-8081-exec-5] INFO  c.H.service.EncounterService - Retrieved 1 encounters
2026-06-06 15:50:25.591 [http-nio-8081-exec-1] DEBUG org.hibernate.SQL - select u1_0.user_id,u1_0.created_at,u1_0.email,u1_0.name,u1_0.password,u1_0.phone,u1_0.role,u1_0.status,u1_0.updated_at from users u1_0 where u1_0.email=?
2026-06-06 15:50:25.609 [http-nio-8081-exec-1] DEBUG c.H.service.EncounterService - Fetching all encounters
2026-06-06 15:50:25.617 [http-nio-8081-exec-1] DEBUG org.hibernate.SQL - select e1_0.encounter_id,e1_0.chief_complaint,e1_0.clinician_id,e1_0.diagnoses_json,e1_0.end_at,e1_0.notes_json,e1_0.orders_json,e1_0.patient_id,e1_0.prescriptions_json,e1_0.signed_at,e1_0.signed_by,e1_0.start_at,e1_0.status,e1_0.visit_type,e1_0.vitals_json from encounters e1_0
2026-06-06 15:50:25.626 [http-nio-8081-exec-1] DEBUG org.hibernate.SQL - select p1_0.patient_id,p1_0.address_json,p1_0.contact_info_json,p1_0.created_at,p1_0.dob,p1_0.gender,p1_0.insurance_id,p1_0.mrn,p1_0.name,p1_0.primary_contact,p1_0.status,p1_0.updated_at,p1_0.version from patients p1_0 where p1_0.patient_id=?
2026-06-06 15:50:25.633 [http-nio-8081-exec-1] DEBUG org.hibernate.SQL - select u1_0.user_id,u1_0.created_at,u1_0.email,u1_0.name,u1_0.password,u1_0.phone,u1_0.role,u1_0.status,u1_0.updated_at from users u1_0 where u1_0.user_id=?
2026-06-06 15:50:25.636 [http-nio-8081-exec-1] INFO  c.H.service.EncounterService - Retrieved 1 encounters
2026-06-06 15:50:31.049 [http-nio-8081-exec-4] DEBUG org.hibernate.SQL - select u1_0.user_id,u1_0.created_at,u1_0.email,u1_0.name,u1_0.password,u1_0.phone,u1_0.role,u1_0.status,u1_0.updated_at from users u1_0 where u1_0.email=?
2026-06-06 15:50:31.081 [http-nio-8081-exec-4] DEBUG c.H.service.PrescriptionService - Fetching all prescriptions
2026-06-06 15:50:31.085 [http-nio-8081-exec-4] DEBUG org.hibernate.SQL - select p1_0.rx_id,p1_0.clinician_id,p1_0.dosage,p1_0.duration_days,p1_0.encounter_id,p1_0.frequency,p1_0.issued_at,p1_0.med_id,p1_0.notes,p1_0.patient_id,p1_0.quantity,p1_0.repeats,p1_0.route,p1_0.status from prescriptions p1_0
2026-06-06 15:50:31.097 [http-nio-8081-exec-4] DEBUG org.hibernate.SQL - select p1_0.patient_id,p1_0.address_json,p1_0.contact_info_json,p1_0.created_at,p1_0.dob,p1_0.gender,p1_0.insurance_id,p1_0.mrn,p1_0.name,p1_0.primary_contact,p1_0.status,p1_0.updated_at,p1_0.version from patients p1_0 where p1_0.patient_id=?
2026-06-06 15:50:31.108 [http-nio-8081-exec-4] DEBUG org.hibernate.SQL - select u1_0.user_id,u1_0.created_at,u1_0.email,u1_0.name,u1_0.password,u1_0.phone,u1_0.role,u1_0.status,u1_0.updated_at from users u1_0 where u1_0.user_id=?
2026-06-06 15:50:31.114 [http-nio-8081-exec-4] DEBUG org.hibernate.SQL - select mm1_0.med_id,mm1_0.atc_code,mm1_0.code,mm1_0.controlled_flag,mm1_0.formulation,mm1_0.name,mm1_0.status,mm1_0.strength from medication_master mm1_0 where mm1_0.med_id=?
2026-06-06 15:50:31.138 [http-nio-8081-exec-6] DEBUG org.hibernate.SQL - select u1_0.user_id,u1_0.created_at,u1_0.email,u1_0.name,u1_0.password,u1_0.phone,u1_0.role,u1_0.status,u1_0.updated_at from users u1_0 where u1_0.email=?
2026-06-06 15:50:31.163 [http-nio-8081-exec-6] DEBUG c.H.service.PrescriptionService - Fetching all prescriptions
2026-06-06 15:50:31.169 [http-nio-8081-exec-6] DEBUG org.hibernate.SQL - select p1_0.rx_id,p1_0.clinician_id,p1_0.dosage,p1_0.duration_days,p1_0.encounter_id,p1_0.frequency,p1_0.issued_at,p1_0.med_id,p1_0.notes,p1_0.patient_id,p1_0.quantity,p1_0.repeats,p1_0.route,p1_0.status from prescriptions p1_0
2026-06-06 15:50:31.176 [http-nio-8081-exec-6] DEBUG org.hibernate.SQL - select p1_0.patient_id,p1_0.address_json,p1_0.contact_info_json,p1_0.created_at,p1_0.dob,p1_0.gender,p1_0.insurance_id,p1_0.mrn,p1_0.name,p1_0.primary_contact,p1_0.status,p1_0.updated_at,p1_0.version from patients p1_0 where p1_0.patient_id=?
2026-06-06 15:50:31.176 [http-nio-8081-exec-6] DEBUG org.hibernate.SQL - select u1_0.user_id,u1_0.created_at,u1_0.email,u1_0.name,u1_0.password,u1_0.phone,u1_0.role,u1_0.status,u1_0.updated_at from users u1_0 where u1_0.user_id=?
2026-06-06 15:50:31.185 [http-nio-8081-exec-6] DEBUG org.hibernate.SQL - select mm1_0.med_id,mm1_0.atc_code,mm1_0.code,mm1_0.controlled_flag,mm1_0.formulation,mm1_0.name,mm1_0.status,mm1_0.strength from medication_master mm1_0 where mm1_0.med_id=?
2026-06-06 15:50:41.022 [http-nio-8081-exec-2] DEBUG org.hibernate.SQL - select u1_0.user_id,u1_0.created_at,u1_0.email,u1_0.name,u1_0.password,u1_0.phone,u1_0.role,u1_0.status,u1_0.updated_at from users u1_0 where u1_0.email=?
2026-06-06 15:50:41.051 [http-nio-8081-exec-2] DEBUG c.H.service.PrescriptionService - Fetching prescription with ID: 1
2026-06-06 15:50:41.057 [http-nio-8081-exec-2] DEBUG org.hibernate.SQL - select p1_0.rx_id,p1_0.clinician_id,p1_0.dosage,p1_0.duration_days,p1_0.encounter_id,p1_0.frequency,p1_0.issued_at,p1_0.med_id,p1_0.notes,p1_0.patient_id,p1_0.quantity,p1_0.repeats,p1_0.route,p1_0.status from prescriptions p1_0 where p1_0.rx_id=?
2026-06-06 15:50:41.067 [http-nio-8081-exec-2] DEBUG org.hibernate.SQL - select p1_0.patient_id,p1_0.address_json,p1_0.contact_info_json,p1_0.created_at,p1_0.dob,p1_0.gender,p1_0.insurance_id,p1_0.mrn,p1_0.name,p1_0.primary_contact,p1_0.status,p1_0.updated_at,p1_0.version from patients p1_0 where p1_0.patient_id=?
2026-06-06 15:50:41.078 [http-nio-8081-exec-2] DEBUG org.hibernate.SQL - select u1_0.user_id,u1_0.created_at,u1_0.email,u1_0.name,u1_0.password,u1_0.phone,u1_0.role,u1_0.status,u1_0.updated_at from users u1_0 where u1_0.user_id=?
2026-06-06 15:50:41.082 [http-nio-8081-exec-2] DEBUG org.hibernate.SQL - select mm1_0.med_id,mm1_0.atc_code,mm1_0.code,mm1_0.controlled_flag,mm1_0.formulation,mm1_0.name,mm1_0.status,mm1_0.strength from medication_master mm1_0 where mm1_0.med_id=?
2026-06-06 15:50:41.109 [http-nio-8081-exec-9] DEBUG org.hibernate.SQL - select u1_0.user_id,u1_0.created_at,u1_0.email,u1_0.name,u1_0.password,u1_0.phone,u1_0.role,u1_0.status,u1_0.updated_at from users u1_0 where u1_0.email=?
2026-06-06 15:50:41.127 [http-nio-8081-exec-9] DEBUG c.H.service.PrescriptionService - Fetching prescription with ID: 1
2026-06-06 15:50:41.127 [http-nio-8081-exec-9] DEBUG org.hibernate.SQL - select p1_0.rx_id,p1_0.clinician_id,p1_0.dosage,p1_0.duration_days,p1_0.encounter_id,p1_0.frequency,p1_0.issued_at,p1_0.med_id,p1_0.notes,p1_0.patient_id,p1_0.quantity,p1_0.repeats,p1_0.route,p1_0.status from prescriptions p1_0 where p1_0.rx_id=?
2026-06-06 15:50:41.133 [http-nio-8081-exec-9] DEBUG org.hibernate.SQL - select p1_0.patient_id,p1_0.address_json,p1_0.contact_info_json,p1_0.created_at,p1_0.dob,p1_0.gender,p1_0.insurance_id,p1_0.mrn,p1_0.name,p1_0.primary_contact,p1_0.status,p1_0.updated_at,p1_0.version from patients p1_0 where p1_0.patient_id=?
2026-06-06 15:50:41.141 [http-nio-8081-exec-9] DEBUG org.hibernate.SQL - select u1_0.user_id,u1_0.created_at,u1_0.email,u1_0.name,u1_0.password,u1_0.phone,u1_0.role,u1_0.status,u1_0.updated_at from users u1_0 where u1_0.user_id=?
2026-06-06 15:50:41.146 [http-nio-8081-exec-9] DEBUG org.hibernate.SQL - select mm1_0.med_id,mm1_0.atc_code,mm1_0.code,mm1_0.controlled_flag,mm1_0.formulation,mm1_0.name,mm1_0.status,mm1_0.strength from medication_master mm1_0 where mm1_0.med_id=?
2026-06-06 15:50:47.785 [http-nio-8081-exec-3] DEBUG org.hibernate.SQL - select u1_0.user_id,u1_0.created_at,u1_0.email,u1_0.name,u1_0.password,u1_0.phone,u1_0.role,u1_0.status,u1_0.updated_at from users u1_0 where u1_0.email=?
2026-06-06 15:50:47.813 [http-nio-8081-exec-3] DEBUG c.H.service.PrescriptionService - Fetching all prescriptions
2026-06-06 15:50:47.817 [http-nio-8081-exec-3] DEBUG org.hibernate.SQL - select p1_0.rx_id,p1_0.clinician_id,p1_0.dosage,p1_0.duration_days,p1_0.encounter_id,p1_0.frequency,p1_0.issued_at,p1_0.med_id,p1_0.notes,p1_0.patient_id,p1_0.quantity,p1_0.repeats,p1_0.route,p1_0.status from prescriptions p1_0
2026-06-06 15:50:47.826 [http-nio-8081-exec-3] DEBUG org.hibernate.SQL - select p1_0.patient_id,p1_0.address_json,p1_0.contact_info_json,p1_0.created_at,p1_0.dob,p1_0.gender,p1_0.insurance_id,p1_0.mrn,p1_0.name,p1_0.primary_contact,p1_0.status,p1_0.updated_at,p1_0.version from patients p1_0 where p1_0.patient_id=?
2026-06-06 15:50:47.831 [http-nio-8081-exec-3] DEBUG org.hibernate.SQL - select u1_0.user_id,u1_0.created_at,u1_0.email,u1_0.name,u1_0.password,u1_0.phone,u1_0.role,u1_0.status,u1_0.updated_at from users u1_0 where u1_0.user_id=?
2026-06-06 15:50:47.837 [http-nio-8081-exec-3] DEBUG org.hibernate.SQL - select mm1_0.med_id,mm1_0.atc_code,mm1_0.code,mm1_0.controlled_flag,mm1_0.formulation,mm1_0.name,mm1_0.status,mm1_0.strength from medication_master mm1_0 where mm1_0.med_id=?
2026-06-06 15:50:47.860 [http-nio-8081-exec-7] DEBUG org.hibernate.SQL - select u1_0.user_id,u1_0.created_at,u1_0.email,u1_0.name,u1_0.password,u1_0.phone,u1_0.role,u1_0.status,u1_0.updated_at from users u1_0 where u1_0.email=?
2026-06-06 15:50:47.878 [http-nio-8081-exec-7] DEBUG c.H.service.PrescriptionService - Fetching all prescriptions
2026-06-06 15:50:47.878 [http-nio-8081-exec-7] DEBUG org.hibernate.SQL - select p1_0.rx_id,p1_0.clinician_id,p1_0.dosage,p1_0.duration_days,p1_0.encounter_id,p1_0.frequency,p1_0.issued_at,p1_0.med_id,p1_0.notes,p1_0.patient_id,p1_0.quantity,p1_0.repeats,p1_0.route,p1_0.status from prescriptions p1_0
2026-06-06 15:50:47.889 [http-nio-8081-exec-7] DEBUG org.hibernate.SQL - select p1_0.patient_id,p1_0.address_json,p1_0.contact_info_json,p1_0.created_at,p1_0.dob,p1_0.gender,p1_0.insurance_id,p1_0.mrn,p1_0.name,p1_0.primary_contact,p1_0.status,p1_0.updated_at,p1_0.version from patients p1_0 where p1_0.patient_id=?
2026-06-06 15:50:47.893 [http-nio-8081-exec-7] DEBUG org.hibernate.SQL - select u1_0.user_id,u1_0.created_at,u1_0.email,u1_0.name,u1_0.password,u1_0.phone,u1_0.role,u1_0.status,u1_0.updated_at from users u1_0 where u1_0.user_id=?
2026-06-06 15:50:47.896 [http-nio-8081-exec-7] DEBUG org.hibernate.SQL - select mm1_0.med_id,mm1_0.atc_code,mm1_0.code,mm1_0.controlled_flag,mm1_0.formulation,mm1_0.name,mm1_0.status,mm1_0.strength from medication_master mm1_0 where mm1_0.med_id=?
2026-06-06 15:50:49.400 [http-nio-8081-exec-10] DEBUG org.hibernate.SQL - select u1_0.user_id,u1_0.created_at,u1_0.email,u1_0.name,u1_0.password,u1_0.phone,u1_0.role,u1_0.status,u1_0.updated_at from users u1_0 where u1_0.email=?
2026-06-06 15:50:49.418 [http-nio-8081-exec-10] DEBUG c.H.service.PrescriptionService - Fetching prescription with ID: 1
2026-06-06 15:50:49.418 [http-nio-8081-exec-10] DEBUG org.hibernate.SQL - select p1_0.rx_id,p1_0.clinician_id,p1_0.dosage,p1_0.duration_days,p1_0.encounter_id,p1_0.frequency,p1_0.issued_at,p1_0.med_id,p1_0.notes,p1_0.patient_id,p1_0.quantity,p1_0.repeats,p1_0.route,p1_0.status from prescriptions p1_0 where p1_0.rx_id=?
2026-06-06 15:50:49.426 [http-nio-8081-exec-10] DEBUG org.hibernate.SQL - select p1_0.patient_id,p1_0.address_json,p1_0.contact_info_json,p1_0.created_at,p1_0.dob,p1_0.gender,p1_0.insurance_id,p1_0.mrn,p1_0.name,p1_0.primary_contact,p1_0.status,p1_0.updated_at,p1_0.version from patients p1_0 where p1_0.patient_id=?
2026-06-06 15:50:49.431 [http-nio-8081-exec-10] DEBUG org.hibernate.SQL - select u1_0.user_id,u1_0.created_at,u1_0.email,u1_0.name,u1_0.password,u1_0.phone,u1_0.role,u1_0.status,u1_0.updated_at from users u1_0 where u1_0.user_id=?
2026-06-06 15:50:49.434 [http-nio-8081-exec-10] DEBUG org.hibernate.SQL - select mm1_0.med_id,mm1_0.atc_code,mm1_0.code,mm1_0.controlled_flag,mm1_0.formulation,mm1_0.name,mm1_0.status,mm1_0.strength from medication_master mm1_0 where mm1_0.med_id=?
2026-06-06 15:50:49.457 [http-nio-8081-exec-8] DEBUG org.hibernate.SQL - select u1_0.user_id,u1_0.created_at,u1_0.email,u1_0.name,u1_0.password,u1_0.phone,u1_0.role,u1_0.status,u1_0.updated_at from users u1_0 where u1_0.email=?
2026-06-06 15:50:49.476 [http-nio-8081-exec-8] DEBUG c.H.service.PrescriptionService - Fetching prescription with ID: 1
2026-06-06 15:50:49.476 [http-nio-8081-exec-8] DEBUG org.hibernate.SQL - select p1_0.rx_id,p1_0.clinician_id,p1_0.dosage,p1_0.duration_days,p1_0.encounter_id,p1_0.frequency,p1_0.issued_at,p1_0.med_id,p1_0.notes,p1_0.patient_id,p1_0.quantity,p1_0.repeats,p1_0.route,p1_0.status from prescriptions p1_0 where p1_0.rx_id=?
2026-06-06 15:50:49.482 [http-nio-8081-exec-8] DEBUG org.hibernate.SQL - select p1_0.patient_id,p1_0.address_json,p1_0.contact_info_json,p1_0.created_at,p1_0.dob,p1_0.gender,p1_0.insurance_id,p1_0.mrn,p1_0.name,p1_0.primary_contact,p1_0.status,p1_0.updated_at,p1_0.version from patients p1_0 where p1_0.patient_id=?
2026-06-06 15:50:49.489 [http-nio-8081-exec-8] DEBUG org.hibernate.SQL - select u1_0.user_id,u1_0.created_at,u1_0.email,u1_0.name,u1_0.password,u1_0.phone,u1_0.role,u1_0.status,u1_0.updated_at from users u1_0 where u1_0.user_id=?
2026-06-06 15:50:49.495 [http-nio-8081-exec-8] DEBUG org.hibernate.SQL - select mm1_0.med_id,mm1_0.atc_code,mm1_0.code,mm1_0.controlled_flag,mm1_0.formulation,mm1_0.name,mm1_0.status,mm1_0.strength from medication_master mm1_0 where mm1_0.med_id=?
2026-06-06 15:50:59.577 [http-nio-8081-exec-5] DEBUG org.hibernate.SQL - select u1_0.user_id,u1_0.created_at,u1_0.email,u1_0.name,u1_0.password,u1_0.phone,u1_0.role,u1_0.status,u1_0.updated_at from users u1_0 where u1_0.email=?
2026-06-06 15:50:59.602 [http-nio-8081-exec-5] DEBUG c.H.service.PrescriptionService - Fetching all prescriptions
2026-06-06 15:50:59.615 [http-nio-8081-exec-5] DEBUG org.hibernate.SQL - select p1_0.rx_id,p1_0.clinician_id,p1_0.dosage,p1_0.duration_days,p1_0.encounter_id,p1_0.frequency,p1_0.issued_at,p1_0.med_id,p1_0.notes,p1_0.patient_id,p1_0.quantity,p1_0.repeats,p1_0.route,p1_0.status from prescriptions p1_0
2026-06-06 15:50:59.622 [http-nio-8081-exec-5] DEBUG org.hibernate.SQL - select p1_0.patient_id,p1_0.address_json,p1_0.contact_info_json,p1_0.created_at,p1_0.dob,p1_0.gender,p1_0.insurance_id,p1_0.mrn,p1_0.name,p1_0.primary_contact,p1_0.status,p1_0.updated_at,p1_0.version from patients p1_0 where p1_0.patient_id=?
2026-06-06 15:50:59.630 [http-nio-8081-exec-5] DEBUG org.hibernate.SQL - select u1_0.user_id,u1_0.created_at,u1_0.email,u1_0.name,u1_0.password,u1_0.phone,u1_0.role,u1_0.status,u1_0.updated_at from users u1_0 where u1_0.user_id=?
2026-06-06 15:50:59.634 [http-nio-8081-exec-5] DEBUG org.hibernate.SQL - select mm1_0.med_id,mm1_0.atc_code,mm1_0.code,mm1_0.controlled_flag,mm1_0.formulation,mm1_0.name,mm1_0.status,mm1_0.strength from medication_master mm1_0 where mm1_0.med_id=?
2026-06-06 15:50:59.659 [http-nio-8081-exec-1] DEBUG org.hibernate.SQL - select u1_0.user_id,u1_0.created_at,u1_0.email,u1_0.name,u1_0.password,u1_0.phone,u1_0.role,u1_0.status,u1_0.updated_at from users u1_0 where u1_0.email=?
2026-06-06 15:50:59.679 [http-nio-8081-exec-1] DEBUG c.H.service.PrescriptionService - Fetching all prescriptions
2026-06-06 15:50:59.679 [http-nio-8081-exec-1] DEBUG org.hibernate.SQL - select p1_0.rx_id,p1_0.clinician_id,p1_0.dosage,p1_0.duration_days,p1_0.encounter_id,p1_0.frequency,p1_0.issued_at,p1_0.med_id,p1_0.notes,p1_0.patient_id,p1_0.quantity,p1_0.repeats,p1_0.route,p1_0.status from prescriptions p1_0
2026-06-06 15:50:59.688 [http-nio-8081-exec-1] DEBUG org.hibernate.SQL - select p1_0.patient_id,p1_0.address_json,p1_0.contact_info_json,p1_0.created_at,p1_0.dob,p1_0.gender,p1_0.insurance_id,p1_0.mrn,p1_0.name,p1_0.primary_contact,p1_0.status,p1_0.updated_at,p1_0.version from patients p1_0 where p1_0.patient_id=?
2026-06-06 15:50:59.697 [http-nio-8081-exec-1] DEBUG org.hibernate.SQL - select u1_0.user_id,u1_0.created_at,u1_0.email,u1_0.name,u1_0.password,u1_0.phone,u1_0.role,u1_0.status,u1_0.updated_at from users u1_0 where u1_0.user_id=?
2026-06-06 15:50:59.703 [http-nio-8081-exec-1] DEBUG org.hibernate.SQL - select mm1_0.med_id,mm1_0.atc_code,mm1_0.code,mm1_0.controlled_flag,mm1_0.formulation,mm1_0.name,mm1_0.status,mm1_0.strength from medication_master mm1_0 where mm1_0.med_id=?
2026-06-06 15:52:43.418 [http-nio-8081-exec-10] DEBUG org.hibernate.SQL - select u1_0.user_id,u1_0.created_at,u1_0.email,u1_0.name,u1_0.password,u1_0.phone,u1_0.role,u1_0.status,u1_0.updated_at from users u1_0 where u1_0.email=?
2026-06-06 15:52:43.432 [http-nio-8081-exec-10] DEBUG c.H.service.EncounterService - Fetching all encounters
2026-06-06 15:52:43.440 [http-nio-8081-exec-10] DEBUG org.hibernate.SQL - select e1_0.encounter_id,e1_0.chief_complaint,e1_0.clinician_id,e1_0.diagnoses_json,e1_0.end_at,e1_0.notes_json,e1_0.orders_json,e1_0.patient_id,e1_0.prescriptions_json,e1_0.signed_at,e1_0.signed_by,e1_0.start_at,e1_0.status,e1_0.visit_type,e1_0.vitals_json from encounters e1_0
2026-06-06 15:52:43.443 [http-nio-8081-exec-10] DEBUG org.hibernate.SQL - select p1_0.patient_id,p1_0.address_json,p1_0.contact_info_json,p1_0.created_at,p1_0.dob,p1_0.gender,p1_0.insurance_id,p1_0.mrn,p1_0.name,p1_0.primary_contact,p1_0.status,p1_0.updated_at,p1_0.version from patients p1_0 where p1_0.patient_id=?
2026-06-06 15:52:43.448 [http-nio-8081-exec-10] DEBUG org.hibernate.SQL - select u1_0.user_id,u1_0.created_at,u1_0.email,u1_0.name,u1_0.password,u1_0.phone,u1_0.role,u1_0.status,u1_0.updated_at from users u1_0 where u1_0.user_id=?
2026-06-06 15:52:43.455 [http-nio-8081-exec-10] INFO  c.H.service.EncounterService - Retrieved 1 encounters
2026-06-06 15:52:43.467 [http-nio-8081-exec-8] DEBUG org.hibernate.SQL - select u1_0.user_id,u1_0.created_at,u1_0.email,u1_0.name,u1_0.password,u1_0.phone,u1_0.role,u1_0.status,u1_0.updated_at from users u1_0 where u1_0.email=?
2026-06-06 15:52:43.485 [http-nio-8081-exec-8] DEBUG c.H.service.EncounterService - Fetching all encounters
2026-06-06 15:52:43.489 [http-nio-8081-exec-8] DEBUG org.hibernate.SQL - select e1_0.encounter_id,e1_0.chief_complaint,e1_0.clinician_id,e1_0.diagnoses_json,e1_0.end_at,e1_0.notes_json,e1_0.orders_json,e1_0.patient_id,e1_0.prescriptions_json,e1_0.signed_at,e1_0.signed_by,e1_0.start_at,e1_0.status,e1_0.visit_type,e1_0.vitals_json from encounters e1_0
2026-06-06 15:52:43.493 [http-nio-8081-exec-8] DEBUG org.hibernate.SQL - select p1_0.patient_id,p1_0.address_json,p1_0.contact_info_json,p1_0.created_at,p1_0.dob,p1_0.gender,p1_0.insurance_id,p1_0.mrn,p1_0.name,p1_0.primary_contact,p1_0.status,p1_0.updated_at,p1_0.version from patients p1_0 where p1_0.patient_id=?
2026-06-06 15:52:43.497 [http-nio-8081-exec-8] DEBUG org.hibernate.SQL - select u1_0.user_id,u1_0.created_at,u1_0.email,u1_0.name,u1_0.password,u1_0.phone,u1_0.role,u1_0.status,u1_0.updated_at from users u1_0 where u1_0.user_id=?
2026-06-06 15:52:43.501 [http-nio-8081-exec-8] INFO  c.H.service.EncounterService - Retrieved 1 encounters
2026-06-06 15:52:44.461 [http-nio-8081-exec-5] DEBUG org.hibernate.SQL - select u1_0.user_id,u1_0.created_at,u1_0.email,u1_0.name,u1_0.password,u1_0.phone,u1_0.role,u1_0.status,u1_0.updated_at from users u1_0 where u1_0.email=?
2026-06-06 15:52:44.476 [http-nio-8081-exec-5] DEBUG c.H.service.PrescriptionService - Fetching all prescriptions
2026-06-06 15:52:44.480 [http-nio-8081-exec-5] DEBUG org.hibernate.SQL - select p1_0.rx_id,p1_0.clinician_id,p1_0.dosage,p1_0.duration_days,p1_0.encounter_id,p1_0.frequency,p1_0.issued_at,p1_0.med_id,p1_0.notes,p1_0.patient_id,p1_0.quantity,p1_0.repeats,p1_0.route,p1_0.status from prescriptions p1_0
2026-06-06 15:52:44.484 [http-nio-8081-exec-5] DEBUG org.hibernate.SQL - select p1_0.patient_id,p1_0.address_json,p1_0.contact_info_json,p1_0.created_at,p1_0.dob,p1_0.gender,p1_0.insurance_id,p1_0.mrn,p1_0.name,p1_0.primary_contact,p1_0.status,p1_0.updated_at,p1_0.version from patients p1_0 where p1_0.patient_id=?
2026-06-06 15:52:44.491 [http-nio-8081-exec-5] DEBUG org.hibernate.SQL - select u1_0.user_id,u1_0.created_at,u1_0.email,u1_0.name,u1_0.password,u1_0.phone,u1_0.role,u1_0.status,u1_0.updated_at from users u1_0 where u1_0.user_id=?
2026-06-06 15:52:44.492 [http-nio-8081-exec-5] DEBUG org.hibernate.SQL - select mm1_0.med_id,mm1_0.atc_code,mm1_0.code,mm1_0.controlled_flag,mm1_0.formulation,mm1_0.name,mm1_0.status,mm1_0.strength from medication_master mm1_0 where mm1_0.med_id=?
2026-06-06 15:52:44.513 [http-nio-8081-exec-1] DEBUG org.hibernate.SQL - select u1_0.user_id,u1_0.created_at,u1_0.email,u1_0.name,u1_0.password,u1_0.phone,u1_0.role,u1_0.status,u1_0.updated_at from users u1_0 where u1_0.email=?
2026-06-06 15:52:44.533 [http-nio-8081-exec-1] DEBUG c.H.service.PrescriptionService - Fetching all prescriptions
2026-06-06 15:52:44.538 [http-nio-8081-exec-1] DEBUG org.hibernate.SQL - select p1_0.rx_id,p1_0.clinician_id,p1_0.dosage,p1_0.duration_days,p1_0.encounter_id,p1_0.frequency,p1_0.issued_at,p1_0.med_id,p1_0.notes,p1_0.patient_id,p1_0.quantity,p1_0.repeats,p1_0.route,p1_0.status from prescriptions p1_0
2026-06-06 15:52:44.541 [http-nio-8081-exec-1] DEBUG org.hibernate.SQL - select p1_0.patient_id,p1_0.address_json,p1_0.contact_info_json,p1_0.created_at,p1_0.dob,p1_0.gender,p1_0.insurance_id,p1_0.mrn,p1_0.name,p1_0.primary_contact,p1_0.status,p1_0.updated_at,p1_0.version from patients p1_0 where p1_0.patient_id=?
2026-06-06 15:52:44.543 [http-nio-8081-exec-1] DEBUG org.hibernate.SQL - select u1_0.user_id,u1_0.created_at,u1_0.email,u1_0.name,u1_0.password,u1_0.phone,u1_0.role,u1_0.status,u1_0.updated_at from users u1_0 where u1_0.user_id=?
2026-06-06 15:52:44.543 [http-nio-8081-exec-1] DEBUG org.hibernate.SQL - select mm1_0.med_id,mm1_0.atc_code,mm1_0.code,mm1_0.controlled_flag,mm1_0.formulation,mm1_0.name,mm1_0.status,mm1_0.strength from medication_master mm1_0 where mm1_0.med_id=?
2026-06-06 15:52:51.374 [http-nio-8081-exec-4] DEBUG org.hibernate.SQL - select u1_0.user_id,u1_0.created_at,u1_0.email,u1_0.name,u1_0.password,u1_0.phone,u1_0.role,u1_0.status,u1_0.updated_at from users u1_0 where u1_0.email=?
2026-06-06 15:52:51.393 [http-nio-8081-exec-4] DEBUG c.H.service.EncounterService - Fetching all encounters
2026-06-06 15:52:51.401 [http-nio-8081-exec-4] DEBUG org.hibernate.SQL - select e1_0.encounter_id,e1_0.chief_complaint,e1_0.clinician_id,e1_0.diagnoses_json,e1_0.end_at,e1_0.notes_json,e1_0.orders_json,e1_0.patient_id,e1_0.prescriptions_json,e1_0.signed_at,e1_0.signed_by,e1_0.start_at,e1_0.status,e1_0.visit_type,e1_0.vitals_json from encounters e1_0
2026-06-06 15:52:51.408 [http-nio-8081-exec-4] DEBUG org.hibernate.SQL - select p1_0.patient_id,p1_0.address_json,p1_0.contact_info_json,p1_0.created_at,p1_0.dob,p1_0.gender,p1_0.insurance_id,p1_0.mrn,p1_0.name,p1_0.primary_contact,p1_0.status,p1_0.updated_at,p1_0.version from patients p1_0 where p1_0.patient_id=?
2026-06-06 15:52:51.413 [http-nio-8081-exec-4] DEBUG org.hibernate.SQL - select u1_0.user_id,u1_0.created_at,u1_0.email,u1_0.name,u1_0.password,u1_0.phone,u1_0.role,u1_0.status,u1_0.updated_at from users u1_0 where u1_0.user_id=?
2026-06-06 15:52:51.421 [http-nio-8081-exec-4] INFO  c.H.service.EncounterService - Retrieved 1 encounters
2026-06-06 15:52:51.446 [http-nio-8081-exec-6] DEBUG org.hibernate.SQL - select u1_0.user_id,u1_0.created_at,u1_0.email,u1_0.name,u1_0.password,u1_0.phone,u1_0.role,u1_0.status,u1_0.updated_at from users u1_0 where u1_0.email=?
2026-06-06 15:52:51.472 [http-nio-8081-exec-6] DEBUG c.H.service.EncounterService - Fetching all encounters
2026-06-06 15:52:51.475 [http-nio-8081-exec-6] DEBUG org.hibernate.SQL - select e1_0.encounter_id,e1_0.chief_complaint,e1_0.clinician_id,e1_0.diagnoses_json,e1_0.end_at,e1_0.notes_json,e1_0.orders_json,e1_0.patient_id,e1_0.prescriptions_json,e1_0.signed_at,e1_0.signed_by,e1_0.start_at,e1_0.status,e1_0.visit_type,e1_0.vitals_json from encounters e1_0
2026-06-06 15:52:51.479 [http-nio-8081-exec-6] DEBUG org.hibernate.SQL - select p1_0.patient_id,p1_0.address_json,p1_0.contact_info_json,p1_0.created_at,p1_0.dob,p1_0.gender,p1_0.insurance_id,p1_0.mrn,p1_0.name,p1_0.primary_contact,p1_0.status,p1_0.updated_at,p1_0.version from patients p1_0 where p1_0.patient_id=?
2026-06-06 15:52:51.485 [http-nio-8081-exec-6] DEBUG org.hibernate.SQL - select u1_0.user_id,u1_0.created_at,u1_0.email,u1_0.name,u1_0.password,u1_0.phone,u1_0.role,u1_0.status,u1_0.updated_at from users u1_0 where u1_0.user_id=?
2026-06-06 15:52:51.489 [http-nio-8081-exec-6] INFO  c.H.service.EncounterService - Retrieved 1 encounters
2026-06-06 15:53:16.196 [http-nio-8081-exec-8] DEBUG org.hibernate.SQL - select u1_0.user_id,u1_0.created_at,u1_0.email,u1_0.name,u1_0.password,u1_0.phone,u1_0.role,u1_0.status,u1_0.updated_at from users u1_0 where u1_0.email=?
2026-06-06 15:53:16.208 [http-nio-8081-exec-8] DEBUG c.H.service.PatientService - Fetching all patients from registry
2026-06-06 15:53:16.208 [http-nio-8081-exec-8] DEBUG org.hibernate.SQL - select p1_0.patient_id,p1_0.address_json,p1_0.contact_info_json,p1_0.created_at,p1_0.dob,p1_0.gender,p1_0.insurance_id,p1_0.mrn,p1_0.name,p1_0.primary_contact,p1_0.status,p1_0.updated_at,p1_0.version from patients p1_0
2026-06-06 15:53:16.223 [http-nio-8081-exec-8] INFO  c.H.service.PatientService - Retrieved 1 patients from registry
