2026-05-06 09:39:07.755 [restartedMain] INFO  c.H.HospitalManagementApplication - Starting HospitalManagementApplication using Java 21 with PID 4068 (C:\Users\2492179\Downloads\HospitalManagement\HospitalManagement\target\classes started by 2492179 in C:\Users\2492179\Downloads\HospitalManagement\HospitalManagement)
2026-05-06 09:39:07.759 [restartedMain] DEBUG c.H.HospitalManagementApplication - Running with Spring Boot v4.0.5, Spring v7.0.6
2026-05-06 09:39:07.759 [restartedMain] INFO  c.H.HospitalManagementApplication - No active profile set, falling back to 1 default profile: "default"
2026-05-06 09:39:10.406 [restartedMain] INFO  o.a.coyote.http11.Http11NioProtocol - Initializing ProtocolHandler ["http-nio-8081"]
2026-05-06 09:39:10.406 [restartedMain] INFO  o.a.catalina.core.StandardService - Starting service [Tomcat]
2026-05-06 09:39:10.406 [restartedMain] INFO  o.a.catalina.core.StandardEngine - Starting Servlet engine: [Apache Tomcat/11.0.20]
2026-05-06 09:39:10.665 [restartedMain] INFO  com.zaxxer.hikari.HikariDataSource - HikariPool-1 - Starting...
2026-05-06 09:39:11.122 [restartedMain] INFO  com.zaxxer.hikari.pool.HikariPool - HikariPool-1 - Added connection com.mysql.cj.jdbc.ConnectionImpl@67b9be5e
2026-05-06 09:39:11.122 [restartedMain] INFO  com.zaxxer.hikari.HikariDataSource - HikariPool-1 - Start completed.
2026-05-06 09:39:12.165 [restartedMain] WARN  org.hibernate.orm.deprecation - HHH90000025: MySQLDialect does not need to be specified explicitly using 'hibernate.dialect' (remove the property setting and it will be selected by default)
2026-05-06 09:39:14.313 [restartedMain] DEBUG c.H.config.AuthenticationFilter - Filter 'authenticationFilter' configured for use
2026-05-06 09:39:14.501 [restartedMain] INFO  o.s.s.c.a.a.c.InitializeAuthenticationProviderBeanManagerConfigurer$InitializeAuthenticationProviderManagerConfigurer - Global AuthenticationManager configured with AuthenticationProvider bean with name authenticationProvider
2026-05-06 09:39:14.501 [restartedMain] WARN  o.s.s.c.a.a.c.InitializeUserDetailsBeanManagerConfigurer$InitializeUserDetailsManagerConfigurer - Global AuthenticationManager configured with an AuthenticationProvider bean. UserDetailsService beans will not be used by Spring Security for automatically configuring username/password login. Consider removing the AuthenticationProvider bean. Alternatively, consider using the UserDetailsService in a manually instantiated DaoAuthenticationProvider. If the current configuration is intentional, to turn off this warning, increase the logging level of 'org.springframework.security.config.annotation.authentication.configuration.InitializeUserDetailsBeanManagerConfigurer' to ERROR
2026-05-06 09:39:14.960 [restartedMain] WARN  o.s.b.j.a.JpaBaseConfiguration$JpaWebConfiguration - spring.jpa.open-in-view is enabled by default. Therefore, database queries may be performed during view rendering. Explicitly configure spring.jpa.open-in-view to disable this warning
2026-05-06 09:39:15.475 [restartedMain] WARN  o.s.w.s.m.m.a.RequestMappingHandlerMapping - Multiple @RequestMapping annotations found on public com.HospitalManagement.responsedto.LabOrderResponseDto com.HospitalManagement.controller.LabController.cancelOrder(java.lang.Long), but only the first will be used: [@org.springframework.web.bind.annotation.DeleteMapping(consumes={}, headers={}, name="", params={}, path={"/orders/{labOrderId}"}, produces={}, value={"/orders/{labOrderId}"}, version=""), @org.springframework.web.bind.annotation.PatchMapping(consumes={}, headers={}, name="", params={}, path={"/lab-orders/{labOrderId}/cancel"}, produces={}, value={"/lab-orders/{labOrderId}/cancel"}, version="")]
2026-05-06 09:39:16.145 [restartedMain] INFO  o.a.coyote.http11.Http11NioProtocol - Starting ProtocolHandler ["http-nio-8081"]
2026-05-06 09:39:16.177 [restartedMain] INFO  c.H.HospitalManagementApplication - Started HospitalManagementApplication in 8.979 seconds (process running for 10.196)
2026-05-06 09:39:16.252 [restartedMain] WARN  o.s.c.events.SpringDocAppInitializer - SpringDoc /v3/api-docs endpoint is enabled by default. To disable it in production, set the property 'springdoc.api-docs.enabled=false'
2026-05-06 09:39:16.252 [restartedMain] WARN  o.s.c.events.SpringDocAppInitializer - SpringDoc /swagger-ui.html endpoint is enabled by default. To disable it in production, set the property 'springdoc.swagger-ui.enabled=false'
2026-05-06 09:39:26.324 [http-nio-8081-exec-1] INFO  o.a.c.c.C.[Tomcat].[localhost].[/] - Initializing Spring DispatcherServlet 'dispatcherServlet'
2026-05-06 09:39:26.324 [http-nio-8081-exec-1] INFO  o.s.web.servlet.DispatcherServlet - Initializing Servlet 'dispatcherServlet'
2026-05-06 09:39:26.328 [http-nio-8081-exec-1] INFO  o.s.web.servlet.DispatcherServlet - Completed initialization in 4 ms
2026-05-06 09:39:28.000 [http-nio-8081-exec-4] INFO  o.s.api.AbstractOpenApiResource - Init duration for springdoc-openapi is: 1157 ms
2026-05-06 09:40:09.270 [http-nio-8081-exec-9] INFO  c.H.controller.AuthController - API Request: POST /api/v1/auth/authenticate - Email: selva@clinicflow.com
2026-05-06 09:40:09.270 [http-nio-8081-exec-9] INFO  c.H.service.AuthService - Attempting authentication for user with email: selva@clinicflow.com
2026-05-06 09:40:10.352 [http-nio-8081-exec-9] DEBUG org.hibernate.SQL - select u1_0.user_id,u1_0.created_at,u1_0.email,u1_0.name,u1_0.password,u1_0.phone,u1_0.role,u1_0.status,u1_0.updated_at from users u1_0 where u1_0.email=?
2026-05-06 09:40:10.550 [http-nio-8081-exec-9] DEBUG org.hibernate.SQL - select u1_0.user_id,u1_0.created_at,u1_0.email,u1_0.name,u1_0.password,u1_0.phone,u1_0.role,u1_0.status,u1_0.updated_at from users u1_0 where u1_0.email=?
2026-05-06 09:40:10.550 [http-nio-8081-exec-9] DEBUG c.H.service.JwtService - Generating JWT token for user: selva@clinicflow.com
2026-05-06 09:40:10.550 [http-nio-8081-exec-9] DEBUG c.H.service.JwtService - Token claims added - Username: selva@clinicflow.com, UserId: 2, Role: CLINICIAN
2026-05-06 09:40:10.616 [http-nio-8081-exec-9] INFO  c.H.service.JwtService - JWT token generated successfully for user: selva@clinicflow.com
2026-05-06 09:40:10.617 [http-nio-8081-exec-9] INFO  c.H.service.AuthService - User authenticated successfully - Email: selva@clinicflow.com, Role: CLINICIAN
2026-05-06 09:40:10.617 [http-nio-8081-exec-9] INFO  c.H.controller.AuthController - API Response: Authentication successful for email: selva@clinicflow.com
2026-05-06 09:42:22.205 [http-nio-8081-exec-8] DEBUG org.hibernate.SQL - select u1_0.user_id,u1_0.created_at,u1_0.email,u1_0.name,u1_0.password,u1_0.phone,u1_0.role,u1_0.status,u1_0.updated_at from users u1_0 where u1_0.email=?
2026-05-06 09:42:22.208 [http-nio-8081-exec-8] DEBUG c.H.service.JwtService - JWT token validation successful for user: selva@clinicflow.com
2026-05-06 09:42:22.270 [http-nio-8081-exec-8] WARN  o.s.w.s.m.m.a.ExceptionHandlerExceptionResolver - Resolved [org.springframework.http.converter.HttpMessageNotReadableException: JSON parse error: Cannot deserialize value of type `java.lang.String` from Object value (token `JsonToken.START_OBJECT`)]
2026-05-06 09:47:56.524 [http-nio-8081-exec-6] DEBUG org.hibernate.SQL - select u1_0.user_id,u1_0.created_at,u1_0.email,u1_0.name,u1_0.password,u1_0.phone,u1_0.role,u1_0.status,u1_0.updated_at from users u1_0 where u1_0.email=?
2026-05-06 09:47:56.541 [http-nio-8081-exec-6] DEBUG c.H.service.JwtService - JWT token validation successful for user: selva@clinicflow.com
2026-05-06 09:47:56.665 [http-nio-8081-exec-6] WARN  o.s.w.s.m.m.a.ExceptionHandlerExceptionResolver - Resolved [jakarta.validation.UnexpectedTypeException: HV000030: No validator could be found for constraint 'jakarta.validation.constraints.NotBlank' validating type 'com.HospitalManagement.enums.LabOrderStatus'. Check configuration for 'status']
2026-05-06 09:48:11.120 [http-nio-8081-exec-7] DEBUG org.hibernate.SQL - select u1_0.user_id,u1_0.created_at,u1_0.email,u1_0.name,u1_0.password,u1_0.phone,u1_0.role,u1_0.status,u1_0.updated_at from users u1_0 where u1_0.email=?
2026-05-06 09:48:11.132 [http-nio-8081-exec-7] DEBUG c.H.service.JwtService - JWT token validation successful for user: selva@clinicflow.com
2026-05-06 09:48:11.141 [http-nio-8081-exec-7] WARN  o.s.w.s.m.m.a.ExceptionHandlerExceptionResolver - Resolved [jakarta.validation.UnexpectedTypeException: HV000030: No validator could be found for constraint 'jakarta.validation.constraints.NotBlank' validating type 'com.HospitalManagement.enums.LabOrderStatus'. Check configuration for 'status']
2026-05-06 09:48:47.233 [SpringApplicationShutdownHook] INFO  com.zaxxer.hikari.HikariDataSource - HikariPool-1 - Shutdown initiated...
2026-05-06 09:48:47.242 [SpringApplicationShutdownHook] INFO  com.zaxxer.hikari.HikariDataSource - HikariPool-1 - Shutdown completed.
2026-05-06 09:48:52.970 [restartedMain] INFO  c.H.HospitalManagementApplication - Starting HospitalManagementApplication using Java 21 with PID 16204 (C:\Users\2492179\Downloads\HospitalManagement\HospitalManagement\target\classes started by 2492179 in C:\Users\2492179\Downloads\HospitalManagement\HospitalManagement)
2026-05-06 09:48:52.972 [restartedMain] DEBUG c.H.HospitalManagementApplication - Running with Spring Boot v4.0.5, Spring v7.0.6
2026-05-06 09:48:52.972 [restartedMain] INFO  c.H.HospitalManagementApplication - No active profile set, falling back to 1 default profile: "default"
2026-05-06 09:48:55.582 [restartedMain] INFO  o.a.coyote.http11.Http11NioProtocol - Initializing ProtocolHandler ["http-nio-8081"]
2026-05-06 09:48:55.586 [restartedMain] INFO  o.a.catalina.core.StandardService - Starting service [Tomcat]
2026-05-06 09:48:55.586 [restartedMain] INFO  o.a.catalina.core.StandardEngine - Starting Servlet engine: [Apache Tomcat/11.0.20]
2026-05-06 09:48:55.827 [restartedMain] INFO  com.zaxxer.hikari.HikariDataSource - HikariPool-1 - Starting...
2026-05-06 09:48:56.251 [restartedMain] INFO  com.zaxxer.hikari.pool.HikariPool - HikariPool-1 - Added connection com.mysql.cj.jdbc.ConnectionImpl@1e561719
2026-05-06 09:48:56.251 [restartedMain] INFO  com.zaxxer.hikari.HikariDataSource - HikariPool-1 - Start completed.
2026-05-06 09:48:57.328 [restartedMain] WARN  org.hibernate.orm.deprecation - HHH90000025: MySQLDialect does not need to be specified explicitly using 'hibernate.dialect' (remove the property setting and it will be selected by default)
2026-05-06 09:48:59.402 [restartedMain] DEBUG c.H.config.AuthenticationFilter - Filter 'authenticationFilter' configured for use
2026-05-06 09:48:59.592 [restartedMain] INFO  o.s.s.c.a.a.c.InitializeAuthenticationProviderBeanManagerConfigurer$InitializeAuthenticationProviderManagerConfigurer - Global AuthenticationManager configured with AuthenticationProvider bean with name authenticationProvider
2026-05-06 09:48:59.592 [restartedMain] WARN  o.s.s.c.a.a.c.InitializeUserDetailsBeanManagerConfigurer$InitializeUserDetailsManagerConfigurer - Global AuthenticationManager configured with an AuthenticationProvider bean. UserDetailsService beans will not be used by Spring Security for automatically configuring username/password login. Consider removing the AuthenticationProvider bean. Alternatively, consider using the UserDetailsService in a manually instantiated DaoAuthenticationProvider. If the current configuration is intentional, to turn off this warning, increase the logging level of 'org.springframework.security.config.annotation.authentication.configuration.InitializeUserDetailsBeanManagerConfigurer' to ERROR
2026-05-06 09:49:00.038 [restartedMain] WARN  o.s.b.j.a.JpaBaseConfiguration$JpaWebConfiguration - spring.jpa.open-in-view is enabled by default. Therefore, database queries may be performed during view rendering. Explicitly configure spring.jpa.open-in-view to disable this warning
2026-05-06 09:49:00.437 [restartedMain] WARN  o.s.w.s.m.m.a.RequestMappingHandlerMapping - Multiple @RequestMapping annotations found on public com.HospitalManagement.responsedto.LabOrderResponseDto com.HospitalManagement.controller.LabController.cancelOrder(java.lang.Long), but only the first will be used: [@org.springframework.web.bind.annotation.DeleteMapping(consumes={}, headers={}, name="", params={}, path={"/orders/{labOrderId}"}, produces={}, value={"/orders/{labOrderId}"}, version=""), @org.springframework.web.bind.annotation.PatchMapping(consumes={}, headers={}, name="", params={}, path={"/lab-orders/{labOrderId}/cancel"}, produces={}, value={"/lab-orders/{labOrderId}/cancel"}, version="")]
2026-05-06 09:49:01.026 [restartedMain] INFO  o.a.coyote.http11.Http11NioProtocol - Starting ProtocolHandler ["http-nio-8081"]
2026-05-06 09:49:01.063 [restartedMain] INFO  c.H.HospitalManagementApplication - Started HospitalManagementApplication in 8.472 seconds (process running for 9.319)
2026-05-06 09:49:01.126 [restartedMain] WARN  o.s.c.events.SpringDocAppInitializer - SpringDoc /v3/api-docs endpoint is enabled by default. To disable it in production, set the property 'springdoc.api-docs.enabled=false'
2026-05-06 09:49:01.126 [restartedMain] WARN  o.s.c.events.SpringDocAppInitializer - SpringDoc /swagger-ui.html endpoint is enabled by default. To disable it in production, set the property 'springdoc.swagger-ui.enabled=false'
2026-05-06 09:49:02.151 [SpringApplicationShutdownHook] INFO  com.zaxxer.hikari.HikariDataSource - HikariPool-1 - Shutdown initiated...
2026-05-06 09:49:02.168 [SpringApplicationShutdownHook] INFO  com.zaxxer.hikari.HikariDataSource - HikariPool-1 - Shutdown completed.
2026-05-06 09:49:46.183 [restartedMain] INFO  c.H.HospitalManagementApplication - Starting HospitalManagementApplication using Java 21 with PID 11000 (C:\Users\2492179\Downloads\HospitalManagement\HospitalManagement\target\classes started by 2492179 in C:\Users\2492179\Downloads\HospitalManagement\HospitalManagement)
2026-05-06 09:49:46.185 [restartedMain] DEBUG c.H.HospitalManagementApplication - Running with Spring Boot v4.0.5, Spring v7.0.6
2026-05-06 09:49:46.185 [restartedMain] INFO  c.H.HospitalManagementApplication - No active profile set, falling back to 1 default profile: "default"
2026-05-06 09:49:48.124 [restartedMain] INFO  o.a.coyote.http11.Http11NioProtocol - Initializing ProtocolHandler ["http-nio-8081"]
2026-05-06 09:49:48.124 [restartedMain] INFO  o.a.catalina.core.StandardService - Starting service [Tomcat]
2026-05-06 09:49:48.124 [restartedMain] INFO  o.a.catalina.core.StandardEngine - Starting Servlet engine: [Apache Tomcat/11.0.20]
2026-05-06 09:49:48.300 [restartedMain] INFO  com.zaxxer.hikari.HikariDataSource - HikariPool-1 - Starting...
2026-05-06 09:49:48.602 [restartedMain] INFO  com.zaxxer.hikari.pool.HikariPool - HikariPool-1 - Added connection com.mysql.cj.jdbc.ConnectionImpl@1183c3eb
2026-05-06 09:49:48.605 [restartedMain] INFO  com.zaxxer.hikari.HikariDataSource - HikariPool-1 - Start completed.
2026-05-06 09:49:49.423 [restartedMain] WARN  org.hibernate.orm.deprecation - HHH90000025: MySQLDialect does not need to be specified explicitly using 'hibernate.dialect' (remove the property setting and it will be selected by default)
2026-05-06 09:49:50.854 [restartedMain] DEBUG c.H.config.AuthenticationFilter - Filter 'authenticationFilter' configured for use
2026-05-06 09:49:50.996 [restartedMain] INFO  o.s.s.c.a.a.c.InitializeAuthenticationProviderBeanManagerConfigurer$InitializeAuthenticationProviderManagerConfigurer - Global AuthenticationManager configured with AuthenticationProvider bean with name authenticationProvider
2026-05-06 09:49:50.996 [restartedMain] WARN  o.s.s.c.a.a.c.InitializeUserDetailsBeanManagerConfigurer$InitializeUserDetailsManagerConfigurer - Global AuthenticationManager configured with an AuthenticationProvider bean. UserDetailsService beans will not be used by Spring Security for automatically configuring username/password login. Consider removing the AuthenticationProvider bean. Alternatively, consider using the UserDetailsService in a manually instantiated DaoAuthenticationProvider. If the current configuration is intentional, to turn off this warning, increase the logging level of 'org.springframework.security.config.annotation.authentication.configuration.InitializeUserDetailsBeanManagerConfigurer' to ERROR
2026-05-06 09:49:51.345 [restartedMain] WARN  o.s.b.j.a.JpaBaseConfiguration$JpaWebConfiguration - spring.jpa.open-in-view is enabled by default. Therefore, database queries may be performed during view rendering. Explicitly configure spring.jpa.open-in-view to disable this warning
2026-05-06 09:49:51.650 [restartedMain] WARN  o.s.w.s.m.m.a.RequestMappingHandlerMapping - Multiple @RequestMapping annotations found on public com.HospitalManagement.responsedto.LabOrderResponseDto com.HospitalManagement.controller.LabController.cancelOrder(java.lang.Long), but only the first will be used: [@org.springframework.web.bind.annotation.DeleteMapping(consumes={}, headers={}, name="", params={}, path={"/orders/{labOrderId}"}, produces={}, value={"/orders/{labOrderId}"}, version=""), @org.springframework.web.bind.annotation.PatchMapping(consumes={}, headers={}, name="", params={}, path={"/lab-orders/{labOrderId}/cancel"}, produces={}, value={"/lab-orders/{labOrderId}/cancel"}, version="")]
2026-05-06 09:49:52.138 [restartedMain] INFO  o.a.coyote.http11.Http11NioProtocol - Starting ProtocolHandler ["http-nio-8081"]
2026-05-06 09:49:52.170 [restartedMain] INFO  c.H.HospitalManagementApplication - Started HospitalManagementApplication in 6.363 seconds (process running for 7.18)
2026-05-06 09:49:52.224 [restartedMain] WARN  o.s.c.events.SpringDocAppInitializer - SpringDoc /v3/api-docs endpoint is enabled by default. To disable it in production, set the property 'springdoc.api-docs.enabled=false'
2026-05-06 09:49:52.224 [restartedMain] WARN  o.s.c.events.SpringDocAppInitializer - SpringDoc /swagger-ui.html endpoint is enabled by default. To disable it in production, set the property 'springdoc.swagger-ui.enabled=false'
2026-05-06 09:50:01.204 [http-nio-8081-exec-2] INFO  o.a.c.c.C.[Tomcat].[localhost].[/] - Initializing Spring DispatcherServlet 'dispatcherServlet'
2026-05-06 09:50:01.205 [http-nio-8081-exec-2] INFO  o.s.web.servlet.DispatcherServlet - Initializing Servlet 'dispatcherServlet'
2026-05-06 09:50:01.205 [http-nio-8081-exec-2] INFO  o.s.web.servlet.DispatcherServlet - Completed initialization in 0 ms
2026-05-06 09:50:02.803 [http-nio-8081-exec-8] INFO  o.s.api.AbstractOpenApiResource - Init duration for springdoc-openapi is: 1116 ms
2026-05-06 09:51:13.373 [http-nio-8081-exec-4] INFO  c.H.controller.AuthController - API Request: POST /api/v1/auth/authenticate - Email: admin@clinicflow.com
2026-05-06 09:51:13.373 [http-nio-8081-exec-4] INFO  c.H.service.AuthService - Attempting authentication for user with email: admin@clinicflow.com
2026-05-06 09:51:14.223 [http-nio-8081-exec-4] DEBUG org.hibernate.SQL - select u1_0.user_id,u1_0.created_at,u1_0.email,u1_0.name,u1_0.password,u1_0.phone,u1_0.role,u1_0.status,u1_0.updated_at from users u1_0 where u1_0.email=?
2026-05-06 09:51:14.772 [http-nio-8081-exec-4] DEBUG org.hibernate.SQL - select u1_0.user_id,u1_0.created_at,u1_0.email,u1_0.name,u1_0.password,u1_0.phone,u1_0.role,u1_0.status,u1_0.updated_at from users u1_0 where u1_0.email=?
2026-05-06 09:51:14.781 [http-nio-8081-exec-4] DEBUG c.H.service.JwtService - Generating JWT token for user: admin@clinicflow.com
2026-05-06 09:51:14.784 [http-nio-8081-exec-4] DEBUG c.H.service.JwtService - Token claims added - Username: admin@clinicflow.com, UserId: 1, Role: ADMIN
2026-05-06 09:51:14.817 [http-nio-8081-exec-4] INFO  c.H.service.JwtService - JWT token generated successfully for user: admin@clinicflow.com
2026-05-06 09:51:14.817 [http-nio-8081-exec-4] INFO  c.H.service.AuthService - User authenticated successfully - Email: admin@clinicflow.com, Role: ADMIN
2026-05-06 09:51:14.817 [http-nio-8081-exec-4] INFO  c.H.controller.AuthController - API Response: Authentication successful for email: admin@clinicflow.com
2026-05-06 09:52:19.977 [http-nio-8081-exec-9] ERROR o.a.c.c.C.[.[.[.[dispatcherServlet] - Servlet.service() for servlet [dispatcherServlet] in context with path [] threw exception
io.jsonwebtoken.security.SignatureException: JWT signature does not match locally computed signature. JWT validity cannot be asserted and should not be trusted.
	at io.jsonwebtoken.impl.DefaultJwtParser.parse(DefaultJwtParser.java:399)
	at io.jsonwebtoken.impl.DefaultJwtParser.parse(DefaultJwtParser.java:529)
	at io.jsonwebtoken.impl.DefaultJwtParser.parseClaimsJws(DefaultJwtParser.java:589)
	at io.jsonwebtoken.impl.ImmutableJwtParser.parseClaimsJws(ImmutableJwtParser.java:173)
	at com.HospitalManagement.service.JwtService.extractAllClaims(JwtService.java:101)
	at com.HospitalManagement.service.JwtService.extractClaim(JwtService.java:37)
	at com.HospitalManagement.service.JwtService.extractUsername(JwtService.java:33)
	at com.HospitalManagement.config.AuthenticationFilter.doFilterInternal(AuthenticationFilter.java:41)
	at org.springframework.web.filter.OncePerRequestFilter.doFilter(OncePerRequestFilter.java:116)
	at org.springframework.security.web.ObservationFilterChainDecorator$ObservationFilter.wrapFilter(ObservationFilterChainDecorator.java:244)
	at org.springframework.security.web.ObservationFilterChainDecorator$ObservationFilter.doFilter(ObservationFilterChainDecorator.java:231)
	at org.springframework.security.web.ObservationFilterChainDecorator$VirtualFilterChain.doFilter(ObservationFilterChainDecorator.java:141)
	at org.springframework.security.web.authentication.logout.LogoutFilter.doFilter(LogoutFilter.java:110)
	at org.springframework.security.web.authentication.logout.LogoutFilter.doFilter(LogoutFilter.java:96)
	at org.springframework.security.web.ObservationFilterChainDecorator$ObservationFilter.wrapFilter(ObservationFilterChainDecorator.java:244)
	at org.springframework.security.web.ObservationFilterChainDecorator$ObservationFilter.doFilter(ObservationFilterChainDecorator.java:231)
	at org.springframework.security.web.ObservationFilterChainDecorator$VirtualFilterChain.doFilter(ObservationFilterChainDecorator.java:141)
	at org.springframework.web.filter.CorsFilter.doFilterInternal(CorsFilter.java:91)
	at org.springframework.web.filter.OncePerRequestFilter.doFilter(OncePerRequestFilter.java:116)
	at org.springframework.security.web.ObservationFilterChainDecorator$ObservationFilter.wrapFilter(ObservationFilterChainDecorator.java:244)
	at org.springframework.security.web.ObservationFilterChainDecorator$ObservationFilter.doFilter(ObservationFilterChainDecorator.java:231)
	at org.springframework.security.web.ObservationFilterChainDecorator$VirtualFilterChain.doFilter(ObservationFilterChainDecorator.java:141)
	at org.springframework.security.web.header.HeaderWriterFilter.doHeadersAfter(HeaderWriterFilter.java:90)
	at org.springframework.security.web.header.HeaderWriterFilter.doFilterInternal(HeaderWriterFilter.java:75)
	at org.springframework.web.filter.OncePerRequestFilter.doFilter(OncePerRequestFilter.java:116)
	at org.springframework.security.web.ObservationFilterChainDecorator$ObservationFilter.wrapFilter(ObservationFilterChainDecorator.java:244)
	at org.springframework.security.web.ObservationFilterChainDecorator$ObservationFilter.doFilter(ObservationFilterChainDecorator.java:231)
	at org.springframework.security.web.ObservationFilterChainDecorator$VirtualFilterChain.doFilter(ObservationFilterChainDecorator.java:141)
	at org.springframework.security.web.context.SecurityContextHolderFilter.doFilter(SecurityContextHolderFilter.java:82)
	at org.springframework.security.web.context.SecurityContextHolderFilter.doFilter(SecurityContextHolderFilter.java:69)
	at org.springframework.security.web.ObservationFilterChainDecorator$ObservationFilter.wrapFilter(ObservationFilterChainDecorator.java:244)
	at org.springframework.security.web.ObservationFilterChainDecorator$ObservationFilter.doFilter(ObservationFilterChainDecorator.java:231)
	at org.springframework.security.web.ObservationFilterChainDecorator$VirtualFilterChain.doFilter(ObservationFilterChainDecorator.java:141)
	at org.springframework.security.web.context.request.async.WebAsyncManagerIntegrationFilter.doFilterInternal(WebAsyncManagerIntegrationFilter.java:62)
	at org.springframework.web.filter.OncePerRequestFilter.doFilter(OncePerRequestFilter.java:116)
	at org.springframework.security.web.ObservationFilterChainDecorator$ObservationFilter.wrapFilter(ObservationFilterChainDecorator.java:244)
	at org.springframework.security.web.ObservationFilterChainDecorator$ObservationFilter.doFilter(ObservationFilterChainDecorator.java:231)
	at org.springframework.security.web.ObservationFilterChainDecorator$VirtualFilterChain.doFilter(ObservationFilterChainDecorator.java:141)
	at org.springframework.security.web.session.DisableEncodeUrlFilter.doFilterInternal(DisableEncodeUrlFilter.java:42)
	at org.springframework.web.filter.OncePerRequestFilter.doFilter(OncePerRequestFilter.java:116)
	at org.springframework.security.web.ObservationFilterChainDecorator$ObservationFilter.wrapFilter(ObservationFilterChainDecorator.java:244)
	at org.springframework.security.web.ObservationFilterChainDecorator$AroundFilterObservation$SimpleAroundFilterObservation.lambda$wrap$0(ObservationFilterChainDecorator.java:337)
	at org.springframework.security.web.ObservationFilterChainDecorator$ObservationFilter.doFilter(ObservationFilterChainDecorator.java:228)
	at org.springframework.security.web.ObservationFilterChainDecorator$VirtualFilterChain.doFilter(ObservationFilterChainDecorator.java:141)
	at org.springframework.security.web.FilterChainProxy.doFilterInternal(FilterChainProxy.java:237)
	at org.springframework.security.web.FilterChainProxy.doFilter(FilterChainProxy.java:195)
	at org.springframework.web.filter.CompositeFilter$VirtualFilterChain.doFilter(CompositeFilter.java:113)
	at org.springframework.web.filter.ServletRequestPathFilter.doFilter(ServletRequestPathFilter.java:52)
	at org.springframework.web.filter.CompositeFilter$VirtualFilterChain.doFilter(CompositeFilter.java:113)
	at org.springframework.web.filter.CompositeFilter.doFilter(CompositeFilter.java:74)
	at org.springframework.security.config.annotation.web.configuration.WebSecurityConfiguration$CompositeFilterChainProxy.doFilter(WebSecurityConfiguration.java:317)
	at org.springframework.web.filter.DelegatingFilterProxy.invokeDelegate(DelegatingFilterProxy.java:355)
	at org.springframework.web.filter.DelegatingFilterProxy.doFilter(DelegatingFilterProxy.java:272)
	at org.apache.catalina.core.ApplicationFilterChain.doFilter(ApplicationFilterChain.java:107)
	at org.springframework.web.filter.RequestContextFilter.doFilterInternal(RequestContextFilter.java:100)
	at org.springframework.web.filter.OncePerRequestFilter.doFilter(OncePerRequestFilter.java:116)
	at org.apache.catalina.core.ApplicationFilterChain.doFilter(ApplicationFilterChain.java:107)
	at org.springframework.web.filter.FormContentFilter.doFilterInternal(FormContentFilter.java:93)
	at org.springframework.web.filter.OncePerRequestFilter.doFilter(OncePerRequestFilter.java:116)
	at org.apache.catalina.core.ApplicationFilterChain.doFilter(ApplicationFilterChain.java:107)
	at org.springframework.web.filter.ServerHttpObservationFilter.doFilterInternal(ServerHttpObservationFilter.java:110)
	at org.springframework.web.filter.OncePerRequestFilter.doFilter(OncePerRequestFilter.java:116)
	at org.apache.catalina.core.ApplicationFilterChain.doFilter(ApplicationFilterChain.java:107)
	at org.springframework.web.filter.CharacterEncodingFilter.doFilterInternal(CharacterEncodingFilter.java:199)
	at org.springframework.web.filter.OncePerRequestFilter.doFilter(OncePerRequestFilter.java:116)
	at org.apache.catalina.core.ApplicationFilterChain.doFilter(ApplicationFilterChain.java:107)
	at org.apache.catalina.core.StandardWrapperValve.invoke(StandardWrapperValve.java:165)
	at org.apache.catalina.core.StandardContextValve.invoke(StandardContextValve.java:77)
	at org.apache.catalina.authenticator.AuthenticatorBase.invoke(AuthenticatorBase.java:492)
	at org.apache.catalina.core.StandardHostValve.invoke(StandardHostValve.java:113)
	at org.apache.catalina.valves.ErrorReportValve.invoke(ErrorReportValve.java:83)
	at org.apache.catalina.core.StandardEngineValve.invoke(StandardEngineValve.java:72)
	at org.apache.catalina.connector.CoyoteAdapter.service(CoyoteAdapter.java:341)
	at org.apache.coyote.http11.Http11Processor.service(Http11Processor.java:397)
	at org.apache.coyote.AbstractProcessorLight.process(AbstractProcessorLight.java:63)
	at org.apache.coyote.AbstractProtocol$ConnectionHandler.process(AbstractProtocol.java:903)
	at org.apache.tomcat.util.net.NioEndpoint$SocketProcessor.doRun(NioEndpoint.java:1779)
	at org.apache.tomcat.util.net.SocketProcessorBase.run(SocketProcessorBase.java:52)
	at org.apache.tomcat.util.threads.ThreadPoolExecutor.runWorker(ThreadPoolExecutor.java:946)
	at org.apache.tomcat.util.threads.ThreadPoolExecutor$Worker.run(ThreadPoolExecutor.java:480)
	at org.apache.tomcat.util.threads.TaskThread$WrappingRunnable.run(TaskThread.java:57)
	at java.base/java.lang.Thread.run(Thread.java:1583)
2026-05-06 10:20:25.020 [SpringApplicationShutdownHook] INFO  com.zaxxer.hikari.HikariDataSource - HikariPool-1 - Shutdown initiated...
2026-05-06 10:20:25.024 [SpringApplicationShutdownHook] INFO  com.zaxxer.hikari.HikariDataSource - HikariPool-1 - Shutdown completed.
2026-05-06 10:20:31.392 [restartedMain] INFO  c.H.HospitalManagementApplication - Starting HospitalManagementApplication using Java 21 with PID 6416 (C:\Users\2492179\Downloads\HospitalManagement\HospitalManagement\target\classes started by 2492179 in C:\Users\2492179\Downloads\HospitalManagement\HospitalManagement)
2026-05-06 10:20:31.400 [restartedMain] DEBUG c.H.HospitalManagementApplication - Running with Spring Boot v4.0.5, Spring v7.0.6
2026-05-06 10:20:31.400 [restartedMain] INFO  c.H.HospitalManagementApplication - No active profile set, falling back to 1 default profile: "default"
2026-05-06 10:20:33.619 [restartedMain] INFO  o.a.coyote.http11.Http11NioProtocol - Initializing ProtocolHandler ["http-nio-8081"]
2026-05-06 10:20:33.623 [restartedMain] INFO  o.a.catalina.core.StandardService - Starting service [Tomcat]
2026-05-06 10:20:33.625 [restartedMain] INFO  o.a.catalina.core.StandardEngine - Starting Servlet engine: [Apache Tomcat/11.0.20]
2026-05-06 10:20:33.860 [restartedMain] INFO  com.zaxxer.hikari.HikariDataSource - HikariPool-1 - Starting...
2026-05-06 10:20:34.275 [restartedMain] INFO  com.zaxxer.hikari.pool.HikariPool - HikariPool-1 - Added connection com.mysql.cj.jdbc.ConnectionImpl@1e561719
2026-05-06 10:20:34.275 [restartedMain] INFO  com.zaxxer.hikari.HikariDataSource - HikariPool-1 - Start completed.
2026-05-06 10:20:35.287 [restartedMain] WARN  org.hibernate.orm.deprecation - HHH90000025: MySQLDialect does not need to be specified explicitly using 'hibernate.dialect' (remove the property setting and it will be selected by default)
2026-05-06 10:20:37.329 [restartedMain] DEBUG c.H.config.AuthenticationFilter - Filter 'authenticationFilter' configured for use
2026-05-06 10:20:37.515 [restartedMain] INFO  o.s.s.c.a.a.c.InitializeAuthenticationProviderBeanManagerConfigurer$InitializeAuthenticationProviderManagerConfigurer - Global AuthenticationManager configured with AuthenticationProvider bean with name authenticationProvider
2026-05-06 10:20:37.515 [restartedMain] WARN  o.s.s.c.a.a.c.InitializeUserDetailsBeanManagerConfigurer$InitializeUserDetailsManagerConfigurer - Global AuthenticationManager configured with an AuthenticationProvider bean. UserDetailsService beans will not be used by Spring Security for automatically configuring username/password login. Consider removing the AuthenticationProvider bean. Alternatively, consider using the UserDetailsService in a manually instantiated DaoAuthenticationProvider. If the current configuration is intentional, to turn off this warning, increase the logging level of 'org.springframework.security.config.annotation.authentication.configuration.InitializeUserDetailsBeanManagerConfigurer' to ERROR
2026-05-06 10:20:37.894 [restartedMain] WARN  o.s.b.j.a.JpaBaseConfiguration$JpaWebConfiguration - spring.jpa.open-in-view is enabled by default. Therefore, database queries may be performed during view rendering. Explicitly configure spring.jpa.open-in-view to disable this warning
2026-05-06 10:20:38.210 [restartedMain] WARN  o.s.w.s.m.m.a.RequestMappingHandlerMapping - Multiple @RequestMapping annotations found on public com.HospitalManagement.responsedto.LabOrderResponseDto com.HospitalManagement.controller.LabController.cancelOrder(java.lang.Long), but only the first will be used: [@org.springframework.web.bind.annotation.DeleteMapping(consumes={}, headers={}, name="", params={}, path={"/orders/{labOrderId}"}, produces={}, value={"/orders/{labOrderId}"}, version=""), @org.springframework.web.bind.annotation.PatchMapping(consumes={}, headers={}, name="", params={}, path={"/lab-orders/{labOrderId}/cancel"}, produces={}, value={"/lab-orders/{labOrderId}/cancel"}, version="")]
2026-05-06 10:20:38.783 [restartedMain] INFO  o.a.coyote.http11.Http11NioProtocol - Starting ProtocolHandler ["http-nio-8081"]
2026-05-06 10:20:38.820 [restartedMain] INFO  c.H.HospitalManagementApplication - Started HospitalManagementApplication in 7.83 seconds (process running for 8.735)
2026-05-06 10:20:38.911 [restartedMain] WARN  o.s.c.events.SpringDocAppInitializer - SpringDoc /v3/api-docs endpoint is enabled by default. To disable it in production, set the property 'springdoc.api-docs.enabled=false'
2026-05-06 10:20:38.911 [restartedMain] WARN  o.s.c.events.SpringDocAppInitializer - SpringDoc /swagger-ui.html endpoint is enabled by default. To disable it in production, set the property 'springdoc.swagger-ui.enabled=false'
2026-05-06 10:20:48.881 [http-nio-8081-exec-1] INFO  o.a.c.c.C.[Tomcat].[localhost].[/] - Initializing Spring DispatcherServlet 'dispatcherServlet'
2026-05-06 10:20:48.881 [http-nio-8081-exec-1] INFO  o.s.web.servlet.DispatcherServlet - Initializing Servlet 'dispatcherServlet'
2026-05-06 10:20:48.881 [http-nio-8081-exec-1] INFO  o.s.web.servlet.DispatcherServlet - Completed initialization in 0 ms
2026-05-06 10:20:50.655 [http-nio-8081-exec-9] INFO  o.s.api.AbstractOpenApiResource - Init duration for springdoc-openapi is: 920 ms
2026-05-06 10:26:34.424 [SpringApplicationShutdownHook] INFO  com.zaxxer.hikari.HikariDataSource - HikariPool-1 - Shutdown initiated...
2026-05-06 10:26:34.424 [SpringApplicationShutdownHook] INFO  com.zaxxer.hikari.HikariDataSource - HikariPool-1 - Shutdown completed.
2026-05-06 10:26:39.664 [restartedMain] INFO  c.H.HospitalManagementApplication - Starting HospitalManagementApplication using Java 21 with PID 23656 (C:\Users\2492179\Downloads\HospitalManagement\HospitalManagement\target\classes started by 2492179 in C:\Users\2492179\Downloads\HospitalManagement\HospitalManagement)
2026-05-06 10:26:39.667 [restartedMain] DEBUG c.H.HospitalManagementApplication - Running with Spring Boot v4.0.5, Spring v7.0.6
2026-05-06 10:26:39.667 [restartedMain] INFO  c.H.HospitalManagementApplication - No active profile set, falling back to 1 default profile: "default"
2026-05-06 10:26:41.623 [restartedMain] INFO  o.a.coyote.http11.Http11NioProtocol - Initializing ProtocolHandler ["http-nio-8081"]
2026-05-06 10:26:41.630 [restartedMain] INFO  o.a.catalina.core.StandardService - Starting service [Tomcat]
2026-05-06 10:26:41.630 [restartedMain] INFO  o.a.catalina.core.StandardEngine - Starting Servlet engine: [Apache Tomcat/11.0.20]
2026-05-06 10:26:41.843 [restartedMain] INFO  com.zaxxer.hikari.HikariDataSource - HikariPool-1 - Starting...
2026-05-06 10:26:42.175 [restartedMain] INFO  com.zaxxer.hikari.pool.HikariPool - HikariPool-1 - Added connection com.mysql.cj.jdbc.ConnectionImpl@1e561719
2026-05-06 10:26:42.176 [restartedMain] INFO  com.zaxxer.hikari.HikariDataSource - HikariPool-1 - Start completed.
2026-05-06 10:26:42.921 [restartedMain] WARN  org.hibernate.orm.deprecation - HHH90000025: MySQLDialect does not need to be specified explicitly using 'hibernate.dialect' (remove the property setting and it will be selected by default)
2026-05-06 10:26:44.443 [restartedMain] DEBUG c.H.config.AuthenticationFilter - Filter 'authenticationFilter' configured for use
2026-05-06 10:26:44.607 [restartedMain] INFO  o.s.s.c.a.a.c.InitializeAuthenticationProviderBeanManagerConfigurer$InitializeAuthenticationProviderManagerConfigurer - Global AuthenticationManager configured with AuthenticationProvider bean with name authenticationProvider
2026-05-06 10:26:44.607 [restartedMain] WARN  o.s.s.c.a.a.c.InitializeUserDetailsBeanManagerConfigurer$InitializeUserDetailsManagerConfigurer - Global AuthenticationManager configured with an AuthenticationProvider bean. UserDetailsService beans will not be used by Spring Security for automatically configuring username/password login. Consider removing the AuthenticationProvider bean. Alternatively, consider using the UserDetailsService in a manually instantiated DaoAuthenticationProvider. If the current configuration is intentional, to turn off this warning, increase the logging level of 'org.springframework.security.config.annotation.authentication.configuration.InitializeUserDetailsBeanManagerConfigurer' to ERROR
2026-05-06 10:26:44.988 [restartedMain] WARN  o.s.b.j.a.JpaBaseConfiguration$JpaWebConfiguration - spring.jpa.open-in-view is enabled by default. Therefore, database queries may be performed during view rendering. Explicitly configure spring.jpa.open-in-view to disable this warning
2026-05-06 10:26:45.321 [restartedMain] WARN  o.s.w.s.m.m.a.RequestMappingHandlerMapping - Multiple @RequestMapping annotations found on public com.HospitalManagement.responsedto.LabOrderResponseDto com.HospitalManagement.controller.LabController.cancelOrder(java.lang.Long), but only the first will be used: [@org.springframework.web.bind.annotation.DeleteMapping(consumes={}, headers={}, name="", params={}, path={"/orders/{labOrderId}"}, produces={}, value={"/orders/{labOrderId}"}, version=""), @org.springframework.web.bind.annotation.PatchMapping(consumes={}, headers={}, name="", params={}, path={"/lab-orders/{labOrderId}/cancel"}, produces={}, value={"/lab-orders/{labOrderId}/cancel"}, version="")]
2026-05-06 10:26:45.861 [restartedMain] INFO  o.a.coyote.http11.Http11NioProtocol - Starting ProtocolHandler ["http-nio-8081"]
2026-05-06 10:26:45.924 [restartedMain] INFO  c.H.HospitalManagementApplication - Started HospitalManagementApplication in 6.657 seconds (process running for 7.449)
2026-05-06 10:26:46.034 [restartedMain] WARN  o.s.c.events.SpringDocAppInitializer - SpringDoc /v3/api-docs endpoint is enabled by default. To disable it in production, set the property 'springdoc.api-docs.enabled=false'
2026-05-06 10:26:46.034 [restartedMain] WARN  o.s.c.events.SpringDocAppInitializer - SpringDoc /swagger-ui.html endpoint is enabled by default. To disable it in production, set the property 'springdoc.swagger-ui.enabled=false'
2026-05-06 10:27:55.041 [http-nio-8081-exec-1] INFO  o.a.c.c.C.[Tomcat].[localhost].[/] - Initializing Spring DispatcherServlet 'dispatcherServlet'
2026-05-06 10:27:55.041 [http-nio-8081-exec-1] INFO  o.s.web.servlet.DispatcherServlet - Initializing Servlet 'dispatcherServlet'
2026-05-06 10:27:55.041 [http-nio-8081-exec-1] INFO  o.s.web.servlet.DispatcherServlet - Completed initialization in 0 ms
2026-05-06 10:27:55.353 [http-nio-8081-exec-1] INFO  c.H.controller.AuthController - API Request: POST /api/v1/auth/authenticate - Email: selva@clinicflow.com
2026-05-06 10:27:55.353 [http-nio-8081-exec-1] INFO  c.H.service.AuthService - Attempting authentication for user with email: selva@clinicflow.com
2026-05-06 10:27:56.157 [http-nio-8081-exec-1] DEBUG org.hibernate.SQL - select u1_0.user_id,u1_0.created_at,u1_0.email,u1_0.name,u1_0.password,u1_0.phone,u1_0.role,u1_0.status,u1_0.updated_at from users u1_0 where u1_0.email=?
2026-05-06 10:27:56.327 [http-nio-8081-exec-1] DEBUG org.hibernate.SQL - select u1_0.user_id,u1_0.created_at,u1_0.email,u1_0.name,u1_0.password,u1_0.phone,u1_0.role,u1_0.status,u1_0.updated_at from users u1_0 where u1_0.email=?
2026-05-06 10:27:56.331 [http-nio-8081-exec-1] DEBUG c.H.service.JwtService - Generating JWT token for user: selva@clinicflow.com
2026-05-06 10:27:56.331 [http-nio-8081-exec-1] DEBUG c.H.service.JwtService - Token claims added - Username: selva@clinicflow.com, UserId: 2, Role: CLINICIAN
2026-05-06 10:27:56.425 [http-nio-8081-exec-1] INFO  c.H.service.JwtService - JWT token generated successfully for user: selva@clinicflow.com
2026-05-06 10:27:56.425 [http-nio-8081-exec-1] INFO  c.H.service.AuthService - User authenticated successfully - Email: selva@clinicflow.com, Role: CLINICIAN
2026-05-06 10:27:56.431 [http-nio-8081-exec-1] INFO  c.H.controller.AuthController - API Response: Authentication successful for email: selva@clinicflow.com
2026-05-06 10:29:22.213 [http-nio-8081-exec-3] DEBUG org.hibernate.SQL - select u1_0.user_id,u1_0.created_at,u1_0.email,u1_0.name,u1_0.password,u1_0.phone,u1_0.role,u1_0.status,u1_0.updated_at from users u1_0 where u1_0.email=?
2026-05-06 10:29:22.229 [http-nio-8081-exec-3] DEBUG c.H.service.JwtService - JWT token validation successful for user: selva@clinicflow.com
2026-05-06 10:29:22.330 [http-nio-8081-exec-3] INFO  c.H.controller.EncounterController - API Request: POST /api/v1/clinician/encounters - Creating encounter - PatientID: 1, VisitType: OPD
2026-05-06 10:29:22.344 [http-nio-8081-exec-3] DEBUG org.hibernate.SQL - select u1_0.user_id,u1_0.created_at,u1_0.email,u1_0.name,u1_0.password,u1_0.phone,u1_0.role,u1_0.status,u1_0.updated_at from users u1_0 where u1_0.email=?
2026-05-06 10:29:22.365 [http-nio-8081-exec-3] DEBUG org.hibernate.SQL - select p1_0.patient_id,p1_0.address_json,p1_0.contact_info_json,p1_0.created_at,p1_0.dob,p1_0.gender,p1_0.insurance_id,p1_0.mrn,p1_0.name,p1_0.primary_contact,p1_0.status,p1_0.updated_at,p1_0.version from patients p1_0 where p1_0.patient_id=?
2026-05-06 10:29:22.400 [http-nio-8081-exec-3] DEBUG org.hibernate.SQL - insert into encounters (chief_complaint,clinician_id,diagnoses_json,end_at,notes_json,orders_json,patient_id,prescriptions_json,signed_at,signed_by,start_at,status,visit_type,vitals_json) values (?,?,cast(? as json),?,cast(? as json),cast(? as json),?,cast(? as json),?,?,?,?,?,cast(? as json))
2026-05-06 10:29:22.513 [http-nio-8081-exec-3] INFO  c.H.controller.EncounterController - API Response: Encounter created - ID: 2, Status: IN_PROGRESS
2026-05-06 10:30:41.601 [http-nio-8081-exec-5] DEBUG org.hibernate.SQL - select u1_0.user_id,u1_0.created_at,u1_0.email,u1_0.name,u1_0.password,u1_0.phone,u1_0.role,u1_0.status,u1_0.updated_at from users u1_0 where u1_0.email=?
2026-05-06 10:30:41.621 [http-nio-8081-exec-5] DEBUG c.H.service.JwtService - JWT token validation successful for user: selva@clinicflow.com
2026-05-06 10:30:41.662 [http-nio-8081-exec-5] INFO  c.H.service.LabOrderService - Creating lab order - Encounter ID: 2
2026-05-06 10:30:41.662 [http-nio-8081-exec-5] DEBUG org.hibernate.SQL - select u1_0.user_id,u1_0.created_at,u1_0.email,u1_0.name,u1_0.password,u1_0.phone,u1_0.role,u1_0.status,u1_0.updated_at from users u1_0 where u1_0.email=?
2026-05-06 10:30:41.662 [http-nio-8081-exec-5] DEBUG c.H.service.LabOrderService - Looking up encounter by ID: 2
2026-05-06 10:30:41.662 [http-nio-8081-exec-5] DEBUG org.hibernate.SQL - select e1_0.encounter_id,e1_0.chief_complaint,e1_0.clinician_id,e1_0.diagnoses_json,e1_0.end_at,e1_0.notes_json,e1_0.orders_json,e1_0.patient_id,e1_0.prescriptions_json,e1_0.signed_at,e1_0.signed_by,e1_0.start_at,e1_0.status,e1_0.visit_type,e1_0.vitals_json from encounters e1_0 where e1_0.encounter_id=?
2026-05-06 10:30:41.678 [http-nio-8081-exec-5] DEBUG c.H.service.LabOrderService - Found encounter - ID: 2
2026-05-06 10:30:41.678 [http-nio-8081-exec-5] DEBUG org.hibernate.SQL - insert into lab_order (collected_at,encounter_id,ordered_by_fk,patient_id,result_uri,sample_id,status,tests_json) values (?,?,?,?,?,?,?,?)
2026-05-06 10:30:41.695 [http-nio-8081-exec-5] INFO  c.H.service.LabOrderService - Successfully created lab order - ID: 2
2026-05-06 10:30:41.708 [http-nio-8081-exec-5] DEBUG org.hibernate.SQL - select lr1_0.result_id,lr1_0.flag,lr1_0.lab_order_id,lr1_0.reference_range_json,lr1_0.reported_at,lr1_0.reported_by,lr1_0.test_code,lr1_0.units,lr1_0.value from lab_result lr1_0 where lr1_0.lab_order_id=?
2026-05-06 10:30:41.712 [http-nio-8081-exec-5] DEBUG org.hibernate.SQL - select p1_0.patient_id,p1_0.address_json,p1_0.contact_info_json,p1_0.created_at,p1_0.dob,p1_0.gender,p1_0.insurance_id,p1_0.mrn,p1_0.name,p1_0.primary_contact,p1_0.status,p1_0.updated_at,p1_0.version from patients p1_0 where p1_0.patient_id=?
2026-05-06 10:30:41.724 [http-nio-8081-exec-5] DEBUG org.hibernate.SQL - update lab_order set collected_at=?,encounter_id=?,ordered_by_fk=?,patient_id=?,result_uri=?,sample_id=?,status=?,tests_json=? where lab_order_id=?
2026-05-06 10:31:07.074 [http-nio-8081-exec-4] DEBUG org.hibernate.SQL - select u1_0.user_id,u1_0.created_at,u1_0.email,u1_0.name,u1_0.password,u1_0.phone,u1_0.role,u1_0.status,u1_0.updated_at from users u1_0 where u1_0.email=?
2026-05-06 10:31:07.085 [http-nio-8081-exec-4] DEBUG c.H.service.JwtService - JWT token validation successful for user: selva@clinicflow.com
2026-05-06 10:31:07.095 [http-nio-8081-exec-4] DEBUG c.H.service.LabResultService - Fetching lab results for order ID: 1
2026-05-06 10:31:07.095 [http-nio-8081-exec-4] DEBUG c.H.service.LabResultService - Looking up lab order by ID: 1
2026-05-06 10:31:07.095 [http-nio-8081-exec-4] DEBUG org.hibernate.SQL - select lo1_0.lab_order_id,lo1_0.collected_at,lo1_0.encounter_id,lo1_0.ordered_by_fk,lo1_0.patient_id,lo1_0.result_uri,lo1_0.sample_id,lo1_0.status,lo1_0.tests_json from lab_order lo1_0 where lo1_0.lab_order_id=?
2026-05-06 10:31:07.095 [http-nio-8081-exec-4] DEBUG c.H.service.LabResultService - Found lab order - ID: 1, Status: RESULTS_REPORTED
2026-05-06 10:31:07.095 [http-nio-8081-exec-4] DEBUG org.hibernate.SQL - select lr1_0.result_id,lr1_0.flag,lr1_0.lab_order_id,lr1_0.reference_range_json,lr1_0.reported_at,lr1_0.reported_by,lr1_0.test_code,lr1_0.units,lr1_0.value from lab_result lr1_0 where lr1_0.lab_order_id=?
2026-05-06 10:31:07.110 [http-nio-8081-exec-4] DEBUG org.hibernate.SQL - select u1_0.user_id,u1_0.created_at,u1_0.email,u1_0.name,u1_0.password,u1_0.phone,u1_0.role,u1_0.status,u1_0.updated_at from users u1_0 where u1_0.user_id=?
2026-05-06 10:31:07.111 [http-nio-8081-exec-4] INFO  c.H.service.LabResultService - Retrieved 1 lab results for order ID: 1
2026-05-06 10:31:14.788 [http-nio-8081-exec-7] DEBUG org.hibernate.SQL - select u1_0.user_id,u1_0.created_at,u1_0.email,u1_0.name,u1_0.password,u1_0.phone,u1_0.role,u1_0.status,u1_0.updated_at from users u1_0 where u1_0.email=?
2026-05-06 10:31:14.799 [http-nio-8081-exec-7] DEBUG c.H.service.JwtService - JWT token validation successful for user: selva@clinicflow.com
2026-05-06 10:31:14.799 [http-nio-8081-exec-7] DEBUG c.H.service.LabResultService - Fetching lab results for order ID: 2
2026-05-06 10:31:14.799 [http-nio-8081-exec-7] DEBUG c.H.service.LabResultService - Looking up lab order by ID: 2
2026-05-06 10:31:14.811 [http-nio-8081-exec-7] DEBUG org.hibernate.SQL - select lo1_0.lab_order_id,lo1_0.collected_at,lo1_0.encounter_id,lo1_0.ordered_by_fk,lo1_0.patient_id,lo1_0.result_uri,lo1_0.sample_id,lo1_0.status,lo1_0.tests_json from lab_order lo1_0 where lo1_0.lab_order_id=?
2026-05-06 10:31:14.814 [http-nio-8081-exec-7] DEBUG c.H.service.LabResultService - Found lab order - ID: 2, Status: ORDERED
2026-05-06 10:31:14.814 [http-nio-8081-exec-7] DEBUG org.hibernate.SQL - select lr1_0.result_id,lr1_0.flag,lr1_0.lab_order_id,lr1_0.reference_range_json,lr1_0.reported_at,lr1_0.reported_by,lr1_0.test_code,lr1_0.units,lr1_0.value from lab_result lr1_0 where lr1_0.lab_order_id=?
2026-05-06 10:31:14.814 [http-nio-8081-exec-7] INFO  c.H.service.LabResultService - Retrieved 0 lab results for order ID: 2
2026-05-06 10:33:39.458 [http-nio-8081-exec-7] INFO  o.s.api.AbstractOpenApiResource - Init duration for springdoc-openapi is: 1078 ms
2026-05-06 10:34:16.460 [http-nio-8081-exec-10] INFO  c.H.controller.AuthController - API Request: POST /api/v1/auth/authenticate - Email: selva@clinicflow.com
2026-05-06 10:34:16.460 [http-nio-8081-exec-10] INFO  c.H.service.AuthService - Attempting authentication for user with email: selva@clinicflow.com
2026-05-06 10:34:16.465 [http-nio-8081-exec-10] DEBUG org.hibernate.SQL - select u1_0.user_id,u1_0.created_at,u1_0.email,u1_0.name,u1_0.password,u1_0.phone,u1_0.role,u1_0.status,u1_0.updated_at from users u1_0 where u1_0.email=?
2026-05-06 10:34:16.576 [http-nio-8081-exec-10] DEBUG org.hibernate.SQL - select u1_0.user_id,u1_0.created_at,u1_0.email,u1_0.name,u1_0.password,u1_0.phone,u1_0.role,u1_0.status,u1_0.updated_at from users u1_0 where u1_0.email=?
2026-05-06 10:34:16.586 [http-nio-8081-exec-10] DEBUG c.H.service.JwtService - Generating JWT token for user: selva@clinicflow.com
2026-05-06 10:34:16.586 [http-nio-8081-exec-10] DEBUG c.H.service.JwtService - Token claims added - Username: selva@clinicflow.com, UserId: 2, Role: CLINICIAN
2026-05-06 10:34:16.586 [http-nio-8081-exec-10] INFO  c.H.service.JwtService - JWT token generated successfully for user: selva@clinicflow.com
2026-05-06 10:34:16.586 [http-nio-8081-exec-10] INFO  c.H.service.AuthService - User authenticated successfully - Email: selva@clinicflow.com, Role: CLINICIAN
2026-05-06 10:34:16.586 [http-nio-8081-exec-10] INFO  c.H.controller.AuthController - API Response: Authentication successful for email: selva@clinicflow.com
2026-05-06 10:35:36.088 [http-nio-8081-exec-5] DEBUG org.hibernate.SQL - select u1_0.user_id,u1_0.created_at,u1_0.email,u1_0.name,u1_0.password,u1_0.phone,u1_0.role,u1_0.status,u1_0.updated_at from users u1_0 where u1_0.email=?
2026-05-06 10:35:36.120 [http-nio-8081-exec-5] DEBUG c.H.service.JwtService - JWT token validation successful for user: selva@clinicflow.com
2026-05-06 10:35:36.127 [http-nio-8081-exec-5] INFO  c.H.controller.AuthController - API Request: POST /api/v1/auth/authenticate - Email: admin@clinicflow.com
2026-05-06 10:35:36.127 [http-nio-8081-exec-5] INFO  c.H.service.AuthService - Attempting authentication for user with email: admin@clinicflow.com
2026-05-06 10:35:36.129 [http-nio-8081-exec-5] DEBUG org.hibernate.SQL - select u1_0.user_id,u1_0.created_at,u1_0.email,u1_0.name,u1_0.password,u1_0.phone,u1_0.role,u1_0.status,u1_0.updated_at from users u1_0 where u1_0.email=?
2026-05-06 10:35:36.596 [http-nio-8081-exec-5] DEBUG org.hibernate.SQL - select u1_0.user_id,u1_0.created_at,u1_0.email,u1_0.name,u1_0.password,u1_0.phone,u1_0.role,u1_0.status,u1_0.updated_at from users u1_0 where u1_0.email=?
2026-05-06 10:35:36.605 [http-nio-8081-exec-5] DEBUG c.H.service.JwtService - Generating JWT token for user: admin@clinicflow.com
2026-05-06 10:35:36.606 [http-nio-8081-exec-5] DEBUG c.H.service.JwtService - Token claims added - Username: admin@clinicflow.com, UserId: 1, Role: ADMIN
2026-05-06 10:35:36.606 [http-nio-8081-exec-5] INFO  c.H.service.JwtService - JWT token generated successfully for user: admin@clinicflow.com
2026-05-06 10:35:36.606 [http-nio-8081-exec-5] INFO  c.H.service.AuthService - User authenticated successfully - Email: admin@clinicflow.com, Role: ADMIN
2026-05-06 10:35:36.606 [http-nio-8081-exec-5] INFO  c.H.controller.AuthController - API Response: Authentication successful for email: admin@clinicflow.com
2026-05-06 10:37:07.074 [http-nio-8081-exec-8] DEBUG org.hibernate.SQL - select u1_0.user_id,u1_0.created_at,u1_0.email,u1_0.name,u1_0.password,u1_0.phone,u1_0.role,u1_0.status,u1_0.updated_at from users u1_0 where u1_0.email=?
2026-05-06 10:37:07.084 [http-nio-8081-exec-8] DEBUG c.H.service.JwtService - JWT token validation successful for user: admin@clinicflow.com
2026-05-06 10:37:07.093 [http-nio-8081-exec-8] INFO  c.H.service.LabResultService - Creating lab result - Order ID: 2, Test: RBS
2026-05-06 10:37:07.104 [http-nio-8081-exec-8] DEBUG c.H.service.LabResultService - Looking up lab order by ID: 2
2026-05-06 10:37:07.104 [http-nio-8081-exec-8] DEBUG org.hibernate.SQL - select lo1_0.lab_order_id,lo1_0.collected_at,lo1_0.encounter_id,lo1_0.ordered_by_fk,lo1_0.patient_id,lo1_0.result_uri,lo1_0.sample_id,lo1_0.status,lo1_0.tests_json from lab_order lo1_0 where lo1_0.lab_order_id=?
2026-05-06 10:37:07.107 [http-nio-8081-exec-8] DEBUG c.H.service.LabResultService - Found lab order - ID: 2, Status: ORDERED
2026-05-06 10:37:07.107 [http-nio-8081-exec-8] DEBUG org.hibernate.SQL - select u1_0.user_id,u1_0.created_at,u1_0.email,u1_0.name,u1_0.password,u1_0.phone,u1_0.role,u1_0.status,u1_0.updated_at from users u1_0 where u1_0.email=?
2026-05-06 10:37:07.107 [http-nio-8081-exec-8] DEBUG org.hibernate.SQL - insert into lab_result (flag,lab_order_id,reference_range_json,reported_at,reported_by,test_code,units,value) values (?,?,?,?,?,?,?,?)
2026-05-06 10:37:07.151 [http-nio-8081-exec-8] DEBUG c.H.service.LabResultService - Updating lab order status - Order ID: 2
2026-05-06 10:37:07.151 [http-nio-8081-exec-8] DEBUG org.hibernate.SQL - select lr1_0.result_id,lr1_0.flag,lr1_0.lab_order_id,lr1_0.reference_range_json,lr1_0.reported_at,lr1_0.reported_by,lr1_0.test_code,lr1_0.units,lr1_0.value from lab_result lr1_0 where lr1_0.lab_order_id=?
2026-05-06 10:37:07.156 [http-nio-8081-exec-8] DEBUG c.H.service.LabResultService - Updated lab order status to RESULTS_REPORTED - Critical: false
2026-05-06 10:37:07.157 [http-nio-8081-exec-8] INFO  c.H.service.LabResultService - Successfully created lab result - ID: 2
2026-05-06 10:37:07.157 [http-nio-8081-exec-8] DEBUG org.hibernate.SQL - update lab_order set collected_at=?,encounter_id=?,ordered_by_fk=?,patient_id=?,result_uri=?,sample_id=?,status=?,tests_json=? where lab_order_id=?
2026-05-06 10:37:48.993 [http-nio-8081-exec-7] DEBUG org.hibernate.SQL - select u1_0.user_id,u1_0.created_at,u1_0.email,u1_0.name,u1_0.password,u1_0.phone,u1_0.role,u1_0.status,u1_0.updated_at from users u1_0 where u1_0.email=?
2026-05-06 10:37:49.000 [http-nio-8081-exec-7] DEBUG c.H.service.JwtService - JWT token validation successful for user: admin@clinicflow.com
2026-05-06 10:37:49.005 [http-nio-8081-exec-7] DEBUG c.H.service.LabResultService - Fetching lab results for order ID: 2
2026-05-06 10:37:49.005 [http-nio-8081-exec-7] DEBUG c.H.service.LabResultService - Looking up lab order by ID: 2
2026-05-06 10:37:49.005 [http-nio-8081-exec-7] DEBUG org.hibernate.SQL - select lo1_0.lab_order_id,lo1_0.collected_at,lo1_0.encounter_id,lo1_0.ordered_by_fk,lo1_0.patient_id,lo1_0.result_uri,lo1_0.sample_id,lo1_0.status,lo1_0.tests_json from lab_order lo1_0 where lo1_0.lab_order_id=?
2026-05-06 10:37:49.010 [http-nio-8081-exec-7] DEBUG c.H.service.LabResultService - Found lab order - ID: 2, Status: RESULTS_REPORTED
2026-05-06 10:37:49.010 [http-nio-8081-exec-7] DEBUG org.hibernate.SQL - select lr1_0.result_id,lr1_0.flag,lr1_0.lab_order_id,lr1_0.reference_range_json,lr1_0.reported_at,lr1_0.reported_by,lr1_0.test_code,lr1_0.units,lr1_0.value from lab_result lr1_0 where lr1_0.lab_order_id=?
2026-05-06 10:37:49.010 [http-nio-8081-exec-7] DEBUG org.hibernate.SQL - select u1_0.user_id,u1_0.created_at,u1_0.email,u1_0.name,u1_0.password,u1_0.phone,u1_0.role,u1_0.status,u1_0.updated_at from users u1_0 where u1_0.user_id=?
2026-05-06 10:37:49.018 [http-nio-8081-exec-7] INFO  c.H.service.LabResultService - Retrieved 1 lab results for order ID: 2
2026-05-06 10:38:25.003 [http-nio-8081-exec-10] DEBUG org.hibernate.SQL - select u1_0.user_id,u1_0.created_at,u1_0.email,u1_0.name,u1_0.password,u1_0.phone,u1_0.role,u1_0.status,u1_0.updated_at from users u1_0 where u1_0.email=?
2026-05-06 10:38:25.009 [http-nio-8081-exec-10] DEBUG c.H.service.JwtService - JWT token validation successful for user: admin@clinicflow.com
2026-05-06 10:38:25.018 [http-nio-8081-exec-10] DEBUG c.H.service.LabOrderService - Fetching all lab orders
2026-05-06 10:38:25.048 [http-nio-8081-exec-10] DEBUG org.hibernate.SQL - select lo1_0.lab_order_id,lo1_0.collected_at,lo1_0.encounter_id,lo1_0.ordered_by_fk,lo1_0.patient_id,lo1_0.result_uri,lo1_0.sample_id,lo1_0.status,lo1_0.tests_json from lab_order lo1_0
2026-05-06 10:38:25.059 [http-nio-8081-exec-10] DEBUG org.hibernate.SQL - select lr1_0.result_id,lr1_0.flag,lr1_0.lab_order_id,lr1_0.reference_range_json,lr1_0.reported_at,lr1_0.reported_by,lr1_0.test_code,lr1_0.units,lr1_0.value from lab_result lr1_0 where lr1_0.lab_order_id=?
2026-05-06 10:38:25.086 [http-nio-8081-exec-10] DEBUG org.hibernate.SQL - select p1_0.patient_id,p1_0.address_json,p1_0.contact_info_json,p1_0.created_at,p1_0.dob,p1_0.gender,p1_0.insurance_id,p1_0.mrn,p1_0.name,p1_0.primary_contact,p1_0.status,p1_0.updated_at,p1_0.version from patients p1_0 where p1_0.patient_id=?
2026-05-06 10:38:25.090 [http-nio-8081-exec-10] DEBUG org.hibernate.SQL - select u1_0.user_id,u1_0.created_at,u1_0.email,u1_0.name,u1_0.password,u1_0.phone,u1_0.role,u1_0.status,u1_0.updated_at from users u1_0 where u1_0.user_id=?
2026-05-06 10:38:25.096 [http-nio-8081-exec-10] DEBUG org.hibernate.SQL - select lr1_0.result_id,lr1_0.flag,lr1_0.lab_order_id,lr1_0.reference_range_json,lr1_0.reported_at,lr1_0.reported_by,lr1_0.test_code,lr1_0.units,lr1_0.value from lab_result lr1_0 where lr1_0.lab_order_id=?
2026-05-06 10:38:25.096 [http-nio-8081-exec-10] DEBUG org.hibernate.SQL - select u1_0.user_id,u1_0.created_at,u1_0.email,u1_0.name,u1_0.password,u1_0.phone,u1_0.role,u1_0.status,u1_0.updated_at from users u1_0 where u1_0.user_id=?
2026-05-06 10:38:25.103 [http-nio-8081-exec-10] INFO  c.H.service.LabOrderService - Retrieved 2 lab orders
2026-05-06 10:49:51.363 [SpringApplicationShutdownHook] INFO  com.zaxxer.hikari.HikariDataSource - HikariPool-1 - Shutdown initiated...
2026-05-06 10:49:51.369 [SpringApplicationShutdownHook] INFO  com.zaxxer.hikari.HikariDataSource - HikariPool-1 - Shutdown completed.
2026-05-06 10:49:58.303 [restartedMain] INFO  c.H.HospitalManagementApplication - Starting HospitalManagementApplication using Java 21 with PID 22540 (C:\Users\2492179\Downloads\HospitalManagement\HospitalManagement\target\classes started by 2492179 in C:\Users\2492179\Downloads\HospitalManagement\HospitalManagement)
2026-05-06 10:49:58.306 [restartedMain] DEBUG c.H.HospitalManagementApplication - Running with Spring Boot v4.0.5, Spring v7.0.6
2026-05-06 10:49:58.308 [restartedMain] INFO  c.H.HospitalManagementApplication - No active profile set, falling back to 1 default profile: "default"
2026-05-06 10:50:00.876 [restartedMain] INFO  o.a.coyote.http11.Http11NioProtocol - Initializing ProtocolHandler ["http-nio-8081"]
2026-05-06 10:50:00.878 [restartedMain] INFO  o.a.catalina.core.StandardService - Starting service [Tomcat]
2026-05-06 10:50:00.880 [restartedMain] INFO  o.a.catalina.core.StandardEngine - Starting Servlet engine: [Apache Tomcat/11.0.20]
2026-05-06 10:50:01.165 [restartedMain] INFO  com.zaxxer.hikari.HikariDataSource - HikariPool-1 - Starting...
2026-05-06 10:50:01.561 [restartedMain] INFO  com.zaxxer.hikari.pool.HikariPool - HikariPool-1 - Added connection com.mysql.cj.jdbc.ConnectionImpl@1e561719
2026-05-06 10:50:01.561 [restartedMain] INFO  com.zaxxer.hikari.HikariDataSource - HikariPool-1 - Start completed.
2026-05-06 10:50:02.585 [restartedMain] WARN  org.hibernate.orm.deprecation - HHH90000025: MySQLDialect does not need to be specified explicitly using 'hibernate.dialect' (remove the property setting and it will be selected by default)
2026-05-06 10:50:04.833 [restartedMain] DEBUG c.H.config.AuthenticationFilter - Filter 'authenticationFilter' configured for use
2026-05-06 10:50:05.023 [restartedMain] INFO  o.s.s.c.a.a.c.InitializeAuthenticationProviderBeanManagerConfigurer$InitializeAuthenticationProviderManagerConfigurer - Global AuthenticationManager configured with AuthenticationProvider bean with name authenticationProvider
2026-05-06 10:50:05.023 [restartedMain] WARN  o.s.s.c.a.a.c.InitializeUserDetailsBeanManagerConfigurer$InitializeUserDetailsManagerConfigurer - Global AuthenticationManager configured with an AuthenticationProvider bean. UserDetailsService beans will not be used by Spring Security for automatically configuring username/password login. Consider removing the AuthenticationProvider bean. Alternatively, consider using the UserDetailsService in a manually instantiated DaoAuthenticationProvider. If the current configuration is intentional, to turn off this warning, increase the logging level of 'org.springframework.security.config.annotation.authentication.configuration.InitializeUserDetailsBeanManagerConfigurer' to ERROR
2026-05-06 10:50:05.603 [restartedMain] WARN  o.s.b.j.a.JpaBaseConfiguration$JpaWebConfiguration - spring.jpa.open-in-view is enabled by default. Therefore, database queries may be performed during view rendering. Explicitly configure spring.jpa.open-in-view to disable this warning
2026-05-06 10:50:06.205 [restartedMain] WARN  o.s.w.s.m.m.a.RequestMappingHandlerMapping - Multiple @RequestMapping annotations found on public com.HospitalManagement.responsedto.LabOrderResponseDto com.HospitalManagement.controller.LabController.cancelOrder(java.lang.Long), but only the first will be used: [@org.springframework.web.bind.annotation.DeleteMapping(consumes={}, headers={}, name="", params={}, path={"/orders/{labOrderId}"}, produces={}, value={"/orders/{labOrderId}"}, version=""), @org.springframework.web.bind.annotation.PatchMapping(consumes={}, headers={}, name="", params={}, path={"/lab-orders/{labOrderId}/cancel"}, produces={}, value={"/lab-orders/{labOrderId}/cancel"}, version="")]
2026-05-06 10:50:06.964 [restartedMain] INFO  o.a.coyote.http11.Http11NioProtocol - Starting ProtocolHandler ["http-nio-8081"]
2026-05-06 10:50:07.006 [restartedMain] INFO  c.H.HospitalManagementApplication - Started HospitalManagementApplication in 9.203 seconds (process running for 10.253)
2026-05-06 10:50:07.095 [restartedMain] WARN  o.s.c.events.SpringDocAppInitializer - SpringDoc /v3/api-docs endpoint is enabled by default. To disable it in production, set the property 'springdoc.api-docs.enabled=false'
2026-05-06 10:50:07.095 [restartedMain] WARN  o.s.c.events.SpringDocAppInitializer - SpringDoc /swagger-ui.html endpoint is enabled by default. To disable it in production, set the property 'springdoc.swagger-ui.enabled=false'
2026-05-06 10:50:20.885 [http-nio-8081-exec-1] INFO  o.a.c.c.C.[Tomcat].[localhost].[/] - Initializing Spring DispatcherServlet 'dispatcherServlet'
2026-05-06 10:50:20.885 [http-nio-8081-exec-1] INFO  o.s.web.servlet.DispatcherServlet - Initializing Servlet 'dispatcherServlet'
2026-05-06 10:50:20.890 [http-nio-8081-exec-1] INFO  o.s.web.servlet.DispatcherServlet - Completed initialization in 5 ms
2026-05-06 10:50:22.587 [http-nio-8081-exec-9] INFO  o.s.api.AbstractOpenApiResource - Init duration for springdoc-openapi is: 1135 ms
2026-05-06 11:18:57.955 [HikariPool-1:housekeeper] WARN  com.zaxxer.hikari.pool.HikariPool - HikariPool-1 - Thread starvation or clock leap detected (housekeeper delta=55s830ms318µs100ns).
2026-05-06 11:37:21.832 [HikariPool-1:housekeeper] WARN  com.zaxxer.hikari.pool.HikariPool - HikariPool-1 - Thread starvation or clock leap detected (housekeeper delta=8m23s706ms558µs900ns).
2026-05-06 11:38:18.927 [SpringApplicationShutdownHook] INFO  com.zaxxer.hikari.HikariDataSource - HikariPool-1 - Shutdown initiated...
2026-05-06 11:38:18.941 [SpringApplicationShutdownHook] INFO  com.zaxxer.hikari.HikariDataSource - HikariPool-1 - Shutdown completed.
2026-05-06 15:20:55.418 [restartedMain] INFO  c.H.HospitalManagementApplication - Starting HospitalManagementApplication using Java 21 with PID 24104 (C:\Users\2492206\Downloads\HospitalManagement-Git\target\classes started by 2492206 in C:\Users\2492206\Downloads\HospitalManagement-Git)
2026-05-06 15:20:55.421 [restartedMain] DEBUG c.H.HospitalManagementApplication - Running with Spring Boot v4.0.5, Spring v7.0.6
2026-05-06 15:20:55.421 [restartedMain] INFO  c.H.HospitalManagementApplication - No active profile set, falling back to 1 default profile: "default"
2026-05-06 15:20:58.069 [restartedMain] INFO  o.a.coyote.http11.Http11NioProtocol - Initializing ProtocolHandler ["http-nio-8081"]
2026-05-06 15:20:58.072 [restartedMain] INFO  o.a.catalina.core.StandardService - Starting service [Tomcat]
2026-05-06 15:20:58.072 [restartedMain] INFO  o.a.catalina.core.StandardEngine - Starting Servlet engine: [Apache Tomcat/11.0.20]
2026-05-06 15:20:58.296 [restartedMain] INFO  com.zaxxer.hikari.HikariDataSource - HikariPool-1 - Starting...
2026-05-06 15:21:01.450 [restartedMain] INFO  com.zaxxer.hikari.HikariDataSource - HikariPool-1 - Starting...
2026-05-06 15:21:02.491 [restartedMain] WARN  org.hibernate.orm.jdbc.error - HHH000247: ErrorCode: 1045, SQLState: 28000
2026-05-06 15:21:02.491 [restartedMain] WARN  org.hibernate.orm.jdbc.error - Access denied for user 'root'@'localhost' (using password: YES)
2026-05-06 15:21:02.523 [restartedMain] WARN  org.hibernate.orm.jdbc - HHH100046: Could not obtain connection to query JDBC database metadata
org.hibernate.exception.AuthException: Unable to obtain isolated JDBC connection [Access denied for user 'root'@'localhost' (using password: YES)] [n/a]
	at org.hibernate.exception.internal.SQLStateConversionDelegate.convert(SQLStateConversionDelegate.java:87)
	at org.hibernate.exception.internal.StandardSQLExceptionConverter.convert(StandardSQLExceptionConverter.java:34)
	at org.hibernate.engine.jdbc.spi.SqlExceptionHelper.convert(SqlExceptionHelper.java:115)
	at org.hibernate.engine.jdbc.spi.SqlExceptionHelper.convert(SqlExceptionHelper.java:101)
	at org.hibernate.resource.transaction.backend.jdbc.internal.JdbcIsolationDelegate.delegateWork(JdbcIsolationDelegate.java:51)
	at org.hibernate.engine.jdbc.env.internal.JdbcEnvironmentInitiator.getJdbcEnvironmentUsingJdbcMetadata(JdbcEnvironmentInitiator.java:366)
	at org.hibernate.engine.jdbc.env.internal.JdbcEnvironmentInitiator.getJdbcEnvironment(JdbcEnvironmentInitiator.java:143)
	at org.hibernate.engine.jdbc.env.internal.JdbcEnvironmentInitiator.initiateService(JdbcEnvironmentInitiator.java:120)
	at org.hibernate.engine.jdbc.env.internal.JdbcEnvironmentInitiator.initiateService(JdbcEnvironmentInitiator.java:80)
	at org.hibernate.boot.registry.internal.StandardServiceRegistryImpl.initiateService(StandardServiceRegistryImpl.java:133)
	at org.hibernate.service.internal.AbstractServiceRegistryImpl.createService(AbstractServiceRegistryImpl.java:260)
	at org.hibernate.service.internal.AbstractServiceRegistryImpl.initializeService(AbstractServiceRegistryImpl.java:235)
	at org.hibernate.service.internal.AbstractServiceRegistryImpl.getService(AbstractServiceRegistryImpl.java:212)
	at org.hibernate.boot.model.relational.Database.<init>(Database.java:44)
	at org.hibernate.boot.internal.InFlightMetadataCollectorImpl.getDatabase(InFlightMetadataCollectorImpl.java:251)
	at org.hibernate.boot.internal.InFlightMetadataCollectorImpl.<init>(InFlightMetadataCollectorImpl.java:203)
	at org.hibernate.boot.model.process.spi.MetadataBuildingProcess.complete(MetadataBuildingProcess.java:172)
	at org.hibernate.jpa.boot.internal.EntityManagerFactoryBuilderImpl.metadata(EntityManagerFactoryBuilderImpl.java:1392)
	at org.hibernate.jpa.boot.internal.EntityManagerFactoryBuilderImpl.populateSessionFactoryBuilder(EntityManagerFactoryBuilderImpl.java:1472)
	at org.hibernate.jpa.boot.internal.EntityManagerFactoryBuilderImpl.build(EntityManagerFactoryBuilderImpl.java:1454)
	at org.springframework.orm.jpa.vendor.SpringHibernateJpaPersistenceProvider.createContainerEntityManagerFactory(SpringHibernateJpaPersistenceProvider.java:93)
	at org.springframework.orm.jpa.LocalContainerEntityManagerFactoryBean.createNativeEntityManagerFactory(LocalContainerEntityManagerFactoryBean.java:443)
	at org.springframework.orm.jpa.AbstractEntityManagerFactoryBean.buildNativeEntityManagerFactory(AbstractEntityManagerFactoryBean.java:436)
	at org.springframework.orm.jpa.AbstractEntityManagerFactoryBean.afterPropertiesSet(AbstractEntityManagerFactoryBean.java:411)
	at org.springframework.orm.jpa.LocalContainerEntityManagerFactoryBean.afterPropertiesSet(LocalContainerEntityManagerFactoryBean.java:419)
	at org.springframework.beans.factory.support.AbstractAutowireCapableBeanFactory.invokeInitMethods(AbstractAutowireCapableBeanFactory.java:1864)
	at org.springframework.beans.factory.support.AbstractAutowireCapableBeanFactory.initializeBean(AbstractAutowireCapableBeanFactory.java:1813)
	at org.springframework.beans.factory.support.AbstractAutowireCapableBeanFactory.doCreateBean(AbstractAutowireCapableBeanFactory.java:603)
	at org.springframework.beans.factory.support.AbstractAutowireCapableBeanFactory.createBean(AbstractAutowireCapableBeanFactory.java:525)
	at org.springframework.beans.factory.support.AbstractBeanFactory.lambda$doGetBean$0(AbstractBeanFactory.java:333)
	at org.springframework.beans.factory.support.DefaultSingletonBeanRegistry.getSingleton(DefaultSingletonBeanRegistry.java:371)
	at org.springframework.beans.factory.support.AbstractBeanFactory.doGetBean(AbstractBeanFactory.java:331)
	at org.springframework.beans.factory.support.AbstractBeanFactory.getBean(AbstractBeanFactory.java:196)
	at org.springframework.beans.factory.support.BeanDefinitionValueResolver.resolveReference(BeanDefinitionValueResolver.java:365)
	at org.springframework.beans.factory.support.BeanDefinitionValueResolver.resolveValueIfNecessary(BeanDefinitionValueResolver.java:135)
	at org.springframework.beans.factory.support.ConstructorResolver.resolveConstructorArguments(ConstructorResolver.java:691)
	at org.springframework.beans.factory.support.ConstructorResolver.instantiateUsingFactoryMethod(ConstructorResolver.java:513)
	at org.springframework.beans.factory.support.AbstractAutowireCapableBeanFactory.instantiateUsingFactoryMethod(AbstractAutowireCapableBeanFactory.java:1362)
	at org.springframework.beans.factory.support.AbstractAutowireCapableBeanFactory.createBeanInstance(AbstractAutowireCapableBeanFactory.java:1194)
	at org.springframework.beans.factory.support.AbstractAutowireCapableBeanFactory.doCreateBean(AbstractAutowireCapableBeanFactory.java:565)
	at org.springframework.beans.factory.support.AbstractAutowireCapableBeanFactory.createBean(AbstractAutowireCapableBeanFactory.java:525)
	at org.springframework.beans.factory.support.AbstractBeanFactory.lambda$doGetBean$0(AbstractBeanFactory.java:333)
	at org.springframework.beans.factory.support.DefaultSingletonBeanRegistry.getSingleton(DefaultSingletonBeanRegistry.java:371)
	at org.springframework.beans.factory.support.AbstractBeanFactory.doGetBean(AbstractBeanFactory.java:331)
	at org.springframework.beans.factory.support.AbstractBeanFactory.getBean(AbstractBeanFactory.java:201)
	at org.springframework.beans.factory.support.BeanDefinitionValueResolver.resolveReference(BeanDefinitionValueResolver.java:356)
	at org.springframework.beans.factory.support.BeanDefinitionValueResolver.resolveValueIfNecessary(BeanDefinitionValueResolver.java:135)
	at org.springframework.beans.factory.support.AbstractAutowireCapableBeanFactory.applyPropertyValues(AbstractAutowireCapableBeanFactory.java:1712)
	at org.springframework.beans.factory.support.AbstractAutowireCapableBeanFactory.populateBean(AbstractAutowireCapableBeanFactory.java:1461)
	at org.springframework.beans.factory.support.AbstractAutowireCapableBeanFactory.doCreateBean(AbstractAutowireCapableBeanFactory.java:602)
	at org.springframework.beans.factory.support.AbstractAutowireCapableBeanFactory.createBean(AbstractAutowireCapableBeanFactory.java:525)
	at org.springframework.beans.factory.support.AbstractBeanFactory.lambda$doGetBean$0(AbstractBeanFactory.java:333)
	at org.springframework.beans.factory.support.DefaultSingletonBeanRegistry.getSingleton(DefaultSingletonBeanRegistry.java:371)
	at org.springframework.beans.factory.support.AbstractBeanFactory.doGetBean(AbstractBeanFactory.java:331)
	at org.springframework.beans.factory.support.AbstractBeanFactory.getBean(AbstractBeanFactory.java:201)
	at org.springframework.beans.factory.config.DependencyDescriptor.resolveCandidate(DependencyDescriptor.java:229)
	at org.springframework.beans.factory.support.DefaultListableBeanFactory.doResolveDependency(DefaultListableBeanFactory.java:1762)
	at org.springframework.beans.factory.support.DefaultListableBeanFactory.resolveDependency(DefaultListableBeanFactory.java:1651)
	at org.springframework.beans.factory.support.ConstructorResolver.resolveAutowiredArgument(ConstructorResolver.java:912)
	at org.springframework.beans.factory.support.ConstructorResolver.createArgumentArray(ConstructorResolver.java:791)
	at org.springframework.beans.factory.support.ConstructorResolver.autowireConstructor(ConstructorResolver.java:240)
	at org.springframework.beans.factory.support.AbstractAutowireCapableBeanFactory.autowireConstructor(AbstractAutowireCapableBeanFactory.java:1382)
	at org.springframework.beans.factory.support.AbstractAutowireCapableBeanFactory.createBeanInstance(AbstractAutowireCapableBeanFactory.java:1221)
	at org.springframework.beans.factory.support.AbstractAutowireCapableBeanFactory.doCreateBean(AbstractAutowireCapableBeanFactory.java:565)
	at org.springframework.beans.factory.support.AbstractAutowireCapableBeanFactory.createBean(AbstractAutowireCapableBeanFactory.java:525)
	at org.springframework.beans.factory.support.AbstractBeanFactory.lambda$doGetBean$0(AbstractBeanFactory.java:333)
	at org.springframework.beans.factory.support.DefaultSingletonBeanRegistry.getSingleton(DefaultSingletonBeanRegistry.java:371)
	at org.springframework.beans.factory.support.AbstractBeanFactory.doGetBean(AbstractBeanFactory.java:331)
	at org.springframework.beans.factory.support.AbstractBeanFactory.getBean(AbstractBeanFactory.java:196)
	at org.springframework.beans.factory.support.ConstructorResolver.instantiateUsingFactoryMethod(ConstructorResolver.java:413)
	at org.springframework.beans.factory.support.AbstractAutowireCapableBeanFactory.instantiateUsingFactoryMethod(AbstractAutowireCapableBeanFactory.java:1362)
	at org.springframework.beans.factory.support.AbstractAutowireCapableBeanFactory.createBeanInstance(AbstractAutowireCapableBeanFactory.java:1194)
	at org.springframework.beans.factory.support.AbstractAutowireCapableBeanFactory.doCreateBean(AbstractAutowireCapableBeanFactory.java:565)
	at org.springframework.beans.factory.support.AbstractAutowireCapableBeanFactory.createBean(AbstractAutowireCapableBeanFactory.java:525)
	at org.springframework.beans.factory.support.AbstractBeanFactory.lambda$doGetBean$0(AbstractBeanFactory.java:333)
	at org.springframework.beans.factory.support.DefaultSingletonBeanRegistry.getSingleton(DefaultSingletonBeanRegistry.java:371)
	at org.springframework.beans.factory.support.AbstractBeanFactory.doGetBean(AbstractBeanFactory.java:331)
	at org.springframework.beans.factory.support.AbstractBeanFactory.getBean(AbstractBeanFactory.java:201)
	at org.springframework.beans.factory.support.DefaultListableBeanFactory.resolveBean(DefaultListableBeanFactory.java:1225)
	at org.springframework.beans.factory.support.DefaultListableBeanFactory.doResolveDependency(DefaultListableBeanFactory.java:1704)
	at org.springframework.beans.factory.support.DefaultListableBeanFactory.resolveDependency(DefaultListableBeanFactory.java:1651)
	at org.springframework.beans.factory.support.ConstructorResolver.resolveAutowiredArgument(ConstructorResolver.java:912)
	at org.springframework.beans.factory.support.ConstructorResolver.createArgumentArray(ConstructorResolver.java:791)
	at org.springframework.beans.factory.support.ConstructorResolver.autowireConstructor(ConstructorResolver.java:240)
	at org.springframework.beans.factory.support.AbstractAutowireCapableBeanFactory.autowireConstructor(AbstractAutowireCapableBeanFactory.java:1382)
	at org.springframework.beans.factory.support.AbstractAutowireCapableBeanFactory.createBeanInstance(AbstractAutowireCapableBeanFactory.java:1221)
	at org.springframework.beans.factory.support.AbstractAutowireCapableBeanFactory.doCreateBean(AbstractAutowireCapableBeanFactory.java:565)
	at org.springframework.beans.factory.support.AbstractAutowireCapableBeanFactory.createBean(AbstractAutowireCapableBeanFactory.java:525)
	at org.springframework.beans.factory.support.AbstractBeanFactory.lambda$doGetBean$0(AbstractBeanFactory.java:333)
	at org.springframework.beans.factory.support.DefaultSingletonBeanRegistry.getSingleton(DefaultSingletonBeanRegistry.java:371)
	at org.springframework.beans.factory.support.AbstractBeanFactory.doGetBean(AbstractBeanFactory.java:331)
	at org.springframework.beans.factory.support.AbstractBeanFactory.getBean(AbstractBeanFactory.java:201)
	at org.springframework.boot.web.servlet.ServletContextInitializerBeans.getOrderedBeansOfType(ServletContextInitializerBeans.java:231)
	at org.springframework.boot.web.servlet.ServletContextInitializerBeans.addAsRegistrationBean(ServletContextInitializerBeans.java:185)
	at org.springframework.boot.web.servlet.ServletContextInitializerBeans.addAsRegistrationBean(ServletContextInitializerBeans.java:180)
	at org.springframework.boot.web.servlet.ServletContextInitializerBeans.addAdaptableBeans(ServletContextInitializerBeans.java:165)
	at org.springframework.boot.web.servlet.ServletContextInitializerBeans.<init>(ServletContextInitializerBeans.java:97)
	at org.springframework.boot.web.context.servlet.WebApplicationContextInitializer.initialize(WebApplicationContextInitializer.java:53)
	at org.springframework.boot.tomcat.servlet.DeferredServletContainerInitializers.onStartup(DeferredServletContainerInitializers.java:55)
	at org.apache.catalina.core.StandardContext.startInternal(StandardContext.java:4416)
	at org.apache.catalina.util.LifecycleBase.start(LifecycleBase.java:164)
	at org.apache.catalina.core.ContainerBase$StartChild.call(ContainerBase.java:1162)
	at org.apache.catalina.core.ContainerBase$StartChild.call(ContainerBase.java:1158)
	at java.base/java.util.concurrent.FutureTask.run(FutureTask.java:317)
	at org.apache.tomcat.util.threads.InlineExecutorService.execute(InlineExecutorService.java:81)
	at java.base/java.util.concurrent.AbstractExecutorService.submit(AbstractExecutorService.java:145)
	at org.apache.catalina.core.ContainerBase.startInternal(ContainerBase.java:714)
	at org.apache.catalina.core.StandardHost.startInternal(StandardHost.java:780)
	at org.apache.catalina.util.LifecycleBase.start(LifecycleBase.java:164)
	at org.apache.catalina.core.ContainerBase$StartChild.call(ContainerBase.java:1162)
	at org.apache.catalina.core.ContainerBase$StartChild.call(ContainerBase.java:1158)
	at java.base/java.util.concurrent.FutureTask.run(FutureTask.java:317)
	at org.apache.tomcat.util.threads.InlineExecutorService.execute(InlineExecutorService.java:81)
	at java.base/java.util.concurrent.AbstractExecutorService.submit(AbstractExecutorService.java:145)
	at org.apache.catalina.core.ContainerBase.startInternal(ContainerBase.java:714)
	at org.apache.catalina.core.StandardEngine.startInternal(StandardEngine.java:201)
	at org.apache.catalina.util.LifecycleBase.start(LifecycleBase.java:164)
	at org.apache.catalina.core.StandardService.startInternal(StandardService.java:410)
	at org.apache.catalina.util.LifecycleBase.start(LifecycleBase.java:164)
	at org.apache.catalina.core.StandardServer.startInternal(StandardServer.java:864)
	at org.apache.catalina.util.LifecycleBase.start(LifecycleBase.java:164)
	at org.apache.catalina.startup.Tomcat.start(Tomcat.java:435)
	at org.springframework.boot.tomcat.TomcatWebServer.initialize(TomcatWebServer.java:131)
	at org.springframework.boot.tomcat.TomcatWebServer.<init>(TomcatWebServer.java:110)
	at org.springframework.boot.tomcat.servlet.TomcatServletWebServerFactory.getTomcatWebServer(TomcatServletWebServerFactory.java:408)
	at org.springframework.boot.tomcat.servlet.TomcatServletWebServerFactory.getWebServer(TomcatServletWebServerFactory.java:166)
	at org.springframework.boot.web.server.servlet.context.ServletWebServerApplicationContext.createWebServer(ServletWebServerApplicationContext.java:190)
	at org.springframework.boot.web.server.servlet.context.ServletWebServerApplicationContext.onRefresh(ServletWebServerApplicationContext.java:164)
	at org.springframework.context.support.AbstractApplicationContext.refresh(AbstractApplicationContext.java:615)
	at org.springframework.boot.web.server.servlet.context.ServletWebServerApplicationContext.refresh(ServletWebServerApplicationContext.java:143)
	at org.springframework.boot.SpringApplication.refresh(SpringApplication.java:756)
	at org.springframework.boot.SpringApplication.refreshContext(SpringApplication.java:445)
	at org.springframework.boot.SpringApplication.run(SpringApplication.java:321)
	at org.springframework.boot.SpringApplication.run(SpringApplication.java:1365)
	at org.springframework.boot.SpringApplication.run(SpringApplication.java:1354)
	at com.HospitalManagement.HospitalManagementApplication.main(HospitalManagementApplication.java:10)
	at java.base/jdk.internal.reflect.DirectMethodHandleAccessor.invoke(DirectMethodHandleAccessor.java:103)
	at java.base/java.lang.reflect.Method.invoke(Method.java:580)
	at org.springframework.boot.devtools.restart.RestartLauncher.run(RestartLauncher.java:52)
Caused by: java.sql.SQLException: Access denied for user 'root'@'localhost' (using password: YES)
	at com.mysql.cj.jdbc.exceptions.SQLError.createSQLException(SQLError.java:121)
	at com.mysql.cj.jdbc.exceptions.SQLExceptionsMapping.translateException(SQLExceptionsMapping.java:114)
	at com.mysql.cj.jdbc.ConnectionImpl.createNewIO(ConnectionImpl.java:840)
	at com.mysql.cj.jdbc.ConnectionImpl.<init>(ConnectionImpl.java:416)
	at com.mysql.cj.jdbc.ConnectionImpl.getInstance(ConnectionImpl.java:237)
	at com.mysql.cj.jdbc.NonRegisteringDriver.connect(NonRegisteringDriver.java:180)
	at com.zaxxer.hikari.util.DriverDataSource.getConnection(DriverDataSource.java:144)
	at com.zaxxer.hikari.pool.PoolBase.newConnection(PoolBase.java:373)
	at com.zaxxer.hikari.pool.PoolBase.newPoolEntry(PoolBase.java:210)
	at com.zaxxer.hikari.pool.HikariPool.createPoolEntry(HikariPool.java:488)
	at com.zaxxer.hikari.pool.HikariPool.checkFailFast(HikariPool.java:576)
	at com.zaxxer.hikari.pool.HikariPool.<init>(HikariPool.java:97)
	at com.zaxxer.hikari.HikariDataSource.getConnection(HikariDataSource.java:111)
	at org.hibernate.engine.jdbc.connections.internal.DataSourceConnectionProvider.getConnection(DataSourceConnectionProvider.java:137)
	at org.hibernate.engine.jdbc.env.internal.JdbcEnvironmentInitiator$ConnectionProviderJdbcConnectionAccess.obtainConnection(JdbcEnvironmentInitiator.java:508)
	at org.hibernate.resource.transaction.backend.jdbc.internal.JdbcIsolationDelegate.delegateWork(JdbcIsolationDelegate.java:48)
	... 134 common frames omitted
2026-05-06 15:21:02.585 [restartedMain] WARN  org.hibernate.orm.deprecation - HHH90000025: MySQLDialect does not need to be specified explicitly using 'hibernate.dialect' (remove the property setting and it will be selected by default)
2026-05-06 15:21:04.637 [restartedMain] INFO  com.zaxxer.hikari.HikariDataSource - HikariPool-1 - Starting...
2026-05-06 15:21:05.664 [restartedMain] WARN  org.hibernate.orm.jdbc.error - HHH000247: ErrorCode: 1045, SQLState: 28000
2026-05-06 15:21:05.665 [restartedMain] WARN  org.hibernate.orm.jdbc.error - Access denied for user 'root'@'localhost' (using password: YES)
2026-05-06 15:21:05.670 [restartedMain] ERROR o.s.o.j.LocalContainerEntityManagerFactoryBean - Failed to initialize JPA EntityManagerFactory: Unable to build Hibernate SessionFactory  [persistence unit: default] ; nested exception is org.hibernate.exception.AuthException: Unable to open JDBC Connection for DDL execution [Access denied for user 'root'@'localhost' (using password: YES)] [n/a]
2026-05-06 15:21:05.672 [restartedMain] ERROR o.s.b.t.s.DeferredServletContainerInitializers - Error starting Tomcat context. Exception: org.springframework.beans.factory.UnsatisfiedDependencyException. Message: Error creating bean with name 'authenticationFilter' defined in file [C:\Users\2492206\Downloads\HospitalManagement-Git\target\classes\com\HospitalManagement\config\AuthenticationFilter.class]: Unsatisfied dependency expressed through constructor parameter 1: Error creating bean with name 'applicationConfig' defined in file [C:\Users\2492206\Downloads\HospitalManagement-Git\target\classes\com\HospitalManagement\config\ApplicationConfig.class]: Unsatisfied dependency expressed through constructor parameter 0: Error creating bean with name 'userRepository' defined in com.HospitalManagement.repository.UserRepository defined in @EnableJpaRepositories declared on DataJpaRepositoriesRegistrar.EnableJpaRepositoriesConfiguration: Cannot resolve reference to bean 'jpaSharedEM_entityManagerFactory' while setting bean property 'entityManager'
2026-05-06 15:21:05.762 [restartedMain] INFO  o.a.catalina.core.StandardService - Stopping service [Tomcat]
2026-05-06 15:21:05.768 [restartedMain] WARN  o.s.b.w.s.s.c.AnnotationConfigServletWebServerApplicationContext - Exception encountered during context initialization - cancelling refresh attempt: org.springframework.context.ApplicationContextException: Unable to start web server
2026-05-06 15:21:05.809 [restartedMain] ERROR o.s.boot.SpringApplication - Application run failed
org.springframework.context.ApplicationContextException: Unable to start web server
	at org.springframework.boot.web.server.servlet.context.ServletWebServerApplicationContext.onRefresh(ServletWebServerApplicationContext.java:167)
	at org.springframework.context.support.AbstractApplicationContext.refresh(AbstractApplicationContext.java:615)
	at org.springframework.boot.web.server.servlet.context.ServletWebServerApplicationContext.refresh(ServletWebServerApplicationContext.java:143)
	at org.springframework.boot.SpringApplication.refresh(SpringApplication.java:756)
	at org.springframework.boot.SpringApplication.refreshContext(SpringApplication.java:445)
	at org.springframework.boot.SpringApplication.run(SpringApplication.java:321)
	at org.springframework.boot.SpringApplication.run(SpringApplication.java:1365)
	at org.springframework.boot.SpringApplication.run(SpringApplication.java:1354)
	at com.HospitalManagement.HospitalManagementApplication.main(HospitalManagementApplication.java:10)
	at java.base/jdk.internal.reflect.DirectMethodHandleAccessor.invoke(DirectMethodHandleAccessor.java:103)
	at java.base/java.lang.reflect.Method.invoke(Method.java:580)
	at org.springframework.boot.devtools.restart.RestartLauncher.run(RestartLauncher.java:52)
Caused by: org.springframework.boot.web.server.WebServerException: Unable to start embedded Tomcat
	at org.springframework.boot.tomcat.TomcatWebServer.initialize(TomcatWebServer.java:150)
	at org.springframework.boot.tomcat.TomcatWebServer.<init>(TomcatWebServer.java:110)
	at org.springframework.boot.tomcat.servlet.TomcatServletWebServerFactory.getTomcatWebServer(TomcatServletWebServerFactory.java:408)
	at org.springframework.boot.tomcat.servlet.TomcatServletWebServerFactory.getWebServer(TomcatServletWebServerFactory.java:166)
	at org.springframework.boot.web.server.servlet.context.ServletWebServerApplicationContext.createWebServer(ServletWebServerApplicationContext.java:190)
	at org.springframework.boot.web.server.servlet.context.ServletWebServerApplicationContext.onRefresh(ServletWebServerApplicationContext.java:164)
	... 11 common frames omitted
Caused by: org.springframework.beans.factory.UnsatisfiedDependencyException: Error creating bean with name 'authenticationFilter' defined in file [C:\Users\2492206\Downloads\HospitalManagement-Git\target\classes\com\HospitalManagement\config\AuthenticationFilter.class]: Unsatisfied dependency expressed through constructor parameter 1: Error creating bean with name 'applicationConfig' defined in file [C:\Users\2492206\Downloads\HospitalManagement-Git\target\classes\com\HospitalManagement\config\ApplicationConfig.class]: Unsatisfied dependency expressed through constructor parameter 0: Error creating bean with name 'userRepository' defined in com.HospitalManagement.repository.UserRepository defined in @EnableJpaRepositories declared on DataJpaRepositoriesRegistrar.EnableJpaRepositoriesConfiguration: Cannot resolve reference to bean 'jpaSharedEM_entityManagerFactory' while setting bean property 'entityManager'
	at org.springframework.beans.factory.support.ConstructorResolver.createArgumentArray(ConstructorResolver.java:804)
	at org.springframework.beans.factory.support.ConstructorResolver.autowireConstructor(ConstructorResolver.java:240)
	at org.springframework.beans.factory.support.AbstractAutowireCapableBeanFactory.autowireConstructor(AbstractAutowireCapableBeanFactory.java:1382)
	at org.springframework.beans.factory.support.AbstractAutowireCapableBeanFactory.createBeanInstance(AbstractAutowireCapableBeanFactory.java:1221)
	at org.springframework.beans.factory.support.AbstractAutowireCapableBeanFactory.doCreateBean(AbstractAutowireCapableBeanFactory.java:565)
	at org.springframework.beans.factory.support.AbstractAutowireCapableBeanFactory.createBean(AbstractAutowireCapableBeanFactory.java:525)
	at org.springframework.beans.factory.support.AbstractBeanFactory.lambda$doGetBean$0(AbstractBeanFactory.java:333)
	at org.springframework.beans.factory.support.DefaultSingletonBeanRegistry.getSingleton(DefaultSingletonBeanRegistry.java:371)
	at org.springframework.beans.factory.support.AbstractBeanFactory.doGetBean(AbstractBeanFactory.java:331)
	at org.springframework.beans.factory.support.AbstractBeanFactory.getBean(AbstractBeanFactory.java:201)
	at org.springframework.boot.web.servlet.ServletContextInitializerBeans.getOrderedBeansOfType(ServletContextInitializerBeans.java:231)
	at org.springframework.boot.web.servlet.ServletContextInitializerBeans.addAsRegistrationBean(ServletContextInitializerBeans.java:185)
	at org.springframework.boot.web.servlet.ServletContextInitializerBeans.addAsRegistrationBean(ServletContextInitializerBeans.java:180)
	at org.springframework.boot.web.servlet.ServletContextInitializerBeans.addAdaptableBeans(ServletContextInitializerBeans.java:165)
	at org.springframework.boot.web.servlet.ServletContextInitializerBeans.<init>(ServletContextInitializerBeans.java:97)
	at org.springframework.boot.web.context.servlet.WebApplicationContextInitializer.initialize(WebApplicationContextInitializer.java:53)
	at org.springframework.boot.tomcat.servlet.DeferredServletContainerInitializers.onStartup(DeferredServletContainerInitializers.java:55)
	at org.apache.catalina.core.StandardContext.startInternal(StandardContext.java:4416)
	at org.apache.catalina.util.LifecycleBase.start(LifecycleBase.java:164)
	at org.apache.catalina.core.ContainerBase$StartChild.call(ContainerBase.java:1162)
	at org.apache.catalina.core.ContainerBase$StartChild.call(ContainerBase.java:1158)
	at java.base/java.util.concurrent.FutureTask.run(FutureTask.java:317)
	at org.apache.tomcat.util.threads.InlineExecutorService.execute(InlineExecutorService.java:81)
	at java.base/java.util.concurrent.AbstractExecutorService.submit(AbstractExecutorService.java:145)
	at org.apache.catalina.core.ContainerBase.startInternal(ContainerBase.java:714)
	at org.apache.catalina.core.StandardHost.startInternal(StandardHost.java:780)
	at org.apache.catalina.util.LifecycleBase.start(LifecycleBase.java:164)
	at org.apache.catalina.core.ContainerBase$StartChild.call(ContainerBase.java:1162)
	at org.apache.catalina.core.ContainerBase$StartChild.call(ContainerBase.java:1158)
	at java.base/java.util.concurrent.FutureTask.run(FutureTask.java:317)
	at org.apache.tomcat.util.threads.InlineExecutorService.execute(InlineExecutorService.java:81)
	at java.base/java.util.concurrent.AbstractExecutorService.submit(AbstractExecutorService.java:145)
	at org.apache.catalina.core.ContainerBase.startInternal(ContainerBase.java:714)
	at org.apache.catalina.core.StandardEngine.startInternal(StandardEngine.java:201)
	at org.apache.catalina.util.LifecycleBase.start(LifecycleBase.java:164)
	at org.apache.catalina.core.StandardService.startInternal(StandardService.java:410)
	at org.apache.catalina.util.LifecycleBase.start(LifecycleBase.java:164)
	at org.apache.catalina.core.StandardServer.startInternal(StandardServer.java:864)
	at org.apache.catalina.util.LifecycleBase.start(LifecycleBase.java:164)
	at org.apache.catalina.startup.Tomcat.start(Tomcat.java:435)
	at org.springframework.boot.tomcat.TomcatWebServer.initialize(TomcatWebServer.java:131)
	... 16 common frames omitted
Caused by: org.springframework.beans.factory.UnsatisfiedDependencyException: Error creating bean with name 'applicationConfig' defined in file [C:\Users\2492206\Downloads\HospitalManagement-Git\target\classes\com\HospitalManagement\config\ApplicationConfig.class]: Unsatisfied dependency expressed through constructor parameter 0: Error creating bean with name 'userRepository' defined in com.HospitalManagement.repository.UserRepository defined in @EnableJpaRepositories declared on DataJpaRepositoriesRegistrar.EnableJpaRepositoriesConfiguration: Cannot resolve reference to bean 'jpaSharedEM_entityManagerFactory' while setting bean property 'entityManager'
	at org.springframework.beans.factory.support.ConstructorResolver.createArgumentArray(ConstructorResolver.java:804)
	at org.springframework.beans.factory.support.ConstructorResolver.autowireConstructor(ConstructorResolver.java:240)
	at org.springframework.beans.factory.support.AbstractAutowireCapableBeanFactory.autowireConstructor(AbstractAutowireCapableBeanFactory.java:1382)
	at org.springframework.beans.factory.support.AbstractAutowireCapableBeanFactory.createBeanInstance(AbstractAutowireCapableBeanFactory.java:1221)
	at org.springframework.beans.factory.support.AbstractAutowireCapableBeanFactory.doCreateBean(AbstractAutowireCapableBeanFactory.java:565)
	at org.springframework.beans.factory.support.AbstractAutowireCapableBeanFactory.createBean(AbstractAutowireCapableBeanFactory.java:525)
	at org.springframework.beans.factory.support.AbstractBeanFactory.lambda$doGetBean$0(AbstractBeanFactory.java:333)
	at org.springframework.beans.factory.support.DefaultSingletonBeanRegistry.getSingleton(DefaultSingletonBeanRegistry.java:371)
	at org.springframework.beans.factory.support.AbstractBeanFactory.doGetBean(AbstractBeanFactory.java:331)
	at org.springframework.beans.factory.support.AbstractBeanFactory.getBean(AbstractBeanFactory.java:196)
	at org.springframework.beans.factory.support.ConstructorResolver.instantiateUsingFactoryMethod(ConstructorResolver.java:413)
	at org.springframework.beans.factory.support.AbstractAutowireCapableBeanFactory.instantiateUsingFactoryMethod(AbstractAutowireCapableBeanFactory.java:1362)
	at org.springframework.beans.factory.support.AbstractAutowireCapableBeanFactory.createBeanInstance(AbstractAutowireCapableBeanFactory.java:1194)
	at org.springframework.beans.factory.support.AbstractAutowireCapableBeanFactory.doCreateBean(AbstractAutowireCapableBeanFactory.java:565)
	at org.springframework.beans.factory.support.AbstractAutowireCapableBeanFactory.createBean(AbstractAutowireCapableBeanFactory.java:525)
	at org.springframework.beans.factory.support.AbstractBeanFactory.lambda$doGetBean$0(AbstractBeanFactory.java:333)
	at org.springframework.beans.factory.support.DefaultSingletonBeanRegistry.getSingleton(DefaultSingletonBeanRegistry.java:371)
	at org.springframework.beans.factory.support.AbstractBeanFactory.doGetBean(AbstractBeanFactory.java:331)
	at org.springframework.beans.factory.support.AbstractBeanFactory.getBean(AbstractBeanFactory.java:201)
	at org.springframework.beans.factory.support.DefaultListableBeanFactory.resolveBean(DefaultListableBeanFactory.java:1225)
	at org.springframework.beans.factory.support.DefaultListableBeanFactory.doResolveDependency(DefaultListableBeanFactory.java:1704)
	at org.springframework.beans.factory.support.DefaultListableBeanFactory.resolveDependency(DefaultListableBeanFactory.java:1651)
	at org.springframework.beans.factory.support.ConstructorResolver.resolveAutowiredArgument(ConstructorResolver.java:912)
	at org.springframework.beans.factory.support.ConstructorResolver.createArgumentArray(ConstructorResolver.java:791)
	... 56 common frames omitted
Caused by: org.springframework.beans.factory.BeanCreationException: Error creating bean with name 'userRepository' defined in com.HospitalManagement.repository.UserRepository defined in @EnableJpaRepositories declared on DataJpaRepositoriesRegistrar.EnableJpaRepositoriesConfiguration: Cannot resolve reference to bean 'jpaSharedEM_entityManagerFactory' while setting bean property 'entityManager'
	at org.springframework.beans.factory.support.BeanDefinitionValueResolver.resolveReference(BeanDefinitionValueResolver.java:377)
	at org.springframework.beans.factory.support.BeanDefinitionValueResolver.resolveValueIfNecessary(BeanDefinitionValueResolver.java:135)
	at org.springframework.beans.factory.support.AbstractAutowireCapableBeanFactory.applyPropertyValues(AbstractAutowireCapableBeanFactory.java:1712)
	at org.springframework.beans.factory.support.AbstractAutowireCapableBeanFactory.populateBean(AbstractAutowireCapableBeanFactory.java:1461)
	at org.springframework.beans.factory.support.AbstractAutowireCapableBeanFactory.doCreateBean(AbstractAutowireCapableBeanFactory.java:602)
	at org.springframework.beans.factory.support.AbstractAutowireCapableBeanFactory.createBean(AbstractAutowireCapableBeanFactory.java:525)
	at org.springframework.beans.factory.support.AbstractBeanFactory.lambda$doGetBean$0(AbstractBeanFactory.java:333)
	at org.springframework.beans.factory.support.DefaultSingletonBeanRegistry.getSingleton(DefaultSingletonBeanRegistry.java:371)
	at org.springframework.beans.factory.support.AbstractBeanFactory.doGetBean(AbstractBeanFactory.java:331)
	at org.springframework.beans.factory.support.AbstractBeanFactory.getBean(AbstractBeanFactory.java:201)
	at org.springframework.beans.factory.config.DependencyDescriptor.resolveCandidate(DependencyDescriptor.java:229)
	at org.springframework.beans.factory.support.DefaultListableBeanFactory.doResolveDependency(DefaultListableBeanFactory.java:1762)
	at org.springframework.beans.factory.support.DefaultListableBeanFactory.resolveDependency(DefaultListableBeanFactory.java:1651)
	at org.springframework.beans.factory.support.ConstructorResolver.resolveAutowiredArgument(ConstructorResolver.java:912)
	at org.springframework.beans.factory.support.ConstructorResolver.createArgumentArray(ConstructorResolver.java:791)
	... 79 common frames omitted
Caused by: org.springframework.beans.factory.BeanCreationException: Error creating bean with name 'jpaSharedEM_entityManagerFactory': Cannot resolve reference to bean 'entityManagerFactory' while setting constructor argument
	at org.springframework.beans.factory.support.BeanDefinitionValueResolver.resolveReference(BeanDefinitionValueResolver.java:377)
	at org.springframework.beans.factory.support.BeanDefinitionValueResolver.resolveValueIfNecessary(BeanDefinitionValueResolver.java:135)
	at org.springframework.beans.factory.support.ConstructorResolver.resolveConstructorArguments(ConstructorResolver.java:691)
	at org.springframework.beans.factory.support.ConstructorResolver.instantiateUsingFactoryMethod(ConstructorResolver.java:513)
	at org.springframework.beans.factory.support.AbstractAutowireCapableBeanFactory.instantiateUsingFactoryMethod(AbstractAutowireCapableBeanFactory.java:1362)
	at org.springframework.beans.factory.support.AbstractAutowireCapableBeanFactory.createBeanInstance(AbstractAutowireCapableBeanFactory.java:1194)
	at org.springframework.beans.factory.support.AbstractAutowireCapableBeanFactory.doCreateBean(AbstractAutowireCapableBeanFactory.java:565)
	at org.springframework.beans.factory.support.AbstractAutowireCapableBeanFactory.createBean(AbstractAutowireCapableBeanFactory.java:525)
	at org.springframework.beans.factory.support.AbstractBeanFactory.lambda$doGetBean$0(AbstractBeanFactory.java:333)
	at org.springframework.beans.factory.support.DefaultSingletonBeanRegistry.getSingleton(DefaultSingletonBeanRegistry.java:371)
	at org.springframework.beans.factory.support.AbstractBeanFactory.doGetBean(AbstractBeanFactory.java:331)
	at org.springframework.beans.factory.support.AbstractBeanFactory.getBean(AbstractBeanFactory.java:201)
	at org.springframework.beans.factory.support.BeanDefinitionValueResolver.resolveReference(BeanDefinitionValueResolver.java:356)
	... 93 common frames omitted
Caused by: org.springframework.beans.factory.BeanCreationException: Error creating bean with name 'entityManagerFactory' defined in class path resource [org/springframework/boot/hibernate/autoconfigure/HibernateJpaConfiguration.class]: Unable to build Hibernate SessionFactory  [persistence unit: default] ; nested exception is org.hibernate.exception.AuthException: Unable to open JDBC Connection for DDL execution [Access denied for user 'root'@'localhost' (using password: YES)] [n/a]
	at org.springframework.beans.factory.support.AbstractAutowireCapableBeanFactory.initializeBean(AbstractAutowireCapableBeanFactory.java:1817)
	at org.springframework.beans.factory.support.AbstractAutowireCapableBeanFactory.doCreateBean(AbstractAutowireCapableBeanFactory.java:603)
	at org.springframework.beans.factory.support.AbstractAutowireCapableBeanFactory.createBean(AbstractAutowireCapableBeanFactory.java:525)
	at org.springframework.beans.factory.support.AbstractBeanFactory.lambda$doGetBean$0(AbstractBeanFactory.java:333)
	at org.springframework.beans.factory.support.DefaultSingletonBeanRegistry.getSingleton(DefaultSingletonBeanRegistry.java:371)
	at org.springframework.beans.factory.support.AbstractBeanFactory.doGetBean(AbstractBeanFactory.java:331)
	at org.springframework.beans.factory.support.AbstractBeanFactory.getBean(AbstractBeanFactory.java:196)
	at org.springframework.beans.factory.support.BeanDefinitionValueResolver.resolveReference(BeanDefinitionValueResolver.java:365)
	... 105 common frames omitted
Caused by: jakarta.persistence.PersistenceException: Unable to build Hibernate SessionFactory  [persistence unit: default] ; nested exception is org.hibernate.exception.AuthException: Unable to open JDBC Connection for DDL execution [Access denied for user 'root'@'localhost' (using password: YES)] [n/a]
	at org.springframework.orm.jpa.AbstractEntityManagerFactoryBean.buildNativeEntityManagerFactory(AbstractEntityManagerFactoryBean.java:448)
	at org.springframework.orm.jpa.AbstractEntityManagerFactoryBean.afterPropertiesSet(AbstractEntityManagerFactoryBean.java:411)
	at org.springframework.orm.jpa.LocalContainerEntityManagerFactoryBean.afterPropertiesSet(LocalContainerEntityManagerFactoryBean.java:419)
	at org.springframework.beans.factory.support.AbstractAutowireCapableBeanFactory.invokeInitMethods(AbstractAutowireCapableBeanFactory.java:1864)
	at org.springframework.beans.factory.support.AbstractAutowireCapableBeanFactory.initializeBean(AbstractAutowireCapableBeanFactory.java:1813)
	... 112 common frames omitted
Caused by: org.hibernate.exception.AuthException: Unable to open JDBC Connection for DDL execution [Access denied for user 'root'@'localhost' (using password: YES)] [n/a]
	at org.hibernate.exception.internal.SQLStateConversionDelegate.convert(SQLStateConversionDelegate.java:87)
	at org.hibernate.exception.internal.StandardSQLExceptionConverter.convert(StandardSQLExceptionConverter.java:34)
	at org.hibernate.engine.jdbc.spi.SqlExceptionHelper.convert(SqlExceptionHelper.java:115)
	at org.hibernate.engine.jdbc.spi.SqlExceptionHelper.convert(SqlExceptionHelper.java:101)
	at org.hibernate.resource.transaction.backend.jdbc.internal.DdlTransactionIsolatorNonJtaImpl.getIsolatedConnection(DdlTransactionIsolatorNonJtaImpl.java:71)
	at org.hibernate.resource.transaction.backend.jdbc.internal.DdlTransactionIsolatorNonJtaImpl.getIsolatedConnection(DdlTransactionIsolatorNonJtaImpl.java:37)
	at org.hibernate.tool.schema.internal.exec.ImprovedExtractionContextImpl.getJdbcConnection(ImprovedExtractionContextImpl.java:61)
	at org.hibernate.tool.schema.internal.exec.ImprovedExtractionContextImpl.getJdbcDatabaseMetaData(ImprovedExtractionContextImpl.java:68)
	at org.hibernate.tool.schema.extract.internal.InformationExtractorJdbcDatabaseMetaDataImpl.getJdbcDatabaseMetaData(InformationExtractorJdbcDatabaseMetaDataImpl.java:38)
	at org.hibernate.tool.schema.extract.internal.InformationExtractorJdbcDatabaseMetaDataImpl.processTableResultSet(InformationExtractorJdbcDatabaseMetaDataImpl.java:76)
	at org.hibernate.tool.schema.extract.internal.AbstractInformationExtractorImpl.getTables(AbstractInformationExtractorImpl.java:496)
	at org.hibernate.tool.schema.extract.internal.DatabaseInformationImpl.getTablesInformation(DatabaseInformationImpl.java:124)
	at org.hibernate.tool.schema.internal.GroupedSchemaMigratorImpl.performTablesMigration(GroupedSchemaMigratorImpl.java:72)
	at org.hibernate.tool.schema.internal.AbstractSchemaMigrator.performMigration(AbstractSchemaMigrator.java:220)
	at org.hibernate.tool.schema.internal.AbstractSchemaMigrator.doMigration(AbstractSchemaMigrator.java:96)
	at org.hibernate.tool.schema.spi.SchemaManagementToolCoordinator.performDatabaseAction(SchemaManagementToolCoordinator.java:269)
	at org.hibernate.tool.schema.spi.SchemaManagementToolCoordinator.lambda$process$1(SchemaManagementToolCoordinator.java:101)
	at java.base/java.util.HashMap.forEach(HashMap.java:1429)
	at org.hibernate.tool.schema.spi.SchemaManagementToolCoordinator.process(SchemaManagementToolCoordinator.java:100)
	at org.hibernate.boot.internal.SessionFactoryObserverForSchemaExport.sessionFactoryCreated(SessionFactoryObserverForSchemaExport.java:35)
	at org.hibernate.internal.SessionFactoryObserverChain.sessionFactoryCreated(SessionFactoryObserverChain.java:33)
	at org.hibernate.internal.SessionFactoryImpl.<init>(SessionFactoryImpl.java:323)
	at org.hibernate.internal.SessionFactoryRegistry.instantiateSessionFactory(SessionFactoryRegistry.java:64)
	at org.hibernate.boot.internal.SessionFactoryBuilderImpl.build(SessionFactoryBuilderImpl.java:437)
	at org.hibernate.jpa.boot.internal.EntityManagerFactoryBuilderImpl.build(EntityManagerFactoryBuilderImpl.java:1456)
	at org.springframework.orm.jpa.vendor.SpringHibernateJpaPersistenceProvider.createContainerEntityManagerFactory(SpringHibernateJpaPersistenceProvider.java:93)
	at org.springframework.orm.jpa.LocalContainerEntityManagerFactoryBean.createNativeEntityManagerFactory(LocalContainerEntityManagerFactoryBean.java:443)
	at org.springframework.orm.jpa.AbstractEntityManagerFactoryBean.buildNativeEntityManagerFactory(AbstractEntityManagerFactoryBean.java:436)
	... 116 common frames omitted
Caused by: java.sql.SQLException: Access denied for user 'root'@'localhost' (using password: YES)
	at com.mysql.cj.jdbc.exceptions.SQLError.createSQLException(SQLError.java:121)
	at com.mysql.cj.jdbc.exceptions.SQLExceptionsMapping.translateException(SQLExceptionsMapping.java:114)
	at com.mysql.cj.jdbc.ConnectionImpl.createNewIO(ConnectionImpl.java:840)
	at com.mysql.cj.jdbc.ConnectionImpl.<init>(ConnectionImpl.java:416)
	at com.mysql.cj.jdbc.ConnectionImpl.getInstance(ConnectionImpl.java:237)
	at com.mysql.cj.jdbc.NonRegisteringDriver.connect(NonRegisteringDriver.java:180)
	at com.zaxxer.hikari.util.DriverDataSource.getConnection(DriverDataSource.java:144)
	at com.zaxxer.hikari.pool.PoolBase.newConnection(PoolBase.java:373)
	at com.zaxxer.hikari.pool.PoolBase.newPoolEntry(PoolBase.java:210)
	at com.zaxxer.hikari.pool.HikariPool.createPoolEntry(HikariPool.java:488)
	at com.zaxxer.hikari.pool.HikariPool.checkFailFast(HikariPool.java:576)
	at com.zaxxer.hikari.pool.HikariPool.<init>(HikariPool.java:97)
	at com.zaxxer.hikari.HikariDataSource.getConnection(HikariDataSource.java:111)
	at org.hibernate.engine.jdbc.connections.internal.DataSourceConnectionProvider.getConnection(DataSourceConnectionProvider.java:137)
	at org.hibernate.engine.jdbc.env.internal.JdbcEnvironmentInitiator$ConnectionProviderJdbcConnectionAccess.obtainConnection(JdbcEnvironmentInitiator.java:508)
	at org.hibernate.resource.transaction.backend.jdbc.internal.DdlTransactionIsolatorNonJtaImpl.getIsolatedConnection(DdlTransactionIsolatorNonJtaImpl.java:44)
	... 139 common frames omitted
2026-05-06 15:21:16.269 [restartedMain] INFO  c.H.HospitalManagementApplication - Starting HospitalManagementApplication using Java 21 with PID 8340 (C:\Users\2492206\Downloads\HospitalManagement-Git\target\classes started by 2492206 in C:\Users\2492206\Downloads\HospitalManagement-Git)
2026-05-06 15:21:16.272 [restartedMain] DEBUG c.H.HospitalManagementApplication - Running with Spring Boot v4.0.5, Spring v7.0.6
2026-05-06 15:21:16.272 [restartedMain] INFO  c.H.HospitalManagementApplication - No active profile set, falling back to 1 default profile: "default"
2026-05-06 15:21:18.158 [restartedMain] INFO  o.a.coyote.http11.Http11NioProtocol - Initializing ProtocolHandler ["http-nio-8081"]
2026-05-06 15:21:18.161 [restartedMain] INFO  o.a.catalina.core.StandardService - Starting service [Tomcat]
2026-05-06 15:21:18.162 [restartedMain] INFO  o.a.catalina.core.StandardEngine - Starting Servlet engine: [Apache Tomcat/11.0.20]
2026-05-06 15:21:18.385 [restartedMain] INFO  com.zaxxer.hikari.HikariDataSource - HikariPool-1 - Starting...
2026-05-06 15:21:18.762 [restartedMain] INFO  com.zaxxer.hikari.pool.HikariPool - HikariPool-1 - Added connection com.mysql.cj.jdbc.ConnectionImpl@2e6d587f
2026-05-06 15:21:18.765 [restartedMain] INFO  com.zaxxer.hikari.HikariDataSource - HikariPool-1 - Start completed.
2026-05-06 15:21:19.576 [restartedMain] WARN  org.hibernate.orm.deprecation - HHH90000025: MySQLDialect does not need to be specified explicitly using 'hibernate.dialect' (remove the property setting and it will be selected by default)
2026-05-06 15:21:20.914 [restartedMain] DEBUG org.hibernate.SQL - alter table patients modify column gender varchar(30) not null
2026-05-06 15:21:21.612 [restartedMain] WARN  o.h.t.s.i.ExceptionHandlerLoggedImpl - GenerationTarget encountered exception accepting command : Error executing DDL "alter table patients modify column gender varchar(30) not null" via JDBC [Data truncated for column 'gender' at row 1]
org.hibernate.tool.schema.spi.CommandAcceptanceException: Error executing DDL "alter table patients modify column gender varchar(30) not null" via JDBC [Data truncated for column 'gender' at row 1]
	at org.hibernate.tool.schema.internal.exec.GenerationTargetToDatabase.accept(GenerationTargetToDatabase.java:81)
	at org.hibernate.tool.schema.internal.AbstractSchemaMigrator.applySqlString(AbstractSchemaMigrator.java:566)
	at org.hibernate.tool.schema.internal.AbstractSchemaMigrator.applySqlStrings(AbstractSchemaMigrator.java:506)
	at org.hibernate.tool.schema.internal.AbstractSchemaMigrator.migrateTable(AbstractSchemaMigrator.java:324)
	at org.hibernate.tool.schema.internal.GroupedSchemaMigratorImpl.performTablesMigration(GroupedSchemaMigratorImpl.java:84)
	at org.hibernate.tool.schema.internal.AbstractSchemaMigrator.performMigration(AbstractSchemaMigrator.java:220)
	at org.hibernate.tool.schema.internal.AbstractSchemaMigrator.doMigration(AbstractSchemaMigrator.java:96)
	at org.hibernate.tool.schema.spi.SchemaManagementToolCoordinator.performDatabaseAction(SchemaManagementToolCoordinator.java:269)
	at org.hibernate.tool.schema.spi.SchemaManagementToolCoordinator.lambda$process$1(SchemaManagementToolCoordinator.java:101)
	at java.base/java.util.HashMap.forEach(HashMap.java:1429)
	at org.hibernate.tool.schema.spi.SchemaManagementToolCoordinator.process(SchemaManagementToolCoordinator.java:100)
	at org.hibernate.boot.internal.SessionFactoryObserverForSchemaExport.sessionFactoryCreated(SessionFactoryObserverForSchemaExport.java:35)
	at org.hibernate.internal.SessionFactoryObserverChain.sessionFactoryCreated(SessionFactoryObserverChain.java:33)
	at org.hibernate.internal.SessionFactoryImpl.<init>(SessionFactoryImpl.java:323)
	at org.hibernate.internal.SessionFactoryRegistry.instantiateSessionFactory(SessionFactoryRegistry.java:64)
	at org.hibernate.boot.internal.SessionFactoryBuilderImpl.build(SessionFactoryBuilderImpl.java:437)
	at org.hibernate.jpa.boot.internal.EntityManagerFactoryBuilderImpl.build(EntityManagerFactoryBuilderImpl.java:1456)
	at org.springframework.orm.jpa.vendor.SpringHibernateJpaPersistenceProvider.createContainerEntityManagerFactory(SpringHibernateJpaPersistenceProvider.java:93)
	at org.springframework.orm.jpa.LocalContainerEntityManagerFactoryBean.createNativeEntityManagerFactory(LocalContainerEntityManagerFactoryBean.java:443)
	at org.springframework.orm.jpa.AbstractEntityManagerFactoryBean.buildNativeEntityManagerFactory(AbstractEntityManagerFactoryBean.java:436)
	at org.springframework.orm.jpa.AbstractEntityManagerFactoryBean.afterPropertiesSet(AbstractEntityManagerFactoryBean.java:411)
	at org.springframework.orm.jpa.LocalContainerEntityManagerFactoryBean.afterPropertiesSet(LocalContainerEntityManagerFactoryBean.java:419)
	at org.springframework.beans.factory.support.AbstractAutowireCapableBeanFactory.invokeInitMethods(AbstractAutowireCapableBeanFactory.java:1864)
	at org.springframework.beans.factory.support.AbstractAutowireCapableBeanFactory.initializeBean(AbstractAutowireCapableBeanFactory.java:1813)
	at org.springframework.beans.factory.support.AbstractAutowireCapableBeanFactory.doCreateBean(AbstractAutowireCapableBeanFactory.java:603)
	at org.springframework.beans.factory.support.AbstractAutowireCapableBeanFactory.createBean(AbstractAutowireCapableBeanFactory.java:525)
	at org.springframework.beans.factory.support.AbstractBeanFactory.lambda$doGetBean$0(AbstractBeanFactory.java:333)
	at org.springframework.beans.factory.support.DefaultSingletonBeanRegistry.getSingleton(DefaultSingletonBeanRegistry.java:371)
	at org.springframework.beans.factory.support.AbstractBeanFactory.doGetBean(AbstractBeanFactory.java:331)
	at org.springframework.beans.factory.support.AbstractBeanFactory.getBean(AbstractBeanFactory.java:196)
	at org.springframework.beans.factory.support.BeanDefinitionValueResolver.resolveReference(BeanDefinitionValueResolver.java:365)
	at org.springframework.beans.factory.support.BeanDefinitionValueResolver.resolveValueIfNecessary(BeanDefinitionValueResolver.java:135)
	at org.springframework.beans.factory.support.ConstructorResolver.resolveConstructorArguments(ConstructorResolver.java:691)
	at org.springframework.beans.factory.support.ConstructorResolver.instantiateUsingFactoryMethod(ConstructorResolver.java:513)
	at org.springframework.beans.factory.support.AbstractAutowireCapableBeanFactory.instantiateUsingFactoryMethod(AbstractAutowireCapableBeanFactory.java:1362)
	at org.springframework.beans.factory.support.AbstractAutowireCapableBeanFactory.createBeanInstance(AbstractAutowireCapableBeanFactory.java:1194)
	at org.springframework.beans.factory.support.AbstractAutowireCapableBeanFactory.doCreateBean(AbstractAutowireCapableBeanFactory.java:565)
	at org.springframework.beans.factory.support.AbstractAutowireCapableBeanFactory.createBean(AbstractAutowireCapableBeanFactory.java:525)
	at org.springframework.beans.factory.support.AbstractBeanFactory.lambda$doGetBean$0(AbstractBeanFactory.java:333)
	at org.springframework.beans.factory.support.DefaultSingletonBeanRegistry.getSingleton(DefaultSingletonBeanRegistry.java:371)
	at org.springframework.beans.factory.support.AbstractBeanFactory.doGetBean(AbstractBeanFactory.java:331)
	at org.springframework.beans.factory.support.AbstractBeanFactory.getBean(AbstractBeanFactory.java:201)
	at org.springframework.beans.factory.support.BeanDefinitionValueResolver.resolveReference(BeanDefinitionValueResolver.java:356)
	at org.springframework.beans.factory.support.BeanDefinitionValueResolver.resolveValueIfNecessary(BeanDefinitionValueResolver.java:135)
	at org.springframework.beans.factory.support.AbstractAutowireCapableBeanFactory.applyPropertyValues(AbstractAutowireCapableBeanFactory.java:1712)
	at org.springframework.beans.factory.support.AbstractAutowireCapableBeanFactory.populateBean(AbstractAutowireCapableBeanFactory.java:1461)
	at org.springframework.beans.factory.support.AbstractAutowireCapableBeanFactory.doCreateBean(AbstractAutowireCapableBeanFactory.java:602)
	at org.springframework.beans.factory.support.AbstractAutowireCapableBeanFactory.createBean(AbstractAutowireCapableBeanFactory.java:525)
	at org.springframework.beans.factory.support.AbstractBeanFactory.lambda$doGetBean$0(AbstractBeanFactory.java:333)
	at org.springframework.beans.factory.support.DefaultSingletonBeanRegistry.getSingleton(DefaultSingletonBeanRegistry.java:371)
	at org.springframework.beans.factory.support.AbstractBeanFactory.doGetBean(AbstractBeanFactory.java:331)
	at org.springframework.beans.factory.support.AbstractBeanFactory.getBean(AbstractBeanFactory.java:201)
	at org.springframework.beans.factory.config.DependencyDescriptor.resolveCandidate(DependencyDescriptor.java:229)
	at org.springframework.beans.factory.support.DefaultListableBeanFactory.doResolveDependency(DefaultListableBeanFactory.java:1762)
	at org.springframework.beans.factory.support.DefaultListableBeanFactory.resolveDependency(DefaultListableBeanFactory.java:1651)
	at org.springframework.beans.factory.support.ConstructorResolver.resolveAutowiredArgument(ConstructorResolver.java:912)
	at org.springframework.beans.factory.support.ConstructorResolver.createArgumentArray(ConstructorResolver.java:791)
	at org.springframework.beans.factory.support.ConstructorResolver.autowireConstructor(ConstructorResolver.java:240)
	at org.springframework.beans.factory.support.AbstractAutowireCapableBeanFactory.autowireConstructor(AbstractAutowireCapableBeanFactory.java:1382)
	at org.springframework.beans.factory.support.AbstractAutowireCapableBeanFactory.createBeanInstance(AbstractAutowireCapableBeanFactory.java:1221)
	at org.springframework.beans.factory.support.AbstractAutowireCapableBeanFactory.doCreateBean(AbstractAutowireCapableBeanFactory.java:565)
	at org.springframework.beans.factory.support.AbstractAutowireCapableBeanFactory.createBean(AbstractAutowireCapableBeanFactory.java:525)
	at org.springframework.beans.factory.support.AbstractBeanFactory.lambda$doGetBean$0(AbstractBeanFactory.java:333)
	at org.springframework.beans.factory.support.DefaultSingletonBeanRegistry.getSingleton(DefaultSingletonBeanRegistry.java:371)
	at org.springframework.beans.factory.support.AbstractBeanFactory.doGetBean(AbstractBeanFactory.java:331)
	at org.springframework.beans.factory.support.AbstractBeanFactory.getBean(AbstractBeanFactory.java:196)
	at org.springframework.beans.factory.support.ConstructorResolver.instantiateUsingFactoryMethod(ConstructorResolver.java:413)
	at org.springframework.beans.factory.support.AbstractAutowireCapableBeanFactory.instantiateUsingFactoryMethod(AbstractAutowireCapableBeanFactory.java:1362)
	at org.springframework.beans.factory.support.AbstractAutowireCapableBeanFactory.createBeanInstance(AbstractAutowireCapableBeanFactory.java:1194)
	at org.springframework.beans.factory.support.AbstractAutowireCapableBeanFactory.doCreateBean(AbstractAutowireCapableBeanFactory.java:565)
	at org.springframework.beans.factory.support.AbstractAutowireCapableBeanFactory.createBean(AbstractAutowireCapableBeanFactory.java:525)
	at org.springframework.beans.factory.support.AbstractBeanFactory.lambda$doGetBean$0(AbstractBeanFactory.java:333)
	at org.springframework.beans.factory.support.DefaultSingletonBeanRegistry.getSingleton(DefaultSingletonBeanRegistry.java:371)
	at org.springframework.beans.factory.support.AbstractBeanFactory.doGetBean(AbstractBeanFactory.java:331)
	at org.springframework.beans.factory.support.AbstractBeanFactory.getBean(AbstractBeanFactory.java:201)
	at org.springframework.beans.factory.support.DefaultListableBeanFactory.resolveBean(DefaultListableBeanFactory.java:1225)
	at org.springframework.beans.factory.support.DefaultListableBeanFactory.doResolveDependency(DefaultListableBeanFactory.java:1704)
	at org.springframework.beans.factory.support.DefaultListableBeanFactory.resolveDependency(DefaultListableBeanFactory.java:1651)
	at org.springframework.beans.factory.support.ConstructorResolver.resolveAutowiredArgument(ConstructorResolver.java:912)
	at org.springframework.beans.factory.support.ConstructorResolver.createArgumentArray(ConstructorResolver.java:791)
	at org.springframework.beans.factory.support.ConstructorResolver.autowireConstructor(ConstructorResolver.java:240)
	at org.springframework.beans.factory.support.AbstractAutowireCapableBeanFactory.autowireConstructor(AbstractAutowireCapableBeanFactory.java:1382)
	at org.springframework.beans.factory.support.AbstractAutowireCapableBeanFactory.createBeanInstance(AbstractAutowireCapableBeanFactory.java:1221)
	at org.springframework.beans.factory.support.AbstractAutowireCapableBeanFactory.doCreateBean(AbstractAutowireCapableBeanFactory.java:565)
	at org.springframework.beans.factory.support.AbstractAutowireCapableBeanFactory.createBean(AbstractAutowireCapableBeanFactory.java:525)
	at org.springframework.beans.factory.support.AbstractBeanFactory.lambda$doGetBean$0(AbstractBeanFactory.java:333)
	at org.springframework.beans.factory.support.DefaultSingletonBeanRegistry.getSingleton(DefaultSingletonBeanRegistry.java:371)
	at org.springframework.beans.factory.support.AbstractBeanFactory.doGetBean(AbstractBeanFactory.java:331)
	at org.springframework.beans.factory.support.AbstractBeanFactory.getBean(AbstractBeanFactory.java:201)
	at org.springframework.boot.web.servlet.ServletContextInitializerBeans.getOrderedBeansOfType(ServletContextInitializerBeans.java:231)
	at org.springframework.boot.web.servlet.ServletContextInitializerBeans.addAsRegistrationBean(ServletContextInitializerBeans.java:185)
	at org.springframework.boot.web.servlet.ServletContextInitializerBeans.addAsRegistrationBean(ServletContextInitializerBeans.java:180)
	at org.springframework.boot.web.servlet.ServletContextInitializerBeans.addAdaptableBeans(ServletContextInitializerBeans.java:165)
	at org.springframework.boot.web.servlet.ServletContextInitializerBeans.<init>(ServletContextInitializerBeans.java:97)
	at org.springframework.boot.web.context.servlet.WebApplicationContextInitializer.initialize(WebApplicationContextInitializer.java:53)
	at org.springframework.boot.tomcat.servlet.DeferredServletContainerInitializers.onStartup(DeferredServletContainerInitializers.java:55)
	at org.apache.catalina.core.StandardContext.startInternal(StandardContext.java:4416)
	at org.apache.catalina.util.LifecycleBase.start(LifecycleBase.java:164)
	at org.apache.catalina.core.ContainerBase$StartChild.call(ContainerBase.java:1162)
	at org.apache.catalina.core.ContainerBase$StartChild.call(ContainerBase.java:1158)
	at java.base/java.util.concurrent.FutureTask.run(FutureTask.java:317)
	at org.apache.tomcat.util.threads.InlineExecutorService.execute(InlineExecutorService.java:81)
	at java.base/java.util.concurrent.AbstractExecutorService.submit(AbstractExecutorService.java:145)
	at org.apache.catalina.core.ContainerBase.startInternal(ContainerBase.java:714)
	at org.apache.catalina.core.StandardHost.startInternal(StandardHost.java:780)
	at org.apache.catalina.util.LifecycleBase.start(LifecycleBase.java:164)
	at org.apache.catalina.core.ContainerBase$StartChild.call(ContainerBase.java:1162)
	at org.apache.catalina.core.ContainerBase$StartChild.call(ContainerBase.java:1158)
	at java.base/java.util.concurrent.FutureTask.run(FutureTask.java:317)
	at org.apache.tomcat.util.threads.InlineExecutorService.execute(InlineExecutorService.java:81)
	at java.base/java.util.concurrent.AbstractExecutorService.submit(AbstractExecutorService.java:145)
	at org.apache.catalina.core.ContainerBase.startInternal(ContainerBase.java:714)
	at org.apache.catalina.core.StandardEngine.startInternal(StandardEngine.java:201)
	at org.apache.catalina.util.LifecycleBase.start(LifecycleBase.java:164)
	at org.apache.catalina.core.StandardService.startInternal(StandardService.java:410)
	at org.apache.catalina.util.LifecycleBase.start(LifecycleBase.java:164)
	at org.apache.catalina.core.StandardServer.startInternal(StandardServer.java:864)
	at org.apache.catalina.util.LifecycleBase.start(LifecycleBase.java:164)
	at org.apache.catalina.startup.Tomcat.start(Tomcat.java:435)
	at org.springframework.boot.tomcat.TomcatWebServer.initialize(TomcatWebServer.java:131)
	at org.springframework.boot.tomcat.TomcatWebServer.<init>(TomcatWebServer.java:110)
	at org.springframework.boot.tomcat.servlet.TomcatServletWebServerFactory.getTomcatWebServer(TomcatServletWebServerFactory.java:408)
	at org.springframework.boot.tomcat.servlet.TomcatServletWebServerFactory.getWebServer(TomcatServletWebServerFactory.java:166)
	at org.springframework.boot.web.server.servlet.context.ServletWebServerApplicationContext.createWebServer(ServletWebServerApplicationContext.java:190)
	at org.springframework.boot.web.server.servlet.context.ServletWebServerApplicationContext.onRefresh(ServletWebServerApplicationContext.java:164)
	at org.springframework.context.support.AbstractApplicationContext.refresh(AbstractApplicationContext.java:615)
	at org.springframework.boot.web.server.servlet.context.ServletWebServerApplicationContext.refresh(ServletWebServerApplicationContext.java:143)
	at org.springframework.boot.SpringApplication.refresh(SpringApplication.java:756)
	at org.springframework.boot.SpringApplication.refreshContext(SpringApplication.java:445)
	at org.springframework.boot.SpringApplication.run(SpringApplication.java:321)
	at org.springframework.boot.SpringApplication.run(SpringApplication.java:1365)
	at org.springframework.boot.SpringApplication.run(SpringApplication.java:1354)
	at com.HospitalManagement.HospitalManagementApplication.main(HospitalManagementApplication.java:10)
	at java.base/jdk.internal.reflect.DirectMethodHandleAccessor.invoke(DirectMethodHandleAccessor.java:103)
	at java.base/java.lang.reflect.Method.invoke(Method.java:580)
	at org.springframework.boot.devtools.restart.RestartLauncher.run(RestartLauncher.java:52)
Caused by: java.sql.SQLException: Data truncated for column 'gender' at row 1
	at com.mysql.cj.jdbc.exceptions.SQLError.createSQLException(SQLError.java:121)
	at com.mysql.cj.jdbc.exceptions.SQLExceptionsMapping.translateException(SQLExceptionsMapping.java:114)
	at com.mysql.cj.jdbc.StatementImpl.executeInternal(StatementImpl.java:839)
	at com.mysql.cj.jdbc.StatementImpl.execute(StatementImpl.java:687)
	at com.zaxxer.hikari.pool.ProxyStatement.execute(ProxyStatement.java:95)
	at com.zaxxer.hikari.pool.HikariProxyStatement.execute(HikariProxyStatement.java)
	at org.hibernate.tool.schema.internal.exec.GenerationTargetToDatabase.accept(GenerationTargetToDatabase.java:76)
	... 135 common frames omitted
2026-05-06 15:21:21.616 [restartedMain] DEBUG org.hibernate.SQL - alter table patients add column updated_at datetime(6) not null
2026-05-06 15:21:21.633 [restartedMain] WARN  o.h.t.s.i.ExceptionHandlerLoggedImpl - GenerationTarget encountered exception accepting command : Error executing DDL "alter table patients add column updated_at datetime(6) not null" via JDBC [Data truncation: Incorrect datetime value: '0000-00-00 00:00:00' for column 'updated_at' at row 1]
org.hibernate.tool.schema.spi.CommandAcceptanceException: Error executing DDL "alter table patients add column updated_at datetime(6) not null" via JDBC [Data truncation: Incorrect datetime value: '0000-00-00 00:00:00' for column 'updated_at' at row 1]
	at org.hibernate.tool.schema.internal.exec.GenerationTargetToDatabase.accept(GenerationTargetToDatabase.java:81)
	at org.hibernate.tool.schema.internal.AbstractSchemaMigrator.applySqlString(AbstractSchemaMigrator.java:566)
	at org.hibernate.tool.schema.internal.AbstractSchemaMigrator.applySqlStrings(AbstractSchemaMigrator.java:506)
	at org.hibernate.tool.schema.internal.AbstractSchemaMigrator.migrateTable(AbstractSchemaMigrator.java:324)
	at org.hibernate.tool.schema.internal.GroupedSchemaMigratorImpl.performTablesMigration(GroupedSchemaMigratorImpl.java:84)
	at org.hibernate.tool.schema.internal.AbstractSchemaMigrator.performMigration(AbstractSchemaMigrator.java:220)
	at org.hibernate.tool.schema.internal.AbstractSchemaMigrator.doMigration(AbstractSchemaMigrator.java:96)
	at org.hibernate.tool.schema.spi.SchemaManagementToolCoordinator.performDatabaseAction(SchemaManagementToolCoordinator.java:269)
	at org.hibernate.tool.schema.spi.SchemaManagementToolCoordinator.lambda$process$1(SchemaManagementToolCoordinator.java:101)
	at java.base/java.util.HashMap.forEach(HashMap.java:1429)
	at org.hibernate.tool.schema.spi.SchemaManagementToolCoordinator.process(SchemaManagementToolCoordinator.java:100)
	at org.hibernate.boot.internal.SessionFactoryObserverForSchemaExport.sessionFactoryCreated(SessionFactoryObserverForSchemaExport.java:35)
	at org.hibernate.internal.SessionFactoryObserverChain.sessionFactoryCreated(SessionFactoryObserverChain.java:33)
	at org.hibernate.internal.SessionFactoryImpl.<init>(SessionFactoryImpl.java:323)
	at org.hibernate.internal.SessionFactoryRegistry.instantiateSessionFactory(SessionFactoryRegistry.java:64)
	at org.hibernate.boot.internal.SessionFactoryBuilderImpl.build(SessionFactoryBuilderImpl.java:437)
	at org.hibernate.jpa.boot.internal.EntityManagerFactoryBuilderImpl.build(EntityManagerFactoryBuilderImpl.java:1456)
	at org.springframework.orm.jpa.vendor.SpringHibernateJpaPersistenceProvider.createContainerEntityManagerFactory(SpringHibernateJpaPersistenceProvider.java:93)
	at org.springframework.orm.jpa.LocalContainerEntityManagerFactoryBean.createNativeEntityManagerFactory(LocalContainerEntityManagerFactoryBean.java:443)
	at org.springframework.orm.jpa.AbstractEntityManagerFactoryBean.buildNativeEntityManagerFactory(AbstractEntityManagerFactoryBean.java:436)
	at org.springframework.orm.jpa.AbstractEntityManagerFactoryBean.afterPropertiesSet(AbstractEntityManagerFactoryBean.java:411)
	at org.springframework.orm.jpa.LocalContainerEntityManagerFactoryBean.afterPropertiesSet(LocalContainerEntityManagerFactoryBean.java:419)
	at org.springframework.beans.factory.support.AbstractAutowireCapableBeanFactory.invokeInitMethods(AbstractAutowireCapableBeanFactory.java:1864)
	at org.springframework.beans.factory.support.AbstractAutowireCapableBeanFactory.initializeBean(AbstractAutowireCapableBeanFactory.java:1813)
	at org.springframework.beans.factory.support.AbstractAutowireCapableBeanFactory.doCreateBean(AbstractAutowireCapableBeanFactory.java:603)
	at org.springframework.beans.factory.support.AbstractAutowireCapableBeanFactory.createBean(AbstractAutowireCapableBeanFactory.java:525)
	at org.springframework.beans.factory.support.AbstractBeanFactory.lambda$doGetBean$0(AbstractBeanFactory.java:333)
	at org.springframework.beans.factory.support.DefaultSingletonBeanRegistry.getSingleton(DefaultSingletonBeanRegistry.java:371)
	at org.springframework.beans.factory.support.AbstractBeanFactory.doGetBean(AbstractBeanFactory.java:331)
	at org.springframework.beans.factory.support.AbstractBeanFactory.getBean(AbstractBeanFactory.java:196)
	at org.springframework.beans.factory.support.BeanDefinitionValueResolver.resolveReference(BeanDefinitionValueResolver.java:365)
	at org.springframework.beans.factory.support.BeanDefinitionValueResolver.resolveValueIfNecessary(BeanDefinitionValueResolver.java:135)
	at org.springframework.beans.factory.support.ConstructorResolver.resolveConstructorArguments(ConstructorResolver.java:691)
	at org.springframework.beans.factory.support.ConstructorResolver.instantiateUsingFactoryMethod(ConstructorResolver.java:513)
	at org.springframework.beans.factory.support.AbstractAutowireCapableBeanFactory.instantiateUsingFactoryMethod(AbstractAutowireCapableBeanFactory.java:1362)
	at org.springframework.beans.factory.support.AbstractAutowireCapableBeanFactory.createBeanInstance(AbstractAutowireCapableBeanFactory.java:1194)
	at org.springframework.beans.factory.support.AbstractAutowireCapableBeanFactory.doCreateBean(AbstractAutowireCapableBeanFactory.java:565)
	at org.springframework.beans.factory.support.AbstractAutowireCapableBeanFactory.createBean(AbstractAutowireCapableBeanFactory.java:525)
	at org.springframework.beans.factory.support.AbstractBeanFactory.lambda$doGetBean$0(AbstractBeanFactory.java:333)
	at org.springframework.beans.factory.support.DefaultSingletonBeanRegistry.getSingleton(DefaultSingletonBeanRegistry.java:371)
	at org.springframework.beans.factory.support.AbstractBeanFactory.doGetBean(AbstractBeanFactory.java:331)
	at org.springframework.beans.factory.support.AbstractBeanFactory.getBean(AbstractBeanFactory.java:201)
	at org.springframework.beans.factory.support.BeanDefinitionValueResolver.resolveReference(BeanDefinitionValueResolver.java:356)
	at org.springframework.beans.factory.support.BeanDefinitionValueResolver.resolveValueIfNecessary(BeanDefinitionValueResolver.java:135)
	at org.springframework.beans.factory.support.AbstractAutowireCapableBeanFactory.applyPropertyValues(AbstractAutowireCapableBeanFactory.java:1712)
	at org.springframework.beans.factory.support.AbstractAutowireCapableBeanFactory.populateBean(AbstractAutowireCapableBeanFactory.java:1461)
	at org.springframework.beans.factory.support.AbstractAutowireCapableBeanFactory.doCreateBean(AbstractAutowireCapableBeanFactory.java:602)
	at org.springframework.beans.factory.support.AbstractAutowireCapableBeanFactory.createBean(AbstractAutowireCapableBeanFactory.java:525)
	at org.springframework.beans.factory.support.AbstractBeanFactory.lambda$doGetBean$0(AbstractBeanFactory.java:333)
	at org.springframework.beans.factory.support.DefaultSingletonBeanRegistry.getSingleton(DefaultSingletonBeanRegistry.java:371)
	at org.springframework.beans.factory.support.AbstractBeanFactory.doGetBean(AbstractBeanFactory.java:331)
	at org.springframework.beans.factory.support.AbstractBeanFactory.getBean(AbstractBeanFactory.java:201)
	at org.springframework.beans.factory.config.DependencyDescriptor.resolveCandidate(DependencyDescriptor.java:229)
	at org.springframework.beans.factory.support.DefaultListableBeanFactory.doResolveDependency(DefaultListableBeanFactory.java:1762)
	at org.springframework.beans.factory.support.DefaultListableBeanFactory.resolveDependency(DefaultListableBeanFactory.java:1651)
	at org.springframework.beans.factory.support.ConstructorResolver.resolveAutowiredArgument(ConstructorResolver.java:912)
	at org.springframework.beans.factory.support.ConstructorResolver.createArgumentArray(ConstructorResolver.java:791)
	at org.springframework.beans.factory.support.ConstructorResolver.autowireConstructor(ConstructorResolver.java:240)
	at org.springframework.beans.factory.support.AbstractAutowireCapableBeanFactory.autowireConstructor(AbstractAutowireCapableBeanFactory.java:1382)
	at org.springframework.beans.factory.support.AbstractAutowireCapableBeanFactory.createBeanInstance(AbstractAutowireCapableBeanFactory.java:1221)
	at org.springframework.beans.factory.support.AbstractAutowireCapableBeanFactory.doCreateBean(AbstractAutowireCapableBeanFactory.java:565)
	at org.springframework.beans.factory.support.AbstractAutowireCapableBeanFactory.createBean(AbstractAutowireCapableBeanFactory.java:525)
	at org.springframework.beans.factory.support.AbstractBeanFactory.lambda$doGetBean$0(AbstractBeanFactory.java:333)
	at org.springframework.beans.factory.support.DefaultSingletonBeanRegistry.getSingleton(DefaultSingletonBeanRegistry.java:371)
	at org.springframework.beans.factory.support.AbstractBeanFactory.doGetBean(AbstractBeanFactory.java:331)
	at org.springframework.beans.factory.support.AbstractBeanFactory.getBean(AbstractBeanFactory.java:196)
	at org.springframework.beans.factory.support.ConstructorResolver.instantiateUsingFactoryMethod(ConstructorResolver.java:413)
	at org.springframework.beans.factory.support.AbstractAutowireCapableBeanFactory.instantiateUsingFactoryMethod(AbstractAutowireCapableBeanFactory.java:1362)
	at org.springframework.beans.factory.support.AbstractAutowireCapableBeanFactory.createBeanInstance(AbstractAutowireCapableBeanFactory.java:1194)
	at org.springframework.beans.factory.support.AbstractAutowireCapableBeanFactory.doCreateBean(AbstractAutowireCapableBeanFactory.java:565)
	at org.springframework.beans.factory.support.AbstractAutowireCapableBeanFactory.createBean(AbstractAutowireCapableBeanFactory.java:525)
	at org.springframework.beans.factory.support.AbstractBeanFactory.lambda$doGetBean$0(AbstractBeanFactory.java:333)
	at org.springframework.beans.factory.support.DefaultSingletonBeanRegistry.getSingleton(DefaultSingletonBeanRegistry.java:371)
	at org.springframework.beans.factory.support.AbstractBeanFactory.doGetBean(AbstractBeanFactory.java:331)
	at org.springframework.beans.factory.support.AbstractBeanFactory.getBean(AbstractBeanFactory.java:201)
	at org.springframework.beans.factory.support.DefaultListableBeanFactory.resolveBean(DefaultListableBeanFactory.java:1225)
	at org.springframework.beans.factory.support.DefaultListableBeanFactory.doResolveDependency(DefaultListableBeanFactory.java:1704)
	at org.springframework.beans.factory.support.DefaultListableBeanFactory.resolveDependency(DefaultListableBeanFactory.java:1651)
	at org.springframework.beans.factory.support.ConstructorResolver.resolveAutowiredArgument(ConstructorResolver.java:912)
	at org.springframework.beans.factory.support.ConstructorResolver.createArgumentArray(ConstructorResolver.java:791)
	at org.springframework.beans.factory.support.ConstructorResolver.autowireConstructor(ConstructorResolver.java:240)
	at org.springframework.beans.factory.support.AbstractAutowireCapableBeanFactory.autowireConstructor(AbstractAutowireCapableBeanFactory.java:1382)
	at org.springframework.beans.factory.support.AbstractAutowireCapableBeanFactory.createBeanInstance(AbstractAutowireCapableBeanFactory.java:1221)
	at org.springframework.beans.factory.support.AbstractAutowireCapableBeanFactory.doCreateBean(AbstractAutowireCapableBeanFactory.java:565)
	at org.springframework.beans.factory.support.AbstractAutowireCapableBeanFactory.createBean(AbstractAutowireCapableBeanFactory.java:525)
	at org.springframework.beans.factory.support.AbstractBeanFactory.lambda$doGetBean$0(AbstractBeanFactory.java:333)
	at org.springframework.beans.factory.support.DefaultSingletonBeanRegistry.getSingleton(DefaultSingletonBeanRegistry.java:371)
	at org.springframework.beans.factory.support.AbstractBeanFactory.doGetBean(AbstractBeanFactory.java:331)
	at org.springframework.beans.factory.support.AbstractBeanFactory.getBean(AbstractBeanFactory.java:201)
	at org.springframework.boot.web.servlet.ServletContextInitializerBeans.getOrderedBeansOfType(ServletContextInitializerBeans.java:231)
	at org.springframework.boot.web.servlet.ServletContextInitializerBeans.addAsRegistrationBean(ServletContextInitializerBeans.java:185)
	at org.springframework.boot.web.servlet.ServletContextInitializerBeans.addAsRegistrationBean(ServletContextInitializerBeans.java:180)
	at org.springframework.boot.web.servlet.ServletContextInitializerBeans.addAdaptableBeans(ServletContextInitializerBeans.java:165)
	at org.springframework.boot.web.servlet.ServletContextInitializerBeans.<init>(ServletContextInitializerBeans.java:97)
	at org.springframework.boot.web.context.servlet.WebApplicationContextInitializer.initialize(WebApplicationContextInitializer.java:53)
	at org.springframework.boot.tomcat.servlet.DeferredServletContainerInitializers.onStartup(DeferredServletContainerInitializers.java:55)
	at org.apache.catalina.core.StandardContext.startInternal(StandardContext.java:4416)
	at org.apache.catalina.util.LifecycleBase.start(LifecycleBase.java:164)
	at org.apache.catalina.core.ContainerBase$StartChild.call(ContainerBase.java:1162)
	at org.apache.catalina.core.ContainerBase$StartChild.call(ContainerBase.java:1158)
	at java.base/java.util.concurrent.FutureTask.run(FutureTask.java:317)
	at org.apache.tomcat.util.threads.InlineExecutorService.execute(InlineExecutorService.java:81)
	at java.base/java.util.concurrent.AbstractExecutorService.submit(AbstractExecutorService.java:145)
	at org.apache.catalina.core.ContainerBase.startInternal(ContainerBase.java:714)
	at org.apache.catalina.core.StandardHost.startInternal(StandardHost.java:780)
	at org.apache.catalina.util.LifecycleBase.start(LifecycleBase.java:164)
	at org.apache.catalina.core.ContainerBase$StartChild.call(ContainerBase.java:1162)
	at org.apache.catalina.core.ContainerBase$StartChild.call(ContainerBase.java:1158)
	at java.base/java.util.concurrent.FutureTask.run(FutureTask.java:317)
	at org.apache.tomcat.util.threads.InlineExecutorService.execute(InlineExecutorService.java:81)
	at java.base/java.util.concurrent.AbstractExecutorService.submit(AbstractExecutorService.java:145)
	at org.apache.catalina.core.ContainerBase.startInternal(ContainerBase.java:714)
	at org.apache.catalina.core.StandardEngine.startInternal(StandardEngine.java:201)
	at org.apache.catalina.util.LifecycleBase.start(LifecycleBase.java:164)
	at org.apache.catalina.core.StandardService.startInternal(StandardService.java:410)
	at org.apache.catalina.util.LifecycleBase.start(LifecycleBase.java:164)
	at org.apache.catalina.core.StandardServer.startInternal(StandardServer.java:864)
	at org.apache.catalina.util.LifecycleBase.start(LifecycleBase.java:164)
	at org.apache.catalina.startup.Tomcat.start(Tomcat.java:435)
	at org.springframework.boot.tomcat.TomcatWebServer.initialize(TomcatWebServer.java:131)
	at org.springframework.boot.tomcat.TomcatWebServer.<init>(TomcatWebServer.java:110)
	at org.springframework.boot.tomcat.servlet.TomcatServletWebServerFactory.getTomcatWebServer(TomcatServletWebServerFactory.java:408)
	at org.springframework.boot.tomcat.servlet.TomcatServletWebServerFactory.getWebServer(TomcatServletWebServerFactory.java:166)
	at org.springframework.boot.web.server.servlet.context.ServletWebServerApplicationContext.createWebServer(ServletWebServerApplicationContext.java:190)
	at org.springframework.boot.web.server.servlet.context.ServletWebServerApplicationContext.onRefresh(ServletWebServerApplicationContext.java:164)
	at org.springframework.context.support.AbstractApplicationContext.refresh(AbstractApplicationContext.java:615)
	at org.springframework.boot.web.server.servlet.context.ServletWebServerApplicationContext.refresh(ServletWebServerApplicationContext.java:143)
	at org.springframework.boot.SpringApplication.refresh(SpringApplication.java:756)
	at org.springframework.boot.SpringApplication.refreshContext(SpringApplication.java:445)
	at org.springframework.boot.SpringApplication.run(SpringApplication.java:321)
	at org.springframework.boot.SpringApplication.run(SpringApplication.java:1365)
	at org.springframework.boot.SpringApplication.run(SpringApplication.java:1354)
	at com.HospitalManagement.HospitalManagementApplication.main(HospitalManagementApplication.java:10)
	at java.base/jdk.internal.reflect.DirectMethodHandleAccessor.invoke(DirectMethodHandleAccessor.java:103)
	at java.base/java.lang.reflect.Method.invoke(Method.java:580)
	at org.springframework.boot.devtools.restart.RestartLauncher.run(RestartLauncher.java:52)
Caused by: com.mysql.cj.jdbc.exceptions.MysqlDataTruncation: Data truncation: Incorrect datetime value: '0000-00-00 00:00:00' for column 'updated_at' at row 1
	at com.mysql.cj.jdbc.exceptions.SQLExceptionsMapping.translateException(SQLExceptionsMapping.java:96)
	at com.mysql.cj.jdbc.StatementImpl.executeInternal(StatementImpl.java:839)
	at com.mysql.cj.jdbc.StatementImpl.execute(StatementImpl.java:687)
	at com.zaxxer.hikari.pool.ProxyStatement.execute(ProxyStatement.java:95)
	at com.zaxxer.hikari.pool.HikariProxyStatement.execute(HikariProxyStatement.java)
	at org.hibernate.tool.schema.internal.exec.GenerationTargetToDatabase.accept(GenerationTargetToDatabase.java:76)
	... 135 common frames omitted
2026-05-06 15:21:22.463 [restartedMain] DEBUG c.H.config.AuthenticationFilter - Filter 'authenticationFilter' configured for use
2026-05-06 15:21:22.774 [restartedMain] INFO  o.s.s.c.a.a.c.InitializeAuthenticationProviderBeanManagerConfigurer$InitializeAuthenticationProviderManagerConfigurer - Global AuthenticationManager configured with AuthenticationProvider bean with name authenticationProvider
2026-05-06 15:21:22.774 [restartedMain] WARN  o.s.s.c.a.a.c.InitializeUserDetailsBeanManagerConfigurer$InitializeUserDetailsManagerConfigurer - Global AuthenticationManager configured with an AuthenticationProvider bean. UserDetailsService beans will not be used by Spring Security for automatically configuring username/password login. Consider removing the AuthenticationProvider bean. Alternatively, consider using the UserDetailsService in a manually instantiated DaoAuthenticationProvider. If the current configuration is intentional, to turn off this warning, increase the logging level of 'org.springframework.security.config.annotation.authentication.configuration.InitializeUserDetailsBeanManagerConfigurer' to ERROR
2026-05-06 15:21:23.308 [restartedMain] WARN  o.s.b.j.a.JpaBaseConfiguration$JpaWebConfiguration - spring.jpa.open-in-view is enabled by default. Therefore, database queries may be performed during view rendering. Explicitly configure spring.jpa.open-in-view to disable this warning
2026-05-06 15:21:23.791 [restartedMain] WARN  o.s.w.s.m.m.a.RequestMappingHandlerMapping - Multiple @RequestMapping annotations found on public com.HospitalManagement.responsedto.LabOrderResponseDto com.HospitalManagement.controller.LabController.cancelOrder(java.lang.Long), but only the first will be used: [@org.springframework.web.bind.annotation.DeleteMapping(consumes={}, headers={}, name="", params={}, path={"/orders/{labOrderId}"}, produces={}, value={"/orders/{labOrderId}"}, version=""), @org.springframework.web.bind.annotation.PatchMapping(consumes={}, headers={}, name="", params={}, path={"/lab-orders/{labOrderId}/cancel"}, produces={}, value={"/lab-orders/{labOrderId}/cancel"}, version="")]
2026-05-06 15:21:24.537 [restartedMain] INFO  o.a.coyote.http11.Http11NioProtocol - Starting ProtocolHandler ["http-nio-8081"]
2026-05-06 15:21:24.572 [restartedMain] INFO  c.H.HospitalManagementApplication - Started HospitalManagementApplication in 8.701 seconds (process running for 9.651)
2026-05-06 15:21:24.661 [restartedMain] WARN  o.s.c.events.SpringDocAppInitializer - SpringDoc /v3/api-docs endpoint is enabled by default. To disable it in production, set the property 'springdoc.api-docs.enabled=false'
2026-05-06 15:21:24.661 [restartedMain] WARN  o.s.c.events.SpringDocAppInitializer - SpringDoc /swagger-ui.html endpoint is enabled by default. To disable it in production, set the property 'springdoc.swagger-ui.enabled=false'
2026-05-06 15:22:12.816 [SpringApplicationShutdownHook] INFO  com.zaxxer.hikari.HikariDataSource - HikariPool-1 - Shutdown initiated...
2026-05-06 15:22:12.825 [SpringApplicationShutdownHook] INFO  com.zaxxer.hikari.HikariDataSource - HikariPool-1 - Shutdown completed.
2026-05-06 15:22:16.655 [restartedMain] INFO  c.H.HospitalManagementApplication - Starting HospitalManagementApplication using Java 21 with PID 2628 (C:\Users\2492206\Downloads\HospitalManagement-Git\target\classes started by 2492206 in C:\Users\2492206\Downloads\HospitalManagement-Git)
2026-05-06 15:22:16.658 [restartedMain] DEBUG c.H.HospitalManagementApplication - Running with Spring Boot v4.0.5, Spring v7.0.6
2026-05-06 15:22:16.658 [restartedMain] INFO  c.H.HospitalManagementApplication - No active profile set, falling back to 1 default profile: "default"
2026-05-06 15:22:18.888 [restartedMain] INFO  o.a.coyote.http11.Http11NioProtocol - Initializing ProtocolHandler ["http-nio-8081"]
2026-05-06 15:22:18.890 [restartedMain] INFO  o.a.catalina.core.StandardService - Starting service [Tomcat]
2026-05-06 15:22:18.890 [restartedMain] INFO  o.a.catalina.core.StandardEngine - Starting Servlet engine: [Apache Tomcat/11.0.20]
2026-05-06 15:22:19.108 [restartedMain] INFO  com.zaxxer.hikari.HikariDataSource - HikariPool-1 - Starting...
2026-05-06 15:22:19.437 [restartedMain] INFO  com.zaxxer.hikari.pool.HikariPool - HikariPool-1 - Added connection com.mysql.cj.jdbc.ConnectionImpl@1e561719
2026-05-06 15:22:19.439 [restartedMain] INFO  com.zaxxer.hikari.HikariDataSource - HikariPool-1 - Start completed.
2026-05-06 15:22:20.163 [restartedMain] WARN  org.hibernate.orm.deprecation - HHH90000025: MySQLDialect does not need to be specified explicitly using 'hibernate.dialect' (remove the property setting and it will be selected by default)
2026-05-06 15:22:21.359 [restartedMain] DEBUG org.hibernate.SQL - alter table patients modify column gender varchar(30) not null
2026-05-06 15:22:22.019 [restartedMain] WARN  o.h.t.s.i.ExceptionHandlerLoggedImpl - GenerationTarget encountered exception accepting command : Error executing DDL "alter table patients modify column gender varchar(30) not null" via JDBC [Data truncated for column 'gender' at row 1]
org.hibernate.tool.schema.spi.CommandAcceptanceException: Error executing DDL "alter table patients modify column gender varchar(30) not null" via JDBC [Data truncated for column 'gender' at row 1]
	at org.hibernate.tool.schema.internal.exec.GenerationTargetToDatabase.accept(GenerationTargetToDatabase.java:81)
	at org.hibernate.tool.schema.internal.AbstractSchemaMigrator.applySqlString(AbstractSchemaMigrator.java:566)
	at org.hibernate.tool.schema.internal.AbstractSchemaMigrator.applySqlStrings(AbstractSchemaMigrator.java:506)
	at org.hibernate.tool.schema.internal.AbstractSchemaMigrator.migrateTable(AbstractSchemaMigrator.java:324)
	at org.hibernate.tool.schema.internal.GroupedSchemaMigratorImpl.performTablesMigration(GroupedSchemaMigratorImpl.java:84)
	at org.hibernate.tool.schema.internal.AbstractSchemaMigrator.performMigration(AbstractSchemaMigrator.java:220)
	at org.hibernate.tool.schema.internal.AbstractSchemaMigrator.doMigration(AbstractSchemaMigrator.java:96)
	at org.hibernate.tool.schema.spi.SchemaManagementToolCoordinator.performDatabaseAction(SchemaManagementToolCoordinator.java:269)
	at org.hibernate.tool.schema.spi.SchemaManagementToolCoordinator.lambda$process$1(SchemaManagementToolCoordinator.java:101)
	at java.base/java.util.HashMap.forEach(HashMap.java:1429)
	at org.hibernate.tool.schema.spi.SchemaManagementToolCoordinator.process(SchemaManagementToolCoordinator.java:100)
	at org.hibernate.boot.internal.SessionFactoryObserverForSchemaExport.sessionFactoryCreated(SessionFactoryObserverForSchemaExport.java:35)
	at org.hibernate.internal.SessionFactoryObserverChain.sessionFactoryCreated(SessionFactoryObserverChain.java:33)
	at org.hibernate.internal.SessionFactoryImpl.<init>(SessionFactoryImpl.java:323)
	at org.hibernate.internal.SessionFactoryRegistry.instantiateSessionFactory(SessionFactoryRegistry.java:64)
	at org.hibernate.boot.internal.SessionFactoryBuilderImpl.build(SessionFactoryBuilderImpl.java:437)
	at org.hibernate.jpa.boot.internal.EntityManagerFactoryBuilderImpl.build(EntityManagerFactoryBuilderImpl.java:1456)
	at org.springframework.orm.jpa.vendor.SpringHibernateJpaPersistenceProvider.createContainerEntityManagerFactory(SpringHibernateJpaPersistenceProvider.java:93)
	at org.springframework.orm.jpa.LocalContainerEntityManagerFactoryBean.createNativeEntityManagerFactory(LocalContainerEntityManagerFactoryBean.java:443)
	at org.springframework.orm.jpa.AbstractEntityManagerFactoryBean.buildNativeEntityManagerFactory(AbstractEntityManagerFactoryBean.java:436)
	at org.springframework.orm.jpa.AbstractEntityManagerFactoryBean.afterPropertiesSet(AbstractEntityManagerFactoryBean.java:411)
	at org.springframework.orm.jpa.LocalContainerEntityManagerFactoryBean.afterPropertiesSet(LocalContainerEntityManagerFactoryBean.java:419)
	at org.springframework.beans.factory.support.AbstractAutowireCapableBeanFactory.invokeInitMethods(AbstractAutowireCapableBeanFactory.java:1864)
	at org.springframework.beans.factory.support.AbstractAutowireCapableBeanFactory.initializeBean(AbstractAutowireCapableBeanFactory.java:1813)
	at org.springframework.beans.factory.support.AbstractAutowireCapableBeanFactory.doCreateBean(AbstractAutowireCapableBeanFactory.java:603)
	at org.springframework.beans.factory.support.AbstractAutowireCapableBeanFactory.createBean(AbstractAutowireCapableBeanFactory.java:525)
	at org.springframework.beans.factory.support.AbstractBeanFactory.lambda$doGetBean$0(AbstractBeanFactory.java:333)
	at org.springframework.beans.factory.support.DefaultSingletonBeanRegistry.getSingleton(DefaultSingletonBeanRegistry.java:371)
	at org.springframework.beans.factory.support.AbstractBeanFactory.doGetBean(AbstractBeanFactory.java:331)
	at org.springframework.beans.factory.support.AbstractBeanFactory.getBean(AbstractBeanFactory.java:196)
	at org.springframework.beans.factory.support.BeanDefinitionValueResolver.resolveReference(BeanDefinitionValueResolver.java:365)
	at org.springframework.beans.factory.support.BeanDefinitionValueResolver.resolveValueIfNecessary(BeanDefinitionValueResolver.java:135)
	at org.springframework.beans.factory.support.ConstructorResolver.resolveConstructorArguments(ConstructorResolver.java:691)
	at org.springframework.beans.factory.support.ConstructorResolver.instantiateUsingFactoryMethod(ConstructorResolver.java:513)
	at org.springframework.beans.factory.support.AbstractAutowireCapableBeanFactory.instantiateUsingFactoryMethod(AbstractAutowireCapableBeanFactory.java:1362)
	at org.springframework.beans.factory.support.AbstractAutowireCapableBeanFactory.createBeanInstance(AbstractAutowireCapableBeanFactory.java:1194)
	at org.springframework.beans.factory.support.AbstractAutowireCapableBeanFactory.doCreateBean(AbstractAutowireCapableBeanFactory.java:565)
	at org.springframework.beans.factory.support.AbstractAutowireCapableBeanFactory.createBean(AbstractAutowireCapableBeanFactory.java:525)
	at org.springframework.beans.factory.support.AbstractBeanFactory.lambda$doGetBean$0(AbstractBeanFactory.java:333)
	at org.springframework.beans.factory.support.DefaultSingletonBeanRegistry.getSingleton(DefaultSingletonBeanRegistry.java:371)
	at org.springframework.beans.factory.support.AbstractBeanFactory.doGetBean(AbstractBeanFactory.java:331)
	at org.springframework.beans.factory.support.AbstractBeanFactory.getBean(AbstractBeanFactory.java:201)
	at org.springframework.beans.factory.support.BeanDefinitionValueResolver.resolveReference(BeanDefinitionValueResolver.java:356)
	at org.springframework.beans.factory.support.BeanDefinitionValueResolver.resolveValueIfNecessary(BeanDefinitionValueResolver.java:135)
	at org.springframework.beans.factory.support.AbstractAutowireCapableBeanFactory.applyPropertyValues(AbstractAutowireCapableBeanFactory.java:1712)
	at org.springframework.beans.factory.support.AbstractAutowireCapableBeanFactory.populateBean(AbstractAutowireCapableBeanFactory.java:1461)
	at org.springframework.beans.factory.support.AbstractAutowireCapableBeanFactory.doCreateBean(AbstractAutowireCapableBeanFactory.java:602)
	at org.springframework.beans.factory.support.AbstractAutowireCapableBeanFactory.createBean(AbstractAutowireCapableBeanFactory.java:525)
	at org.springframework.beans.factory.support.AbstractBeanFactory.lambda$doGetBean$0(AbstractBeanFactory.java:333)
	at org.springframework.beans.factory.support.DefaultSingletonBeanRegistry.getSingleton(DefaultSingletonBeanRegistry.java:371)
	at org.springframework.beans.factory.support.AbstractBeanFactory.doGetBean(AbstractBeanFactory.java:331)
	at org.springframework.beans.factory.support.AbstractBeanFactory.getBean(AbstractBeanFactory.java:201)
	at org.springframework.beans.factory.config.DependencyDescriptor.resolveCandidate(DependencyDescriptor.java:229)
	at org.springframework.beans.factory.support.DefaultListableBeanFactory.doResolveDependency(DefaultListableBeanFactory.java:1762)
	at org.springframework.beans.factory.support.DefaultListableBeanFactory.resolveDependency(DefaultListableBeanFactory.java:1651)
	at org.springframework.beans.factory.support.ConstructorResolver.resolveAutowiredArgument(ConstructorResolver.java:912)
	at org.springframework.beans.factory.support.ConstructorResolver.createArgumentArray(ConstructorResolver.java:791)
	at org.springframework.beans.factory.support.ConstructorResolver.autowireConstructor(ConstructorResolver.java:240)
	at org.springframework.beans.factory.support.AbstractAutowireCapableBeanFactory.autowireConstructor(AbstractAutowireCapableBeanFactory.java:1382)
	at org.springframework.beans.factory.support.AbstractAutowireCapableBeanFactory.createBeanInstance(AbstractAutowireCapableBeanFactory.java:1221)
	at org.springframework.beans.factory.support.AbstractAutowireCapableBeanFactory.doCreateBean(AbstractAutowireCapableBeanFactory.java:565)
	at org.springframework.beans.factory.support.AbstractAutowireCapableBeanFactory.createBean(AbstractAutowireCapableBeanFactory.java:525)
	at org.springframework.beans.factory.support.AbstractBeanFactory.lambda$doGetBean$0(AbstractBeanFactory.java:333)
	at org.springframework.beans.factory.support.DefaultSingletonBeanRegistry.getSingleton(DefaultSingletonBeanRegistry.java:371)
	at org.springframework.beans.factory.support.AbstractBeanFactory.doGetBean(AbstractBeanFactory.java:331)
	at org.springframework.beans.factory.support.AbstractBeanFactory.getBean(AbstractBeanFactory.java:196)
	at org.springframework.beans.factory.support.ConstructorResolver.instantiateUsingFactoryMethod(ConstructorResolver.java:413)
	at org.springframework.beans.factory.support.AbstractAutowireCapableBeanFactory.instantiateUsingFactoryMethod(AbstractAutowireCapableBeanFactory.java:1362)
	at org.springframework.beans.factory.support.AbstractAutowireCapableBeanFactory.createBeanInstance(AbstractAutowireCapableBeanFactory.java:1194)
	at org.springframework.beans.factory.support.AbstractAutowireCapableBeanFactory.doCreateBean(AbstractAutowireCapableBeanFactory.java:565)
	at org.springframework.beans.factory.support.AbstractAutowireCapableBeanFactory.createBean(AbstractAutowireCapableBeanFactory.java:525)
	at org.springframework.beans.factory.support.AbstractBeanFactory.lambda$doGetBean$0(AbstractBeanFactory.java:333)
	at org.springframework.beans.factory.support.DefaultSingletonBeanRegistry.getSingleton(DefaultSingletonBeanRegistry.java:371)
	at org.springframework.beans.factory.support.AbstractBeanFactory.doGetBean(AbstractBeanFactory.java:331)
	at org.springframework.beans.factory.support.AbstractBeanFactory.getBean(AbstractBeanFactory.java:201)
	at org.springframework.beans.factory.support.DefaultListableBeanFactory.resolveBean(DefaultListableBeanFactory.java:1225)
	at org.springframework.beans.factory.support.DefaultListableBeanFactory.doResolveDependency(DefaultListableBeanFactory.java:1704)
	at org.springframework.beans.factory.support.DefaultListableBeanFactory.resolveDependency(DefaultListableBeanFactory.java:1651)
	at org.springframework.beans.factory.support.ConstructorResolver.resolveAutowiredArgument(ConstructorResolver.java:912)
	at org.springframework.beans.factory.support.ConstructorResolver.createArgumentArray(ConstructorResolver.java:791)
	at org.springframework.beans.factory.support.ConstructorResolver.autowireConstructor(ConstructorResolver.java:240)
	at org.springframework.beans.factory.support.AbstractAutowireCapableBeanFactory.autowireConstructor(AbstractAutowireCapableBeanFactory.java:1382)
	at org.springframework.beans.factory.support.AbstractAutowireCapableBeanFactory.createBeanInstance(AbstractAutowireCapableBeanFactory.java:1221)
	at org.springframework.beans.factory.support.AbstractAutowireCapableBeanFactory.doCreateBean(AbstractAutowireCapableBeanFactory.java:565)
	at org.springframework.beans.factory.support.AbstractAutowireCapableBeanFactory.createBean(AbstractAutowireCapableBeanFactory.java:525)
	at org.springframework.beans.factory.support.AbstractBeanFactory.lambda$doGetBean$0(AbstractBeanFactory.java:333)
	at org.springframework.beans.factory.support.DefaultSingletonBeanRegistry.getSingleton(DefaultSingletonBeanRegistry.java:371)
	at org.springframework.beans.factory.support.AbstractBeanFactory.doGetBean(AbstractBeanFactory.java:331)
	at org.springframework.beans.factory.support.AbstractBeanFactory.getBean(AbstractBeanFactory.java:201)
	at org.springframework.boot.web.servlet.ServletContextInitializerBeans.getOrderedBeansOfType(ServletContextInitializerBeans.java:231)
	at org.springframework.boot.web.servlet.ServletContextInitializerBeans.addAsRegistrationBean(ServletContextInitializerBeans.java:185)
	at org.springframework.boot.web.servlet.ServletContextInitializerBeans.addAsRegistrationBean(ServletContextInitializerBeans.java:180)
	at org.springframework.boot.web.servlet.ServletContextInitializerBeans.addAdaptableBeans(ServletContextInitializerBeans.java:165)
	at org.springframework.boot.web.servlet.ServletContextInitializerBeans.<init>(ServletContextInitializerBeans.java:97)
	at org.springframework.boot.web.context.servlet.WebApplicationContextInitializer.initialize(WebApplicationContextInitializer.java:53)
	at org.springframework.boot.tomcat.servlet.DeferredServletContainerInitializers.onStartup(DeferredServletContainerInitializers.java:55)
	at org.apache.catalina.core.StandardContext.startInternal(StandardContext.java:4416)
	at org.apache.catalina.util.LifecycleBase.start(LifecycleBase.java:164)
	at org.apache.catalina.core.ContainerBase$StartChild.call(ContainerBase.java:1162)
	at org.apache.catalina.core.ContainerBase$StartChild.call(ContainerBase.java:1158)
	at java.base/java.util.concurrent.FutureTask.run(FutureTask.java:317)
	at org.apache.tomcat.util.threads.InlineExecutorService.execute(InlineExecutorService.java:81)
	at java.base/java.util.concurrent.AbstractExecutorService.submit(AbstractExecutorService.java:145)
	at org.apache.catalina.core.ContainerBase.startInternal(ContainerBase.java:714)
	at org.apache.catalina.core.StandardHost.startInternal(StandardHost.java:780)
	at org.apache.catalina.util.LifecycleBase.start(LifecycleBase.java:164)
	at org.apache.catalina.core.ContainerBase$StartChild.call(ContainerBase.java:1162)
	at org.apache.catalina.core.ContainerBase$StartChild.call(ContainerBase.java:1158)
	at java.base/java.util.concurrent.FutureTask.run(FutureTask.java:317)
	at org.apache.tomcat.util.threads.InlineExecutorService.execute(InlineExecutorService.java:81)
	at java.base/java.util.concurrent.AbstractExecutorService.submit(AbstractExecutorService.java:145)
	at org.apache.catalina.core.ContainerBase.startInternal(ContainerBase.java:714)
	at org.apache.catalina.core.StandardEngine.startInternal(StandardEngine.java:201)
	at org.apache.catalina.util.LifecycleBase.start(LifecycleBase.java:164)
	at org.apache.catalina.core.StandardService.startInternal(StandardService.java:410)
	at org.apache.catalina.util.LifecycleBase.start(LifecycleBase.java:164)
	at org.apache.catalina.core.StandardServer.startInternal(StandardServer.java:864)
	at org.apache.catalina.util.LifecycleBase.start(LifecycleBase.java:164)
	at org.apache.catalina.startup.Tomcat.start(Tomcat.java:435)
	at org.springframework.boot.tomcat.TomcatWebServer.initialize(TomcatWebServer.java:131)
	at org.springframework.boot.tomcat.TomcatWebServer.<init>(TomcatWebServer.java:110)
	at org.springframework.boot.tomcat.servlet.TomcatServletWebServerFactory.getTomcatWebServer(TomcatServletWebServerFactory.java:408)
	at org.springframework.boot.tomcat.servlet.TomcatServletWebServerFactory.getWebServer(TomcatServletWebServerFactory.java:166)
	at org.springframework.boot.web.server.servlet.context.ServletWebServerApplicationContext.createWebServer(ServletWebServerApplicationContext.java:190)
	at org.springframework.boot.web.server.servlet.context.ServletWebServerApplicationContext.onRefresh(ServletWebServerApplicationContext.java:164)
	at org.springframework.context.support.AbstractApplicationContext.refresh(AbstractApplicationContext.java:615)
	at org.springframework.boot.web.server.servlet.context.ServletWebServerApplicationContext.refresh(ServletWebServerApplicationContext.java:143)
	at org.springframework.boot.SpringApplication.refresh(SpringApplication.java:756)
	at org.springframework.boot.SpringApplication.refreshContext(SpringApplication.java:445)
	at org.springframework.boot.SpringApplication.run(SpringApplication.java:321)
	at org.springframework.boot.SpringApplication.run(SpringApplication.java:1365)
	at org.springframework.boot.SpringApplication.run(SpringApplication.java:1354)
	at com.HospitalManagement.HospitalManagementApplication.main(HospitalManagementApplication.java:10)
	at java.base/jdk.internal.reflect.DirectMethodHandleAccessor.invoke(DirectMethodHandleAccessor.java:103)
	at java.base/java.lang.reflect.Method.invoke(Method.java:580)
	at org.springframework.boot.devtools.restart.RestartLauncher.run(RestartLauncher.java:52)
Caused by: java.sql.SQLException: Data truncated for column 'gender' at row 1
	at com.mysql.cj.jdbc.exceptions.SQLError.createSQLException(SQLError.java:121)
	at com.mysql.cj.jdbc.exceptions.SQLExceptionsMapping.translateException(SQLExceptionsMapping.java:114)
	at com.mysql.cj.jdbc.StatementImpl.executeInternal(StatementImpl.java:839)
	at com.mysql.cj.jdbc.StatementImpl.execute(StatementImpl.java:687)
	at com.zaxxer.hikari.pool.ProxyStatement.execute(ProxyStatement.java:95)
	at com.zaxxer.hikari.pool.HikariProxyStatement.execute(HikariProxyStatement.java)
	at org.hibernate.tool.schema.internal.exec.GenerationTargetToDatabase.accept(GenerationTargetToDatabase.java:76)
	... 135 common frames omitted
2026-05-06 15:22:22.022 [restartedMain] DEBUG org.hibernate.SQL - alter table patients add column updated_at datetime(6) not null
2026-05-06 15:22:22.056 [restartedMain] WARN  o.h.t.s.i.ExceptionHandlerLoggedImpl - GenerationTarget encountered exception accepting command : Error executing DDL "alter table patients add column updated_at datetime(6) not null" via JDBC [Data truncation: Incorrect datetime value: '0000-00-00 00:00:00' for column 'updated_at' at row 1]
org.hibernate.tool.schema.spi.CommandAcceptanceException: Error executing DDL "alter table patients add column updated_at datetime(6) not null" via JDBC [Data truncation: Incorrect datetime value: '0000-00-00 00:00:00' for column 'updated_at' at row 1]
	at org.hibernate.tool.schema.internal.exec.GenerationTargetToDatabase.accept(GenerationTargetToDatabase.java:81)
	at org.hibernate.tool.schema.internal.AbstractSchemaMigrator.applySqlString(AbstractSchemaMigrator.java:566)
	at org.hibernate.tool.schema.internal.AbstractSchemaMigrator.applySqlStrings(AbstractSchemaMigrator.java:506)
	at org.hibernate.tool.schema.internal.AbstractSchemaMigrator.migrateTable(AbstractSchemaMigrator.java:324)
	at org.hibernate.tool.schema.internal.GroupedSchemaMigratorImpl.performTablesMigration(GroupedSchemaMigratorImpl.java:84)
	at org.hibernate.tool.schema.internal.AbstractSchemaMigrator.performMigration(AbstractSchemaMigrator.java:220)
	at org.hibernate.tool.schema.internal.AbstractSchemaMigrator.doMigration(AbstractSchemaMigrator.java:96)
	at org.hibernate.tool.schema.spi.SchemaManagementToolCoordinator.performDatabaseAction(SchemaManagementToolCoordinator.java:269)
	at org.hibernate.tool.schema.spi.SchemaManagementToolCoordinator.lambda$process$1(SchemaManagementToolCoordinator.java:101)
	at java.base/java.util.HashMap.forEach(HashMap.java:1429)
	at org.hibernate.tool.schema.spi.SchemaManagementToolCoordinator.process(SchemaManagementToolCoordinator.java:100)
	at org.hibernate.boot.internal.SessionFactoryObserverForSchemaExport.sessionFactoryCreated(SessionFactoryObserverForSchemaExport.java:35)
	at org.hibernate.internal.SessionFactoryObserverChain.sessionFactoryCreated(SessionFactoryObserverChain.java:33)
	at org.hibernate.internal.SessionFactoryImpl.<init>(SessionFactoryImpl.java:323)
	at org.hibernate.internal.SessionFactoryRegistry.instantiateSessionFactory(SessionFactoryRegistry.java:64)
	at org.hibernate.boot.internal.SessionFactoryBuilderImpl.build(SessionFactoryBuilderImpl.java:437)
	at org.hibernate.jpa.boot.internal.EntityManagerFactoryBuilderImpl.build(EntityManagerFactoryBuilderImpl.java:1456)
	at org.springframework.orm.jpa.vendor.SpringHibernateJpaPersistenceProvider.createContainerEntityManagerFactory(SpringHibernateJpaPersistenceProvider.java:93)
	at org.springframework.orm.jpa.LocalContainerEntityManagerFactoryBean.createNativeEntityManagerFactory(LocalContainerEntityManagerFactoryBean.java:443)
	at org.springframework.orm.jpa.AbstractEntityManagerFactoryBean.buildNativeEntityManagerFactory(AbstractEntityManagerFactoryBean.java:436)
	at org.springframework.orm.jpa.AbstractEntityManagerFactoryBean.afterPropertiesSet(AbstractEntityManagerFactoryBean.java:411)
	at org.springframework.orm.jpa.LocalContainerEntityManagerFactoryBean.afterPropertiesSet(LocalContainerEntityManagerFactoryBean.java:419)
	at org.springframework.beans.factory.support.AbstractAutowireCapableBeanFactory.invokeInitMethods(AbstractAutowireCapableBeanFactory.java:1864)
	at org.springframework.beans.factory.support.AbstractAutowireCapableBeanFactory.initializeBean(AbstractAutowireCapableBeanFactory.java:1813)
	at org.springframework.beans.factory.support.AbstractAutowireCapableBeanFactory.doCreateBean(AbstractAutowireCapableBeanFactory.java:603)
	at org.springframework.beans.factory.support.AbstractAutowireCapableBeanFactory.createBean(AbstractAutowireCapableBeanFactory.java:525)
	at org.springframework.beans.factory.support.AbstractBeanFactory.lambda$doGetBean$0(AbstractBeanFactory.java:333)
	at org.springframework.beans.factory.support.DefaultSingletonBeanRegistry.getSingleton(DefaultSingletonBeanRegistry.java:371)
	at org.springframework.beans.factory.support.AbstractBeanFactory.doGetBean(AbstractBeanFactory.java:331)
	at org.springframework.beans.factory.support.AbstractBeanFactory.getBean(AbstractBeanFactory.java:196)
	at org.springframework.beans.factory.support.BeanDefinitionValueResolver.resolveReference(BeanDefinitionValueResolver.java:365)
	at org.springframework.beans.factory.support.BeanDefinitionValueResolver.resolveValueIfNecessary(BeanDefinitionValueResolver.java:135)
	at org.springframework.beans.factory.support.ConstructorResolver.resolveConstructorArguments(ConstructorResolver.java:691)
	at org.springframework.beans.factory.support.ConstructorResolver.instantiateUsingFactoryMethod(ConstructorResolver.java:513)
	at org.springframework.beans.factory.support.AbstractAutowireCapableBeanFactory.instantiateUsingFactoryMethod(AbstractAutowireCapableBeanFactory.java:1362)
	at org.springframework.beans.factory.support.AbstractAutowireCapableBeanFactory.createBeanInstance(AbstractAutowireCapableBeanFactory.java:1194)
	at org.springframework.beans.factory.support.AbstractAutowireCapableBeanFactory.doCreateBean(AbstractAutowireCapableBeanFactory.java:565)
	at org.springframework.beans.factory.support.AbstractAutowireCapableBeanFactory.createBean(AbstractAutowireCapableBeanFactory.java:525)
	at org.springframework.beans.factory.support.AbstractBeanFactory.lambda$doGetBean$0(AbstractBeanFactory.java:333)
	at org.springframework.beans.factory.support.DefaultSingletonBeanRegistry.getSingleton(DefaultSingletonBeanRegistry.java:371)
	at org.springframework.beans.factory.support.AbstractBeanFactory.doGetBean(AbstractBeanFactory.java:331)
	at org.springframework.beans.factory.support.AbstractBeanFactory.getBean(AbstractBeanFactory.java:201)
	at org.springframework.beans.factory.support.BeanDefinitionValueResolver.resolveReference(BeanDefinitionValueResolver.java:356)
	at org.springframework.beans.factory.support.BeanDefinitionValueResolver.resolveValueIfNecessary(BeanDefinitionValueResolver.java:135)
	at org.springframework.beans.factory.support.AbstractAutowireCapableBeanFactory.applyPropertyValues(AbstractAutowireCapableBeanFactory.java:1712)
	at org.springframework.beans.factory.support.AbstractAutowireCapableBeanFactory.populateBean(AbstractAutowireCapableBeanFactory.java:1461)
	at org.springframework.beans.factory.support.AbstractAutowireCapableBeanFactory.doCreateBean(AbstractAutowireCapableBeanFactory.java:602)
	at org.springframework.beans.factory.support.AbstractAutowireCapableBeanFactory.createBean(AbstractAutowireCapableBeanFactory.java:525)
	at org.springframework.beans.factory.support.AbstractBeanFactory.lambda$doGetBean$0(AbstractBeanFactory.java:333)
	at org.springframework.beans.factory.support.DefaultSingletonBeanRegistry.getSingleton(DefaultSingletonBeanRegistry.java:371)
	at org.springframework.beans.factory.support.AbstractBeanFactory.doGetBean(AbstractBeanFactory.java:331)
	at org.springframework.beans.factory.support.AbstractBeanFactory.getBean(AbstractBeanFactory.java:201)
	at org.springframework.beans.factory.config.DependencyDescriptor.resolveCandidate(DependencyDescriptor.java:229)
	at org.springframework.beans.factory.support.DefaultListableBeanFactory.doResolveDependency(DefaultListableBeanFactory.java:1762)
	at org.springframework.beans.factory.support.DefaultListableBeanFactory.resolveDependency(DefaultListableBeanFactory.java:1651)
	at org.springframework.beans.factory.support.ConstructorResolver.resolveAutowiredArgument(ConstructorResolver.java:912)
	at org.springframework.beans.factory.support.ConstructorResolver.createArgumentArray(ConstructorResolver.java:791)
	at org.springframework.beans.factory.support.ConstructorResolver.autowireConstructor(ConstructorResolver.java:240)
	at org.springframework.beans.factory.support.AbstractAutowireCapableBeanFactory.autowireConstructor(AbstractAutowireCapableBeanFactory.java:1382)
	at org.springframework.beans.factory.support.AbstractAutowireCapableBeanFactory.createBeanInstance(AbstractAutowireCapableBeanFactory.java:1221)
	at org.springframework.beans.factory.support.AbstractAutowireCapableBeanFactory.doCreateBean(AbstractAutowireCapableBeanFactory.java:565)
	at org.springframework.beans.factory.support.AbstractAutowireCapableBeanFactory.createBean(AbstractAutowireCapableBeanFactory.java:525)
	at org.springframework.beans.factory.support.AbstractBeanFactory.lambda$doGetBean$0(AbstractBeanFactory.java:333)
	at org.springframework.beans.factory.support.DefaultSingletonBeanRegistry.getSingleton(DefaultSingletonBeanRegistry.java:371)
	at org.springframework.beans.factory.support.AbstractBeanFactory.doGetBean(AbstractBeanFactory.java:331)
	at org.springframework.beans.factory.support.AbstractBeanFactory.getBean(AbstractBeanFactory.java:196)
	at org.springframework.beans.factory.support.ConstructorResolver.instantiateUsingFactoryMethod(ConstructorResolver.java:413)
	at org.springframework.beans.factory.support.AbstractAutowireCapableBeanFactory.instantiateUsingFactoryMethod(AbstractAutowireCapableBeanFactory.java:1362)
	at org.springframework.beans.factory.support.AbstractAutowireCapableBeanFactory.createBeanInstance(AbstractAutowireCapableBeanFactory.java:1194)
	at org.springframework.beans.factory.support.AbstractAutowireCapableBeanFactory.doCreateBean(AbstractAutowireCapableBeanFactory.java:565)
	at org.springframework.beans.factory.support.AbstractAutowireCapableBeanFactory.createBean(AbstractAutowireCapableBeanFactory.java:525)
	at org.springframework.beans.factory.support.AbstractBeanFactory.lambda$doGetBean$0(AbstractBeanFactory.java:333)
	at org.springframework.beans.factory.support.DefaultSingletonBeanRegistry.getSingleton(DefaultSingletonBeanRegistry.java:371)
	at org.springframework.beans.factory.support.AbstractBeanFactory.doGetBean(AbstractBeanFactory.java:331)
	at org.springframework.beans.factory.support.AbstractBeanFactory.getBean(AbstractBeanFactory.java:201)
	at org.springframework.beans.factory.support.DefaultListableBeanFactory.resolveBean(DefaultListableBeanFactory.java:1225)
	at org.springframework.beans.factory.support.DefaultListableBeanFactory.doResolveDependency(DefaultListableBeanFactory.java:1704)
	at org.springframework.beans.factory.support.DefaultListableBeanFactory.resolveDependency(DefaultListableBeanFactory.java:1651)
	at org.springframework.beans.factory.support.ConstructorResolver.resolveAutowiredArgument(ConstructorResolver.java:912)
	at org.springframework.beans.factory.support.ConstructorResolver.createArgumentArray(ConstructorResolver.java:791)
	at org.springframework.beans.factory.support.ConstructorResolver.autowireConstructor(ConstructorResolver.java:240)
	at org.springframework.beans.factory.support.AbstractAutowireCapableBeanFactory.autowireConstructor(AbstractAutowireCapableBeanFactory.java:1382)
	at org.springframework.beans.factory.support.AbstractAutowireCapableBeanFactory.createBeanInstance(AbstractAutowireCapableBeanFactory.java:1221)
	at org.springframework.beans.factory.support.AbstractAutowireCapableBeanFactory.doCreateBean(AbstractAutowireCapableBeanFactory.java:565)
	at org.springframework.beans.factory.support.AbstractAutowireCapableBeanFactory.createBean(AbstractAutowireCapableBeanFactory.java:525)
	at org.springframework.beans.factory.support.AbstractBeanFactory.lambda$doGetBean$0(AbstractBeanFactory.java:333)
	at org.springframework.beans.factory.support.DefaultSingletonBeanRegistry.getSingleton(DefaultSingletonBeanRegistry.java:371)
	at org.springframework.beans.factory.support.AbstractBeanFactory.doGetBean(AbstractBeanFactory.java:331)
	at org.springframework.beans.factory.support.AbstractBeanFactory.getBean(AbstractBeanFactory.java:201)
	at org.springframework.boot.web.servlet.ServletContextInitializerBeans.getOrderedBeansOfType(ServletContextInitializerBeans.java:231)
	at org.springframework.boot.web.servlet.ServletContextInitializerBeans.addAsRegistrationBean(ServletContextInitializerBeans.java:185)
	at org.springframework.boot.web.servlet.ServletContextInitializerBeans.addAsRegistrationBean(ServletContextInitializerBeans.java:180)
	at org.springframework.boot.web.servlet.ServletContextInitializerBeans.addAdaptableBeans(ServletContextInitializerBeans.java:165)
	at org.springframework.boot.web.servlet.ServletContextInitializerBeans.<init>(ServletContextInitializerBeans.java:97)
	at org.springframework.boot.web.context.servlet.WebApplicationContextInitializer.initialize(WebApplicationContextInitializer.java:53)
	at org.springframework.boot.tomcat.servlet.DeferredServletContainerInitializers.onStartup(DeferredServletContainerInitializers.java:55)
	at org.apache.catalina.core.StandardContext.startInternal(StandardContext.java:4416)
	at org.apache.catalina.util.LifecycleBase.start(LifecycleBase.java:164)
	at org.apache.catalina.core.ContainerBase$StartChild.call(ContainerBase.java:1162)
	at org.apache.catalina.core.ContainerBase$StartChild.call(ContainerBase.java:1158)
	at java.base/java.util.concurrent.FutureTask.run(FutureTask.java:317)
	at org.apache.tomcat.util.threads.InlineExecutorService.execute(InlineExecutorService.java:81)
	at java.base/java.util.concurrent.AbstractExecutorService.submit(AbstractExecutorService.java:145)
	at org.apache.catalina.core.ContainerBase.startInternal(ContainerBase.java:714)
	at org.apache.catalina.core.StandardHost.startInternal(StandardHost.java:780)
	at org.apache.catalina.util.LifecycleBase.start(LifecycleBase.java:164)
	at org.apache.catalina.core.ContainerBase$StartChild.call(ContainerBase.java:1162)
	at org.apache.catalina.core.ContainerBase$StartChild.call(ContainerBase.java:1158)
	at java.base/java.util.concurrent.FutureTask.run(FutureTask.java:317)
	at org.apache.tomcat.util.threads.InlineExecutorService.execute(InlineExecutorService.java:81)
	at java.base/java.util.concurrent.AbstractExecutorService.submit(AbstractExecutorService.java:145)
	at org.apache.catalina.core.ContainerBase.startInternal(ContainerBase.java:714)
	at org.apache.catalina.core.StandardEngine.startInternal(StandardEngine.java:201)
	at org.apache.catalina.util.LifecycleBase.start(LifecycleBase.java:164)
	at org.apache.catalina.core.StandardService.startInternal(StandardService.java:410)
	at org.apache.catalina.util.LifecycleBase.start(LifecycleBase.java:164)
	at org.apache.catalina.core.StandardServer.startInternal(StandardServer.java:864)
	at org.apache.catalina.util.LifecycleBase.start(LifecycleBase.java:164)
	at org.apache.catalina.startup.Tomcat.start(Tomcat.java:435)
	at org.springframework.boot.tomcat.TomcatWebServer.initialize(TomcatWebServer.java:131)
	at org.springframework.boot.tomcat.TomcatWebServer.<init>(TomcatWebServer.java:110)
	at org.springframework.boot.tomcat.servlet.TomcatServletWebServerFactory.getTomcatWebServer(TomcatServletWebServerFactory.java:408)
	at org.springframework.boot.tomcat.servlet.TomcatServletWebServerFactory.getWebServer(TomcatServletWebServerFactory.java:166)
	at org.springframework.boot.web.server.servlet.context.ServletWebServerApplicationContext.createWebServer(ServletWebServerApplicationContext.java:190)
	at org.springframework.boot.web.server.servlet.context.ServletWebServerApplicationContext.onRefresh(ServletWebServerApplicationContext.java:164)
	at org.springframework.context.support.AbstractApplicationContext.refresh(AbstractApplicationContext.java:615)
	at org.springframework.boot.web.server.servlet.context.ServletWebServerApplicationContext.refresh(ServletWebServerApplicationContext.java:143)
	at org.springframework.boot.SpringApplication.refresh(SpringApplication.java:756)
	at org.springframework.boot.SpringApplication.refreshContext(SpringApplication.java:445)
	at org.springframework.boot.SpringApplication.run(SpringApplication.java:321)
	at org.springframework.boot.SpringApplication.run(SpringApplication.java:1365)
	at org.springframework.boot.SpringApplication.run(SpringApplication.java:1354)
	at com.HospitalManagement.HospitalManagementApplication.main(HospitalManagementApplication.java:10)
	at java.base/jdk.internal.reflect.DirectMethodHandleAccessor.invoke(DirectMethodHandleAccessor.java:103)
	at java.base/java.lang.reflect.Method.invoke(Method.java:580)
	at org.springframework.boot.devtools.restart.RestartLauncher.run(RestartLauncher.java:52)
Caused by: com.mysql.cj.jdbc.exceptions.MysqlDataTruncation: Data truncation: Incorrect datetime value: '0000-00-00 00:00:00' for column 'updated_at' at row 1
	at com.mysql.cj.jdbc.exceptions.SQLExceptionsMapping.translateException(SQLExceptionsMapping.java:96)
	at com.mysql.cj.jdbc.StatementImpl.executeInternal(StatementImpl.java:839)
	at com.mysql.cj.jdbc.StatementImpl.execute(StatementImpl.java:687)
	at com.zaxxer.hikari.pool.ProxyStatement.execute(ProxyStatement.java:95)
	at com.zaxxer.hikari.pool.HikariProxyStatement.execute(HikariProxyStatement.java)
	at org.hibernate.tool.schema.internal.exec.GenerationTargetToDatabase.accept(GenerationTargetToDatabase.java:76)
	... 135 common frames omitted
2026-05-06 15:22:22.424 [restartedMain] DEBUG c.H.config.AuthenticationFilter - Filter 'authenticationFilter' configured for use
2026-05-06 15:22:22.576 [restartedMain] INFO  o.s.s.c.a.a.c.InitializeAuthenticationProviderBeanManagerConfigurer$InitializeAuthenticationProviderManagerConfigurer - Global AuthenticationManager configured with AuthenticationProvider bean with name authenticationProvider
2026-05-06 15:22:22.577 [restartedMain] WARN  o.s.s.c.a.a.c.InitializeUserDetailsBeanManagerConfigurer$InitializeUserDetailsManagerConfigurer - Global AuthenticationManager configured with an AuthenticationProvider bean. UserDetailsService beans will not be used by Spring Security for automatically configuring username/password login. Consider removing the AuthenticationProvider bean. Alternatively, consider using the UserDetailsService in a manually instantiated DaoAuthenticationProvider. If the current configuration is intentional, to turn off this warning, increase the logging level of 'org.springframework.security.config.annotation.authentication.configuration.InitializeUserDetailsBeanManagerConfigurer' to ERROR
2026-05-06 15:22:22.978 [restartedMain] WARN  o.s.b.j.a.JpaBaseConfiguration$JpaWebConfiguration - spring.jpa.open-in-view is enabled by default. Therefore, database queries may be performed during view rendering. Explicitly configure spring.jpa.open-in-view to disable this warning
2026-05-06 15:22:23.293 [restartedMain] WARN  o.s.w.s.m.m.a.RequestMappingHandlerMapping - Multiple @RequestMapping annotations found on public com.HospitalManagement.responsedto.LabOrderResponseDto com.HospitalManagement.controller.LabController.cancelOrder(java.lang.Long), but only the first will be used: [@org.springframework.web.bind.annotation.DeleteMapping(consumes={}, headers={}, name="", params={}, path={"/orders/{labOrderId}"}, produces={}, value={"/orders/{labOrderId}"}, version=""), @org.springframework.web.bind.annotation.PatchMapping(consumes={}, headers={}, name="", params={}, path={"/lab-orders/{labOrderId}/cancel"}, produces={}, value={"/lab-orders/{labOrderId}/cancel"}, version="")]
2026-05-06 15:22:23.782 [restartedMain] INFO  o.a.coyote.http11.Http11NioProtocol - Starting ProtocolHandler ["http-nio-8081"]
2026-05-06 15:22:23.839 [restartedMain] INFO  c.H.HospitalManagementApplication - Started HospitalManagementApplication in 7.607 seconds (process running for 8.584)
2026-05-06 15:22:23.891 [restartedMain] WARN  o.s.c.events.SpringDocAppInitializer - SpringDoc /v3/api-docs endpoint is enabled by default. To disable it in production, set the property 'springdoc.api-docs.enabled=false'
2026-05-06 15:22:23.891 [restartedMain] WARN  o.s.c.events.SpringDocAppInitializer - SpringDoc /swagger-ui.html endpoint is enabled by default. To disable it in production, set the property 'springdoc.swagger-ui.enabled=false'
2026-05-06 15:26:16.169 [SpringApplicationShutdownHook] INFO  com.zaxxer.hikari.HikariDataSource - HikariPool-1 - Shutdown initiated...
2026-05-06 15:26:16.179 [SpringApplicationShutdownHook] INFO  com.zaxxer.hikari.HikariDataSource - HikariPool-1 - Shutdown completed.
2026-05-06 15:26:19.704 [restartedMain] INFO  c.H.HospitalManagementApplication - Starting HospitalManagementApplication using Java 21 with PID 16932 (C:\Users\2492206\Downloads\HospitalManagement-Git\target\classes started by 2492206 in C:\Users\2492206\Downloads\HospitalManagement-Git)
2026-05-06 15:26:19.706 [restartedMain] DEBUG c.H.HospitalManagementApplication - Running with Spring Boot v4.0.5, Spring v7.0.6
2026-05-06 15:26:19.707 [restartedMain] INFO  c.H.HospitalManagementApplication - No active profile set, falling back to 1 default profile: "default"
2026-05-06 15:26:21.638 [restartedMain] INFO  o.a.coyote.http11.Http11NioProtocol - Initializing ProtocolHandler ["http-nio-8081"]
2026-05-06 15:26:21.641 [restartedMain] INFO  o.a.catalina.core.StandardService - Starting service [Tomcat]
2026-05-06 15:26:21.641 [restartedMain] INFO  o.a.catalina.core.StandardEngine - Starting Servlet engine: [Apache Tomcat/11.0.20]
2026-05-06 15:26:21.827 [restartedMain] INFO  com.zaxxer.hikari.HikariDataSource - HikariPool-1 - Starting...
2026-05-06 15:26:22.115 [restartedMain] INFO  com.zaxxer.hikari.pool.HikariPool - HikariPool-1 - Added connection com.mysql.cj.jdbc.ConnectionImpl@73bebc5f
2026-05-06 15:26:22.117 [restartedMain] INFO  com.zaxxer.hikari.HikariDataSource - HikariPool-1 - Start completed.
2026-05-06 15:26:22.836 [restartedMain] WARN  org.hibernate.orm.deprecation - HHH90000025: MySQLDialect does not need to be specified explicitly using 'hibernate.dialect' (remove the property setting and it will be selected by default)
2026-05-06 15:26:23.969 [restartedMain] DEBUG org.hibernate.SQL - create table appointments (appt_id bigint not null auto_increment, created_at datetime(6), department varchar(255), end_at datetime(6), service_type varchar(255), start_at datetime(6), status enum ('CANCELLED','CHECKED_IN','COMPLETED','NO_SHOW','SCHEDULED') not null, clinician_id bigint not null, created_by bigint not null, patient_id bigint not null, primary key (appt_id)) engine=InnoDB
2026-05-06 15:26:24.030 [restartedMain] DEBUG org.hibernate.SQL - create table dispense_record (dispense_id bigint not null auto_increment, dispensed_at datetime(6), notes varchar(255), quantity integer, status enum ('DISPENSED','PARTIALLY_RETURNED','RETURNED') not null, dispensed_by_fk bigint, inventory_id bigint, patient_id bigint not null, rx_id bigint not null, primary key (dispense_id)) engine=InnoDB
2026-05-06 15:26:24.076 [restartedMain] DEBUG org.hibernate.SQL - create table encounters (encounter_id bigint not null auto_increment, chief_complaint varchar(255), diagnoses_json json, end_at datetime(6), notes_json json, orders_json json, prescriptions_json json, signed_at datetime(6), start_at datetime(6), status enum ('CANCELLED','COMPLETED','IN_PROGRESS') not null, visit_type varchar(255), vitals_json json, clinician_id bigint not null, patient_id bigint not null, signed_by bigint, primary key (encounter_id)) engine=InnoDB
2026-05-06 15:26:24.123 [restartedMain] DEBUG org.hibernate.SQL - create table inventory_item (inventory_id bigint not null auto_increment, batch_number varchar(255), cost_price float(53), expiry_date date, location varchar(255), quantity integer, status enum ('EXPIRED','IN_STOCK','LOW_STOCK','OUT_OF_STOCK') not null, unit varchar(255), med_id bigint not null, primary key (inventory_id)) engine=InnoDB
2026-05-06 15:26:24.152 [restartedMain] DEBUG org.hibernate.SQL - create table invoice (invoice_id bigint not null auto_increment, discounts float(53), due_date datetime(6), issued_at datetime(6), line_items_json json, status tinyint check ((status between 0 and 2)), subtotal float(53), taxes float(53), total_amount float(53), encounter_id bigint, patient_id bigint not null, primary key (invoice_id)) engine=InnoDB
2026-05-06 15:26:24.188 [restartedMain] DEBUG org.hibernate.SQL - create table lab_order (lab_order_id bigint not null auto_increment, collected_at datetime(6), result_uri varchar(255), sample_id varchar(255), status enum ('CANCELLED','COLLECTED','CRITICAL_REPORTED','ORDERED','RESULTS_REPORTED') not null, tests_json json, encounter_id bigint, ordered_by_fk bigint, patient_id bigint not null, primary key (lab_order_id)) engine=InnoDB
2026-05-06 15:26:24.218 [restartedMain] DEBUG org.hibernate.SQL - create table lab_result (result_id bigint not null auto_increment, flag enum ('CRITICAL','HIGH','LOW','NORMAL') not null, reference_range_json json, reported_at datetime(6), test_code varchar(255), units varchar(255), value varchar(255), lab_order_id bigint not null, reported_by bigint, primary key (result_id)) engine=InnoDB
2026-05-06 15:26:24.253 [restartedMain] DEBUG org.hibernate.SQL - create table medication_master (med_id bigint not null auto_increment, atc_code varchar(255), code varchar(255) not null, controlled_flag bit, formulation varchar(255), name varchar(255) not null, status enum ('ACTIVE','INACTIVE') not null, strength varchar(255), primary key (med_id)) engine=InnoDB
2026-05-06 15:26:24.283 [restartedMain] DEBUG org.hibernate.SQL - create table patients (patient_id bigint not null auto_increment, address_json json not null, contact_info_json json not null, created_at datetime(6) not null, dob date not null, gender varchar(30) not null, insurance_id varchar(100), mrn varchar(50) not null, name varchar(150) not null, primary_contact varchar(150) not null, status varchar(30) not null, updated_at datetime(6) not null, version bigint not null, primary key (patient_id)) engine=InnoDB
2026-05-06 15:26:24.311 [restartedMain] DEBUG org.hibernate.SQL - create table payment (payment_id bigint not null auto_increment, amount float(53), method varchar(255), paid_at datetime(6), status varchar(255), invoice_id bigint not null, patient_id bigint not null, primary key (payment_id)) engine=InnoDB
2026-05-06 15:26:24.340 [restartedMain] DEBUG org.hibernate.SQL - create table prescriptions (rx_id bigint not null auto_increment, dosage varchar(255), duration_days integer, frequency varchar(255), issued_at datetime(6), notes varchar(255), quantity integer, repeats integer, route varchar(255), status enum ('CANCELLED','DISPENSED','DRAFT','ISSUED') not null, clinician_id bigint not null, encounter_id bigint not null, med_id bigint not null, patient_id bigint not null, primary key (rx_id)) engine=InnoDB
2026-05-06 15:26:24.399 [restartedMain] DEBUG org.hibernate.SQL - create table problem_list (problem_id bigint not null auto_increment, code varchar(255), created_at datetime(6), description varchar(255), onset_date date, status varchar(255), patient_id bigint not null, primary key (problem_id)) engine=InnoDB
2026-05-06 15:26:24.444 [restartedMain] DEBUG org.hibernate.SQL - create table report (report_id bigint not null auto_increment, generated_at datetime(6), metrics_json json, parameters_json json, report_uri varchar(255), scope varchar(255), generated_by_fk bigint, primary key (report_id)) engine=InnoDB
2026-05-06 15:26:24.497 [restartedMain] DEBUG org.hibernate.SQL - create table task (task_id bigint not null auto_increment, completed_at datetime(6), created_at datetime(6), description varchar(255), due_date datetime(6), priority varchar(255), related_entity_id varchar(255), status varchar(255), assigned_to_fk bigint not null, primary key (task_id)) engine=InnoDB
2026-05-06 15:26:24.546 [restartedMain] DEBUG org.hibernate.SQL - create table users (user_id bigint not null auto_increment, created_at datetime(6), email varchar(255) not null, name varchar(255), password varchar(255) not null, phone varchar(255) not null, role enum ('ADMIN','CLINICIAN','CLINIC_MANAGER','COMPLIANCE_OFFICER','FINANCE_OFFICER','LAB_TECHNICIAN','PATIENT','PHARMACIST','RECEPTION'), status varchar(255), updated_at datetime(6), primary key (user_id)) engine=InnoDB
2026-05-06 15:26:24.577 [restartedMain] DEBUG org.hibernate.SQL - alter table medication_master drop index UKsuf598rqm3xd0n3prdvrfcsg1
2026-05-06 15:26:25.014 [restartedMain] DEBUG org.hibernate.SQL - alter table medication_master add constraint UKsuf598rqm3xd0n3prdvrfcsg1 unique (code)
2026-05-06 15:26:25.106 [restartedMain] DEBUG org.hibernate.SQL - create index idx_patients_mrn on patients (mrn)
2026-05-06 15:26:25.144 [restartedMain] DEBUG org.hibernate.SQL - create index idx_patients_name_dob on patients (name, dob)
2026-05-06 15:26:25.190 [restartedMain] DEBUG org.hibernate.SQL - create index idx_patients_primary_contact on patients (primary_contact)
2026-05-06 15:26:25.211 [restartedMain] DEBUG org.hibernate.SQL - create index idx_patients_status on patients (status)
2026-05-06 15:26:25.235 [restartedMain] DEBUG org.hibernate.SQL - alter table patients drop index UKa8hrptt011ep19dudrbxvqe6m
2026-05-06 15:26:25.238 [restartedMain] DEBUG org.hibernate.SQL - alter table patients add constraint UKa8hrptt011ep19dudrbxvqe6m unique (mrn)
2026-05-06 15:26:25.262 [restartedMain] DEBUG org.hibernate.SQL - alter table users drop index UK6dotkott2kjsp8vw4d0m25fb7
2026-05-06 15:26:25.266 [restartedMain] DEBUG org.hibernate.SQL - alter table users add constraint UK6dotkott2kjsp8vw4d0m25fb7 unique (email)
2026-05-06 15:26:25.288 [restartedMain] DEBUG org.hibernate.SQL - alter table users drop index UKdu5v5sr43g5bfnji4vb8hg5s3
2026-05-06 15:26:25.290 [restartedMain] DEBUG org.hibernate.SQL - alter table users add constraint UKdu5v5sr43g5bfnji4vb8hg5s3 unique (phone)
2026-05-06 15:26:25.314 [restartedMain] DEBUG org.hibernate.SQL - alter table appointments add constraint FKjnqpxuwtxh0ls8h45wfiglnux foreign key (clinician_id) references users (user_id)
2026-05-06 15:26:25.399 [restartedMain] DEBUG org.hibernate.SQL - alter table appointments add constraint FKawwine5golv8dq2ltn2ih1kpj foreign key (created_by) references users (user_id)
2026-05-06 15:26:25.495 [restartedMain] DEBUG org.hibernate.SQL - alter table appointments add constraint FK8exap5wmg8kmb1g1rx3by21yt foreign key (patient_id) references patients (patient_id)
2026-05-06 15:26:25.598 [restartedMain] DEBUG org.hibernate.SQL - alter table dispense_record add constraint FK7p4odapofm7qg3pvh7kpqtrfp foreign key (dispensed_by_fk) references users (user_id)
2026-05-06 15:26:25.679 [restartedMain] DEBUG org.hibernate.SQL - alter table dispense_record add constraint FKph6pklx4j0ad96y6capk52or7 foreign key (inventory_id) references inventory_item (inventory_id)
2026-05-06 15:26:25.776 [restartedMain] DEBUG org.hibernate.SQL - alter table dispense_record add constraint FKe9m31k23bwty3maps9ud556mb foreign key (patient_id) references patients (patient_id)
2026-05-06 15:26:25.869 [restartedMain] DEBUG org.hibernate.SQL - alter table dispense_record add constraint FKrjhk7jolbq82k9nld20h0o8a foreign key (rx_id) references prescriptions (rx_id)
2026-05-06 15:26:25.972 [restartedMain] DEBUG org.hibernate.SQL - alter table encounters add constraint FKfgqg2o665aopx7ixjlnmvu06g foreign key (clinician_id) references users (user_id)
2026-05-06 15:26:26.067 [restartedMain] DEBUG org.hibernate.SQL - alter table encounters add constraint FKayk66ui4qce1mg069e4qfykg7 foreign key (patient_id) references patients (patient_id)
2026-05-06 15:26:26.208 [restartedMain] DEBUG org.hibernate.SQL - alter table encounters add constraint FKmr8fbme9tw1ebhmw3p0kpd6gd foreign key (signed_by) references users (user_id)
2026-05-06 15:26:26.310 [restartedMain] DEBUG org.hibernate.SQL - alter table inventory_item add constraint FKeg1vca2j5en64653j8kx9tfvp foreign key (med_id) references medication_master (med_id)
2026-05-06 15:26:26.392 [restartedMain] DEBUG org.hibernate.SQL - alter table invoice add constraint FKie1emixtypfndprsfo4ylr8v4 foreign key (encounter_id) references encounters (encounter_id)
2026-05-06 15:26:26.477 [restartedMain] DEBUG org.hibernate.SQL - alter table invoice add constraint FKlabke9o3jkxks913ts0nm10w6 foreign key (patient_id) references patients (patient_id)
2026-05-06 15:26:26.571 [restartedMain] DEBUG org.hibernate.SQL - alter table lab_order add constraint FKe5khql0jpr8bsto52rnldptx0 foreign key (encounter_id) references encounters (encounter_id)
2026-05-06 15:26:26.648 [restartedMain] DEBUG org.hibernate.SQL - alter table lab_order add constraint FKrbuvlmpgc6ytg355fp38wij1x foreign key (ordered_by_fk) references users (user_id)
2026-05-06 15:26:26.734 [restartedMain] DEBUG org.hibernate.SQL - alter table lab_order add constraint FKgpy6nb3klp6y1hi8v8tg9o10n foreign key (patient_id) references patients (patient_id)
2026-05-06 15:26:26.832 [restartedMain] DEBUG org.hibernate.SQL - alter table lab_result add constraint FK2h3vxksasx9uyvy4hl8o71o8 foreign key (lab_order_id) references lab_order (lab_order_id)
2026-05-06 15:26:26.916 [restartedMain] DEBUG org.hibernate.SQL - alter table lab_result add constraint FKgesu7bmc1m8u0fi8yaj30fw83 foreign key (reported_by) references users (user_id)
2026-05-06 15:26:27.012 [restartedMain] DEBUG org.hibernate.SQL - alter table payment add constraint FKsb24p8f52refbb80qwp4gem9n foreign key (invoice_id) references invoice (invoice_id)
2026-05-06 15:26:27.103 [restartedMain] DEBUG org.hibernate.SQL - alter table payment add constraint FK62whe2g62h9b6irlr8mde8oor foreign key (patient_id) references patients (patient_id)
2026-05-06 15:26:27.192 [restartedMain] DEBUG org.hibernate.SQL - alter table prescriptions add constraint FKixpdq2xcswfd0gxgrsi6brqsk foreign key (clinician_id) references users (user_id)
2026-05-06 15:26:27.281 [restartedMain] DEBUG org.hibernate.SQL - alter table prescriptions add constraint FK5brauc91c7omvqhemvtly1sop foreign key (encounter_id) references encounters (encounter_id)
2026-05-06 15:26:27.384 [restartedMain] DEBUG org.hibernate.SQL - alter table prescriptions add constraint FK918f5sqdmc57vimf4qut87q7x foreign key (med_id) references medication_master (med_id)
2026-05-06 15:26:27.480 [restartedMain] DEBUG org.hibernate.SQL - alter table prescriptions add constraint FKqydyol76jn1o37k1bdbkjgq74 foreign key (patient_id) references patients (patient_id)
2026-05-06 15:26:27.582 [restartedMain] DEBUG org.hibernate.SQL - alter table problem_list add constraint FKllynl1yuxmnk0vrqb7cc4i0rw foreign key (patient_id) references patients (patient_id)
2026-05-06 15:26:27.672 [restartedMain] DEBUG org.hibernate.SQL - alter table report add constraint FK7vntqh4btqpihalxiyr8q0349 foreign key (generated_by_fk) references users (user_id)
2026-05-06 15:26:27.755 [restartedMain] DEBUG org.hibernate.SQL - alter table task add constraint FK7biw9t4o0rug3ssud8cchh3u0 foreign key (assigned_to_fk) references users (user_id)
2026-05-06 15:26:28.104 [restartedMain] DEBUG c.H.config.AuthenticationFilter - Filter 'authenticationFilter' configured for use
2026-05-06 15:26:28.246 [restartedMain] INFO  o.s.s.c.a.a.c.InitializeAuthenticationProviderBeanManagerConfigurer$InitializeAuthenticationProviderManagerConfigurer - Global AuthenticationManager configured with AuthenticationProvider bean with name authenticationProvider
2026-05-06 15:26:28.246 [restartedMain] WARN  o.s.s.c.a.a.c.InitializeUserDetailsBeanManagerConfigurer$InitializeUserDetailsManagerConfigurer - Global AuthenticationManager configured with an AuthenticationProvider bean. UserDetailsService beans will not be used by Spring Security for automatically configuring username/password login. Consider removing the AuthenticationProvider bean. Alternatively, consider using the UserDetailsService in a manually instantiated DaoAuthenticationProvider. If the current configuration is intentional, to turn off this warning, increase the logging level of 'org.springframework.security.config.annotation.authentication.configuration.InitializeUserDetailsBeanManagerConfigurer' to ERROR
2026-05-06 15:26:28.602 [restartedMain] WARN  o.s.b.j.a.JpaBaseConfiguration$JpaWebConfiguration - spring.jpa.open-in-view is enabled by default. Therefore, database queries may be performed during view rendering. Explicitly configure spring.jpa.open-in-view to disable this warning
2026-05-06 15:26:28.992 [restartedMain] WARN  o.s.w.s.m.m.a.RequestMappingHandlerMapping - Multiple @RequestMapping annotations found on public com.HospitalManagement.responsedto.LabOrderResponseDto com.HospitalManagement.controller.LabController.cancelOrder(java.lang.Long), but only the first will be used: [@org.springframework.web.bind.annotation.DeleteMapping(consumes={}, headers={}, name="", params={}, path={"/orders/{labOrderId}"}, produces={}, value={"/orders/{labOrderId}"}, version=""), @org.springframework.web.bind.annotation.PatchMapping(consumes={}, headers={}, name="", params={}, path={"/lab-orders/{labOrderId}/cancel"}, produces={}, value={"/lab-orders/{labOrderId}/cancel"}, version="")]
2026-05-06 15:26:29.512 [restartedMain] INFO  o.a.coyote.http11.Http11NioProtocol - Starting ProtocolHandler ["http-nio-8081"]
2026-05-06 15:26:29.538 [restartedMain] INFO  c.H.HospitalManagementApplication - Started HospitalManagementApplication in 10.226 seconds (process running for 11.046)
2026-05-06 15:26:29.592 [restartedMain] WARN  o.s.c.events.SpringDocAppInitializer - SpringDoc /v3/api-docs endpoint is enabled by default. To disable it in production, set the property 'springdoc.api-docs.enabled=false'
2026-05-06 15:26:29.592 [restartedMain] WARN  o.s.c.events.SpringDocAppInitializer - SpringDoc /swagger-ui.html endpoint is enabled by default. To disable it in production, set the property 'springdoc.swagger-ui.enabled=false'
2026-05-06 15:26:35.731 [http-nio-8081-exec-1] INFO  o.a.c.c.C.[Tomcat].[localhost].[/] - Initializing Spring DispatcherServlet 'dispatcherServlet'
2026-05-06 15:26:35.731 [http-nio-8081-exec-1] INFO  o.s.web.servlet.DispatcherServlet - Initializing Servlet 'dispatcherServlet'
2026-05-06 15:26:35.731 [http-nio-8081-exec-1] INFO  o.s.web.servlet.DispatcherServlet - Completed initialization in 0 ms
2026-05-06 15:26:37.279 [http-nio-8081-exec-9] INFO  o.s.api.AbstractOpenApiResource - Init duration for springdoc-openapi is: 1007 ms
2026-05-06 16:01:15.872 [HikariPool-1:housekeeper] WARN  com.zaxxer.hikari.pool.HikariPool - HikariPool-1 - Thread starvation or clock leap detected (housekeeper delta=3m53s113ms55µs699ns).
2026-05-06 18:29:29.658 [HikariPool-1:housekeeper] WARN  com.zaxxer.hikari.pool.HikariPool - HikariPool-1 - Thread starvation or clock leap detected (housekeeper delta=10m41s585ms343µs500ns).
2026-05-06 20:21:35.053 [HikariPool-1:housekeeper] WARN  com.zaxxer.hikari.pool.HikariPool - HikariPool-1 - Thread starvation or clock leap detected (housekeeper delta=1h52m5s394ms766µs).
2026-05-06 21:44:14.948 [HikariPool-1:housekeeper] WARN  com.zaxxer.hikari.pool.HikariPool - HikariPool-1 - Thread starvation or clock leap detected (housekeeper delta=8m8s704ms795µs299ns).
2026-05-06 22:35:01.575 [HikariPool-1:housekeeper] WARN  com.zaxxer.hikari.pool.HikariPool - HikariPool-1 - Thread starvation or clock leap detected (housekeeper delta=34m46s327ms768µs500ns).
